,mean,median,year,week
2001-01-05,0.3798899,0.5,2001,1
2001-01-13,0.48267886,0.58,2001,2
2001-01-21,0.51625854,0.59,2001,3
2001-01-29,0.43442145,0.5,2001,5
2001-02-06,0.49480513,0.54,2001,6
2001-02-14,0.3960239,0.42,2001,7
2001-02-22,0.41197687,0.43,2001,8
2001-03-02,0.5146345,0.53,2001,9
2001-03-10,0.51260364,0.53,2001,10
2001-03-18,0.5478249,0.58,2001,11
2001-03-26,0.55654705,0.58,2001,13
2001-04-03,0.68259525,0.72,2001,14
2001-04-11,0.6900155,0.73,2001,15
2001-04-19,0.7325158,0.76,2001,16
2001-04-27,0.3790182,0.38,2001,17
2001-05-05,0.3686469,0.38,2001,18
2001-05-13,0.44970468,0.46,2001,19
2001-05-21,0.46195677,0.46,2001,21
2001-05-29,0.27757296,0.28,2001,22
2001-06-06,0.5220995,0.53,2001,23
2001-06-14,0.5470821,0.56,2001,24
2001-06-22,0.0,0.0,2001,25
2001-06-30,0.57827055,0.59,2001,26
2001-07-08,0.44598484,0.44,2001,27
2001-07-16,0.49182418,0.49,2001,29
2001-07-24,0.54180235,0.54,2001,30
2001-08-01,0.43841368,0.44,2001,31
2001-08-09,0.45511022,0.46,2001,32
2001-08-17,0.40356413,0.39,2001,33
2001-08-25,0.34498942,0.33,2001,34
2001-09-02,0.46565342,0.46,2001,35
2001-09-10,0.57077473,0.57,2001,37
2001-09-18,0.655779,0.66,2001,38
2001-09-26,0.5232295,0.53,2001,39
2001-10-04,0.46028095,0.46,2001,40
2001-10-12,0.3208072,0.31,2001,41
2001-10-20,0.30567172,0.3,2001,42
2001-10-28,0.40122247,0.4,2001,43
2001-11-05,0.5031594,0.51,2001,45
2001-11-13,0.63440454,0.64,2001,46
2001-11-21,0.58208674,0.6,2001,47
2001-11-29,0.4206921,0.42,2001,48
2001-12-07,0.43244898,0.43,2001,49
2001-12-15,0.49649847,0.52,2001,50
2001-12-23,0.24309804,0.27,2001,51
2001-12-31,0.17041016,0.0,2001,1
2002-01-08,0.21765172,0.0,2002,2
2002-01-16,0.21421695,0.24,2002,3
2002-01-24,0.28693584,0.33,2002,4
2002-02-01,0.111701325,0.1,2002,5
2002-02-09,0.119877785,0.1,2002,6
2002-02-17,0.1757328,0.17,2002,7
2002-02-25,0.3559401,0.35,2002,9
2002-03-05,0.277604,0.28,2002,10
2002-03-13,0.2284312,0.23,2002,11
2002-03-21,0.4058368,0.41,2002,12
2002-03-29,0.38030034,0.39,2002,13
2002-04-06,0.35982203,0.36,2002,14
2002-04-14,0.5926909,0.61,2002,15
2002-04-22,0.5313356,0.55,2002,17
2002-04-30,0.4462304,0.45,2002,18
2002-05-08,0.5331906,0.55,2002,19
2002-05-16,0.45487013,0.47,2002,20
2002-05-24,0.40297186,0.42,2002,21
2002-06-01,0.59460926,0.62,2002,22
2002-06-09,0.60719013,0.62,2002,23
2002-06-17,0.49196196,0.51,2002,25
2002-06-25,0.28103727,0.28,2002,26
2002-07-03,0.6067643,0.62,2002,27
2002-07-11,0.48437852,0.48,2002,28
2002-07-19,0.49161553,0.49,2002,29
2002-07-27,0.7668424,0.8,2002,30
2002-08-04,0.77999455,0.82,2002,31
2002-08-12,0.83615786,0.88,2002,33
2002-08-20,0.67196095,0.72,2002,34
2002-08-28,0.809752,0.86,2002,35
2002-09-05,0.8379775,0.89,2002,36
2002-09-13,0.80401844,0.86,2002,37
2002-09-21,0.65853375,0.69,2002,38
2002-09-29,0.7980816,0.83,2002,39
2002-10-07,0.6994506,0.73,2002,41
2002-10-15,0.63022816,0.65,2002,42
2002-10-23,0.49090588,0.5,2002,43
2002-10-31,0.44624734,0.45,2002,44
2002-11-08,0.6166304,0.64,2002,45
2002-11-16,0.5722838,0.58,2002,46
2002-11-24,0.30914554,0.31,2002,47
2002-12-02,0.41743636,0.43,2002,49
2002-12-10,0.48658714,0.5,2002,50
2002-12-18,0.38948,0.4,2002,51
2002-12-26,0.37322074,0.41,2002,52
2003-01-03,0.28124395,0.33,2003,1
2003-01-11,0.43835118,0.6,2003,2
2003-01-19,0.5088555,0.54,2003,3
2003-01-27,0.38137856,0.39,2003,5
2003-02-04,0.4432295,0.45,2003,6
2003-02-12,0.47184223,0.48,2003,7
2003-02-20,0.35240182,0.35,2003,8
2003-02-28,0.29927263,0.3,2003,9
2003-03-08,0.2967577,0.29,2003,10
2003-03-16,0.39239123,0.38,2003,11
2003-03-24,0.2664246,0.25,2003,13
2003-04-01,0.4657124,0.46,2003,14
2003-04-09,0.5803266,0.58,2003,15
2003-04-17,0.4146306,0.41,2003,16
2003-04-25,0.34266153,0.34,2003,17
2003-05-03,0.19410738,0.18,2003,18
2003-05-11,0.29277235,0.29,2003,19
2003-05-19,0.36036348,0.36,2003,21
2003-05-27,0.303646,0.31,2003,22
2003-06-04,0.2580416,0.26,2003,23
2003-06-12,0.18658125,0.17,2003,24
2003-06-20,0.26952508,0.26,2003,25
2003-06-28,0.37519953,0.36,2003,26
2003-07-06,0.4189167,0.4,2003,27
2003-07-14,0.3387923,0.33,2003,29
2003-07-22,0.25301346,0.23,2003,30
2003-07-30,0.32236156,0.31,2003,31
2003-08-07,0.14681551,0.13,2003,32
2003-08-15,0.17544611,0.16,2003,33
2003-08-23,0.21007836,0.2,2003,34
2003-08-31,0.3384504,0.33,2003,35
2003-09-08,0.4162698,0.41,2003,37
2003-09-16,0.21592422,0.19,2003,38
2003-09-24,0.19730945,0.17,2003,39
2003-10-02,0.45929253,0.46,2003,40
2003-10-10,0.34756258,0.33,2003,41
2003-10-18,0.519814,0.52,2003,42
2003-10-26,0.65146065,0.65,2003,43
2003-11-03,0.4562859,0.45,2003,45
2003-11-11,0.42440814,0.42,2003,46
2003-11-19,0.2889517,0.28,2003,47
2003-11-27,0.3379462,0.34,2003,48
2003-12-05,0.43515813,0.44,2003,49
2003-12-13,0.28858197,0.28,2003,50
2003-12-21,0.38897625,0.41,2003,51
2003-12-29,0.012741726,0.0,2003,1
2004-01-06,0.42819065,0.46,2004,2
2004-01-14,0.40232322,0.43,2004,3
2004-01-22,0.5053636,0.51,2004,4
2004-01-30,0.48356703,0.49,2004,5
2004-02-07,0.2180977,0.21,2004,6
2004-02-15,0.30549613,0.3,2004,7
2004-02-23,0.5018226,0.52,2004,9
2004-03-02,0.5440897,0.56,2004,10
2004-03-10,0.5775103,0.59,2004,11
2004-03-18,0.32004246,0.31,2004,12
2004-03-26,0.5270204,0.53,2004,13
2004-04-03,0.5182531,0.52,2004,14
2004-04-11,0.65269625,0.68,2004,15
2004-04-19,0.5376714,0.54,2004,17
2004-04-27,0.42421922,0.42,2004,18
2004-05-05,0.6440573,0.66,2004,19
2004-05-13,0.5901141,0.6,2004,20
2004-05-21,0.3547997,0.35,2004,21
2004-05-29,0.46880248,0.47,2004,22
2004-06-06,0.48001713,0.49,2004,23
2004-06-14,0.43163872,0.45,2004,25
2004-06-22,0.6476125,0.67,2004,26
2004-06-30,0.5082032,0.52,2004,27
2004-07-08,0.498625,0.5,2004,28
2004-07-16,0.5657923,0.56,2004,29
2004-07-24,0.39954326,0.39,2004,30
2004-08-01,0.59973896,0.62,2004,31
2004-08-09,0.62482035,0.65,2004,33
2004-08-17,0.4755999,0.48,2004,34
2004-08-25,0.4652646,0.47,2004,35
2004-09-02,0.42691946,0.43,2004,36
2004-09-10,0.30194345,0.29,2004,37
2004-09-18,0.53497666,0.54,2004,38
2004-09-26,0.4075908,0.4,2004,39
2004-10-04,0.4706457,0.48,2004,41
2004-10-12,0.3479606,0.34,2004,42
2004-10-20,0.5807868,0.6,2004,43
2004-10-28,0.42583555,0.43,2004,44
2004-11-05,0.5708021,0.59,2004,45
2004-11-13,0.64927703,0.67,2004,46
2004-11-21,0.5487585,0.56,2004,47
2004-11-29,0.44011778,0.44,2004,49
2004-12-07,0.42536736,0.43,2004,50
2004-12-15,0.35222018,0.35,2004,51
2004-12-23,0.53046364,0.55,2004,52
2004-12-31,0.4188319,0.45,2004,53
2005-01-08,0.38040265,0.39,2005,1
2005-01-16,0.34653798,0.34,2005,2
2005-01-24,0.5525327,0.57,2005,4
2005-02-01,0.45227247,0.45,2005,5
2005-02-09,0.35632807,0.35,2005,6
2005-02-17,0.2770769,0.27,2005,7
2005-02-25,0.42018014,0.43,2005,8
2005-03-05,0.5477058,0.56,2005,9
2005-03-13,0.396461,0.39,2005,10
2005-03-21,0.11896678,0.09,2005,12
2005-03-29,0.3999498,0.38,2005,13
2005-04-06,0.48374197,0.5,2005,14
2005-04-14,0.55486876,0.57,2005,15
2005-04-22,0.5352111,0.53,2005,16
2005-04-30,0.3995486,0.4,2005,17
2005-05-08,0.28189915,0.27,2005,18
2005-05-16,0.5836264,0.6,2005,20
2005-05-24,0.633816,0.66,2005,21
2005-06-01,0.36246535,0.38,2005,22
2005-06-09,0.6038959,0.63,2005,23
2005-06-17,0.6220323,0.64,2005,24
2005-06-25,0.4192582,0.43,2005,25
2005-07-03,0.39130336,0.39,2005,26
2005-07-11,0.56381565,0.58,2005,28
2005-07-19,0.5269988,0.53,2005,29
2005-07-27,0.5256394,0.54,2005,30
2005-08-04,0.38875303,0.39,2005,31
2005-08-12,0.5747997,0.58,2005,32
2005-08-20,0.6684506,0.68,2005,33
2005-08-28,0.7665958,0.8,2005,34
2005-09-05,0.7101084,0.74,2005,36
2005-09-13,0.64416,0.67,2005,37
2005-09-21,0.53401226,0.56,2005,38
2005-09-29,0.5831037,0.6,2005,39
2005-10-07,0.7449436,0.78,2005,40
2005-10-15,0.68625015,0.71,2005,41
2005-10-23,0.60238487,0.62,2005,42
2005-10-31,0.46205655,0.47,2005,44
2005-11-08,0.57028884,0.58,2005,45
2005-11-16,0.60891515,0.63,2005,46
2005-11-24,0.6917922,0.72,2005,47
2005-12-02,0.6662227,0.71,2005,48
2005-12-10,0.5220914,0.55,2005,49
2005-12-18,0.48956198,0.54,2005,50
2005-12-26,0.40542752,0.45,2005,52
2006-01-03,0.3034823,0.34,2006,1
2006-01-11,0.4196349,0.44,2006,2
2006-01-19,0.47782922,0.51,2006,3
2006-01-27,0.2187926,0.22,2006,4
2006-02-04,0.21542065,0.21,2006,5
2006-02-12,0.21260275,0.2,2006,6
2006-02-20,0.23636654,0.23,2006,8
2006-02-28,0.38166016,0.38,2006,9
2006-03-08,0.4365275,0.44,2006,10
2006-03-16,0.50023425,0.51,2006,11
2006-03-24,0.46518612,0.47,2006,12
2006-04-01,0.38852754,0.38,2006,13
2006-04-09,0.45379186,0.45,2006,14
2006-04-17,0.3434504,0.35,2006,16
2006-04-25,0.34999123,0.35,2006,17
2006-05-03,0.46223953,0.47,2006,18
2006-05-11,0.47188026,0.48,2006,19
2006-05-19,0.36408293,0.37,2006,20
2006-05-27,0.70108086,0.74,2006,21
2006-06-04,0.6865702,0.71,2006,22
2006-06-12,0.5726874,0.59,2006,24
2006-06-20,0.38480824,0.39,2006,25
2006-06-28,0.3821822,0.39,2006,26
2006-07-06,0.4806744,0.49,2006,27
2006-07-14,0.4315201,0.44,2006,28
2006-07-22,0.25939798,0.26,2006,29
2006-07-30,0.44149467,0.44,2006,30
2006-08-07,0.5648657,0.57,2006,32
2006-08-15,0.717681,0.74,2006,33
2006-08-23,0.6537908,0.67,2006,34
2006-08-31,0.5127675,0.52,2006,35
2006-09-08,0.4083228,0.41,2006,36
2006-09-16,0.5778968,0.59,2006,37
2006-09-24,0.5276128,0.54,2006,38
2006-10-02,0.5359823,0.54,2006,40
2006-10-10,0.4454154,0.45,2006,41
2006-10-18,0.39239392,0.4,2006,42
2006-10-26,0.32602605,0.32,2006,43
2006-11-03,0.55969405,0.56,2006,44
2006-11-11,0.3309932,0.33,2006,45
2006-11-19,0.32002452,0.31,2006,46
2006-11-27,0.31635818,0.31,2006,48
2006-12-05,0.30866677,0.31,2006,49
2006-12-13,0.38932374,0.39,2006,50
2006-12-21,0.43388304,0.45,2006,51
2006-12-29,0.17789431,0.0,2006,52
2007-01-06,0.34156853,0.36,2007,1
2007-01-14,0.3190581,0.33,2007,2
2007-01-22,0.30766568,0.32,2007,4
2007-01-30,0.45952663,0.48,2007,5
2007-02-07,0.41019526,0.42,2007,6
2007-02-15,0.45105824,0.48,2007,7
2007-02-23,0.51075685,0.54,2007,8
2007-03-03,0.46517888,0.5,2007,9
2007-03-11,0.4699162,0.5,2007,10
2007-03-19,0.46204776,0.49,2007,12
2007-03-27,0.7153868,0.74,2007,13
2007-04-04,0.7306745,0.77,2007,14
2007-04-12,0.45867142,0.48,2007,15
2007-04-20,0.37529078,0.4,2007,16
2007-04-28,0.32772708,0.34,2007,17
2007-05-06,0.5006908,0.51,2007,18
2007-05-14,0.31494528,0.32,2007,20
2007-05-22,0.26446056,0.27,2007,21
2007-05-30,0.26280543,0.25,2007,22
2007-06-07,0.4247724,0.42,2007,23
2007-06-15,0.47843304,0.49,2007,24
2007-06-23,0.3377339,0.33,2007,25
2007-07-01,0.3928755,0.39,2007,26
2007-07-09,0.38039577,0.37,2007,28
2007-07-17,0.1276741,0.09,2007,29
2007-07-25,0.13198502,0.1,2007,30
2007-08-02,0.24399889,0.23,2007,31
2007-08-10,0.31510955,0.3,2007,32
2007-08-18,0.24378937,0.23,2007,33
2007-08-26,0.40981883,0.4,2007,34
2007-09-03,0.51179767,0.51,2007,36
2007-09-11,0.39277202,0.38,2007,37
2007-09-19,0.3773963,0.36,2007,38
2007-09-27,0.34798908,0.34,2007,39
2007-10-05,0.363594,0.35,2007,40
2007-10-13,0.37044,0.37,2007,41
2007-10-21,0.40192565,0.4,2007,42
2007-10-29,0.4296298,0.42,2007,44
2007-11-06,0.46543524,0.47,2007,45
2007-11-14,0.46441528,0.47,2007,46
2007-11-22,0.37311858,0.36,2007,47
2007-11-30,0.31948388,0.31,2007,48
2007-12-08,0.287254,0.27,2007,49
2007-12-16,0.32945597,0.32,2007,50
2007-12-24,0.36790377,0.37,2007,52
2008-01-01,0.29565516,0.29,2008,1
2008-01-09,0.2517859,0.27,2008,2
2008-01-17,0.35749987,0.36,2008,3
2008-01-25,0.2503018,0.25,2008,4
2008-02-02,0.31718168,0.32,2008,5
2008-02-10,0.3547269,0.36,2008,6
2008-02-18,0.30923924,0.31,2008,8
2008-02-26,0.26788577,0.28,2008,9
2008-03-05,0.39238614,0.4,2008,10
2008-03-13,0.43740296,0.44,2008,11
2008-03-21,0.70276827,0.73,2008,12
2008-03-29,0.64322674,0.68,2008,13
2008-04-06,0.4960303,0.51,2008,14
2008-04-14,0.5870088,0.62,2008,16
2008-04-22,0.5393868,0.56,2008,17
2008-04-30,0.49199164,0.51,2008,18
2008-05-08,0.42576316,0.44,2008,19
2008-05-16,0.6350656,0.66,2008,20
2008-05-24,0.62909055,0.66,2008,21
2008-06-01,0.7229326,0.76,2008,22
2008-06-09,0.74190557,0.78,2008,24
2008-06-17,0.53568286,0.56,2008,25
2008-06-25,0.51186365,0.52,2008,26
2008-07-03,0.52386206,0.54,2008,27
2008-07-11,0.53146285,0.54,2008,28
2008-07-19,0.5501543,0.57,2008,29
2008-07-27,0.44501096,0.45,2008,30
2008-08-04,0.4237121,0.43,2008,32
2008-08-12,0.41391763,0.41,2008,33
2008-08-20,0.36554933,0.36,2008,34
2008-08-28,0.26707882,0.26,2008,35
2008-09-05,0.1680832,0.15,2008,36
2008-09-13,0.50382626,0.51,2008,37
2008-09-21,0.5395754,0.55,2008,38
2008-09-29,0.45522207,0.45,2008,40
2008-10-07,0.14529637,0.12,2008,41
2008-10-15,0.13258079,0.11,2008,42
2008-10-23,0.27560616,0.27,2008,43
2008-10-31,0.22114304,0.21,2008,44
2008-11-08,0.30206153,0.29,2008,45
2008-11-16,0.38813502,0.39,2008,46
2008-11-24,0.49689,0.5,2008,48
2008-12-02,0.4577896,0.46,2008,49
2008-12-10,0.2189418,0.21,2008,50
2008-12-18,0.25927472,0.26,2008,51
2008-12-26,0.25912797,0.3,2008,52
2009-01-03,0.23898749,0.0,2009,1
2009-01-11,0.33574942,0.4,2009,2
2009-01-19,0.32434365,0.38,2009,4
2009-01-27,0.22607684,0.24,2009,5
2009-02-04,0.21378319,0.21,2009,6
2009-02-12,0.4614197,0.47,2009,7
2009-02-20,0.39300483,0.39,2009,8
2009-02-28,0.2799126,0.27,2009,9
2009-03-08,0.33618262,0.33,2009,10
2009-03-16,0.4227275,0.42,2009,12
2009-03-24,0.49393842,0.5,2009,13
2009-04-01,0.6071483,0.62,2009,14
2009-04-09,0.44642827,0.45,2009,15
2009-04-17,0.45612165,0.46,2009,16
2009-04-25,0.6972401,0.73,2009,17
2009-05-03,0.5833383,0.6,2009,18
2009-05-11,0.37810302,0.38,2009,20
2009-05-19,0.2870062,0.29,2009,21
2009-05-27,0.36268407,0.36,2009,22
2009-06-04,0.47076902,0.48,2009,23
2009-06-12,0.3155709,0.31,2009,24
2009-06-20,0.4766929,0.49,2009,25
2009-06-28,0.54807925,0.56,2009,26
2009-07-06,0.6983195,0.73,2009,28
2009-07-14,0.5047821,0.51,2009,29
2009-07-22,0.38568395,0.39,2009,30
2009-07-30,0.33020595,0.32,2009,31
2009-08-07,0.39263234,0.39,2009,32
2009-08-15,0.25406328,0.25,2009,33
2009-08-23,0.29267082,0.28,2009,34
2009-08-31,0.314177,0.31,2009,36
2009-09-08,0.37061518,0.35,2009,37
2009-09-16,0.45269904,0.46,2009,38
2009-09-24,0.28997442,0.28,2009,39
2009-10-02,0.3039285,0.28,2009,40
2009-10-10,0.44192374,0.43,2009,41
2009-10-18,0.58636016,0.6,2009,42
2009-10-26,0.44407693,0.43,2009,44
2009-11-03,0.53733456,0.54,2009,45
2009-11-11,0.48891422,0.49,2009,46
2009-11-19,0.37465757,0.38,2009,47
2009-11-27,0.42708492,0.43,2009,48
2009-12-05,0.54737973,0.57,2009,49
2009-12-13,0.53106993,0.58,2009,50
2009-12-21,0.2957035,0.0,2009,52
2009-12-29,0.027860971,0.0,2009,53
2010-01-06,0.027860971,0.0,2010,1
2010-01-14,0.19891882,0.0,2010,2
2010-01-22,0.37212756,0.42,2010,3
2010-01-30,0.62241966,0.67,2010,4
2010-02-07,0.67447203,0.72,2010,5
2010-02-15,0.46154433,0.48,2010,7
2010-02-23,0.4683821,0.47,2010,8
2010-03-03,0.40217128,0.42,2010,9
2010-03-11,0.4248242,0.44,2010,10
2010-03-19,0.68615615,0.72,2010,11
2010-03-27,0.6267633,0.66,2010,12
2010-04-04,0.4317887,0.43,2010,13
2010-04-12,0.6426515,0.66,2010,15
2010-04-20,0.50227183,0.51,2010,16
2010-04-28,0.49135417,0.5,2010,17
2010-05-06,0.41832128,0.43,2010,18
2010-05-14,0.5701518,0.59,2010,19
2010-05-22,0.6429335,0.67,2010,20
2010-05-30,0.49782944,0.51,2010,21
2010-06-07,0.47909534,0.49,2010,23
2010-06-15,0.39030084,0.4,2010,24
2010-06-23,0.5067238,0.52,2010,25
2010-07-01,0.7315852,0.76,2010,26
2010-07-09,0.57478106,0.59,2010,27
2010-07-17,0.5649581,0.58,2010,28
2010-07-25,0.46877214,0.48,2010,29
2010-08-02,0.47080988,0.48,2010,31
2010-08-10,0.6375718,0.66,2010,32
2010-08-18,0.6969397,0.72,2010,33
2010-08-26,0.74616164,0.78,2010,34
2010-09-03,0.521476,0.54,2010,35
2010-09-11,0.64371115,0.66,2010,36
2010-09-19,0.6209572,0.64,2010,37
2010-09-27,0.6270571,0.66,2010,39
2010-10-05,0.558133,0.58,2010,40
2010-10-13,0.62157536,0.64,2010,41
2010-10-21,0.57960916,0.59,2010,42
2010-10-29,0.6125176,0.63,2010,43
2010-11-06,0.62260914,0.63,2010,44
2010-11-14,0.5093617,0.52,2010,45
2010-11-22,0.4734515,0.48,2010,47
2010-11-30,0.4862512,0.49,2010,48
2010-12-08,0.5905068,0.6,2010,49
2010-12-16,0.58664006,0.6,2010,50
2010-12-24,0.52519155,0.54,2010,51
2011-01-01,0.3195296,0.38,2011,52
2011-01-09,0.32584292,0.37,2011,1
2011-01-17,0.30572498,0.34,2011,3
2011-01-25,0.48371434,0.52,2011,4
2011-02-02,0.44283092,0.46,2011,5
2011-02-10,0.28787303,0.29,2011,6
2011-02-18,0.21193087,0.21,2011,7
2011-02-26,0.44254312,0.45,2011,8
2011-03-06,0.4428154,0.45,2011,9
2011-03-14,0.41560203,0.41,2011,11
2011-03-22,0.5439737,0.54,2011,12
2011-03-30,0.3333266,0.32,2011,13
2011-04-07,0.30238596,0.3,2011,14
2011-04-15,0.24138007,0.24,2011,15
2011-04-23,0.375716,0.4,2011,16
2011-05-01,0.47426435,0.49,2011,17
2011-05-09,0.48263636,0.5,2011,19
2011-05-17,0.37336516,0.38,2011,20
2011-05-25,0.35603815,0.36,2011,21
2011-06-02,0.3324588,0.34,2011,22
2011-06-10,0.5765867,0.59,2011,23
2011-06-18,0.6115766,0.64,2011,24
2011-06-26,0.5055024,0.52,2011,25
2011-07-04,0.49931678,0.52,2011,27
2011-07-12,0.5143572,0.54,2011,28
2011-07-20,0.47054732,0.48,2011,29
2011-07-28,0.6768942,0.7,2011,30
2011-08-05,0.6657897,0.69,2011,31
2011-08-13,0.53829175,0.55,2011,32
2011-08-21,0.32711238,0.33,2011,33
2011-08-29,0.21290776,0.21,2011,35
2011-09-06,0.2413594,0.23,2011,36
2011-09-14,0.17752278,0.16,2011,37
2011-09-22,0.16385202,0.14,2011,38
2011-09-30,0.18672661,0.17,2011,39
2011-10-08,0.12917288,0.1,2011,40
2011-10-16,0.27674255,0.27,2011,41
2011-10-24,0.39891478,0.39,2011,43
2011-11-01,0.40792182,0.4,2011,44
2011-11-09,0.42783427,0.43,2011,45
2011-11-17,0.45218584,0.45,2011,46
2011-11-25,0.41581547,0.41,2011,47
2011-12-03,0.386879,0.39,2011,48
2011-12-11,0.2522311,0.24,2011,49
2011-12-19,0.32945538,0.32,2011,51
2011-12-27,0.4072266,0.42,2011,52
2012-01-04,0.29249138,0.3,2012,1
2012-01-12,0.27809948,0.28,2012,2
2012-01-20,0.3044126,0.3,2012,3
2012-01-28,0.3715229,0.37,2012,4
2012-02-05,0.2393068,0.23,2012,5
2012-02-13,0.601542,0.61,2012,7
2012-02-21,0.59552556,0.6,2012,8
2012-02-29,0.36599177,0.36,2012,9
2012-03-08,0.20100391,0.18,2012,10
2012-03-16,0.26019394,0.25,2012,11
2012-03-24,0.2021147,0.19,2012,12
2012-04-01,0.19869952,0.19,2012,13
2012-04-09,0.23764609,0.24,2012,15
2012-04-17,0.6403367,0.67,2012,16
2012-04-25,0.65408784,0.68,2012,17
2012-05-03,0.4040779,0.41,2012,18
2012-05-11,0.5025006,0.53,2012,19
2012-05-19,0.37730363,0.4,2012,20
2012-05-27,0.64445996,0.67,2012,21
2012-06-04,0.54674757,0.58,2012,23
2012-06-12,0.49480653,0.52,2012,24
2012-06-20,0.56679726,0.58,2012,25
2012-06-28,0.2177154,0.21,2012,26
2012-07-06,0.16702601,0.15,2012,27
2012-07-14,0.20024088,0.19,2012,28
2012-07-22,0.25214064,0.23,2012,29
2012-07-30,0.25810018,0.24,2012,31
2012-08-07,0.15633458,0.13,2012,32
2012-08-15,0.14913468,0.12,2012,33
2012-08-23,0.12167306,0.09,2012,34
2012-08-31,0.08086439,0.05,2012,35
2012-09-08,0.13682751,0.11,2012,36
2012-09-16,0.34126538,0.33,2012,37
2012-09-24,0.51386,0.51,2012,39
2012-10-02,0.41605026,0.42,2012,40
2012-10-10,0.5813384,0.6,2012,41
2012-10-18,0.4982312,0.5,2012,42
2012-10-26,0.5162039,0.54,2012,43
2012-11-03,0.42977926,0.45,2012,44
2012-11-11,0.55573857,0.57,2012,45
2012-11-19,0.51020926,0.53,2012,47
2012-11-27,0.45189664,0.46,2012,48
2012-12-05,0.3987549,0.42,2012,49
2012-12-13,0.81010145,0.87,2012,50
2012-12-21,0.69609445,0.73,2012,51
2012-12-29,0.5850989,0.62,2012,52
2013-01-06,0.4600429,0.49,2013,1
2013-01-14,0.3807848,0.41,2013,3
2013-01-22,0.49565566,0.53,2013,4
2013-01-30,0.57625395,0.61,2013,5
2013-02-07,0.46583548,0.49,2013,6
2013-02-15,0.45642692,0.47,2013,7
2013-02-23,0.5591712,0.58,2013,8
2013-03-03,0.64633954,0.67,2013,9
2013-03-11,0.48670438,0.5,2013,11
2013-03-19,0.55237705,0.56,2013,12
2013-03-27,0.6812506,0.71,2013,13
2013-04-04,0.55531037,0.56,2013,14
2013-04-12,0.6733417,0.7,2013,15
2013-04-20,0.44550335,0.45,2013,16
2013-04-28,0.31256837,0.31,2013,17
2013-05-06,0.51231676,0.53,2013,19
2013-05-14,0.4871702,0.5,2013,20
2013-05-22,0.52097625,0.55,2013,21
2013-05-30,0.7127802,0.75,2013,22
2013-06-07,0.6505411,0.68,2013,23
2013-06-15,0.43437394,0.43,2013,24
2013-06-23,0.33077607,0.33,2013,25
2013-07-01,0.359482,0.36,2013,27
2013-07-09,0.5928048,0.61,2013,28
2013-07-17,0.5011552,0.52,2013,29
2013-07-25,0.5927768,0.61,2013,30
2013-08-02,0.43068957,0.44,2013,31
2013-08-10,0.3446319,0.34,2013,32
2013-08-18,0.35732844,0.36,2013,33
2013-08-26,0.37355188,0.36,2013,35
2013-09-03,0.65779495,0.67,2013,36
2013-09-11,0.5095623,0.51,2013,37
2013-09-19,0.44024622,0.45,2013,38
2013-09-27,0.47387472,0.48,2013,39
2013-10-05,0.2336487,0.22,2013,40
2013-10-13,0.63770276,0.65,2013,41
2013-10-21,0.66846997,0.68,2013,43
2013-10-29,0.43698683,0.44,2013,44
2013-11-06,0.4214862,0.44,2013,45
2013-11-14,0.4332552,0.46,2013,46
2013-11-22,0.53572667,0.57,2013,47
2013-11-30,0.5910979,0.62,2013,48
2013-12-08,0.68577105,0.72,2013,49
2013-12-16,0.5376826,0.56,2013,51
2013-12-24,0.37053433,0.38,2013,52
2014-01-01,0.3272745,0.35,2014,1
2014-01-09,0.33549634,0.36,2014,2
2014-01-17,0.3335906,0.39,2014,3
2014-01-25,0.43275464,0.48,2014,4
2014-02-02,0.4795464,0.54,2014,5
2014-02-10,0.4034209,0.45,2014,7
2014-02-18,0.44038868,0.48,2014,8
2014-02-26,0.4687413,0.5,2014,9
2014-03-06,0.53109664,0.57,2014,10
2014-03-14,0.47675228,0.5,2014,11
2014-03-22,0.4411788,0.46,2014,12
2014-03-30,0.64493126,0.67,2014,13
2014-04-07,0.5827278,0.61,2014,15
2014-04-15,0.4678777,0.49,2014,16
2014-04-23,0.5803361,0.61,2014,17
2014-05-01,0.51484007,0.54,2014,18
2014-05-09,0.6766916,0.7,2014,19
2014-05-17,0.42189166,0.44,2014,20
2014-05-25,0.38565496,0.39,2014,21
2014-06-02,0.5690724,0.59,2014,23
2014-06-10,0.31854504,0.32,2014,24
2014-06-18,0.2747392,0.27,2014,25
2014-06-26,0.5870021,0.61,2014,26
2014-07-04,0.78071725,0.82,2014,27
2014-07-12,0.72374177,0.77,2014,28
2014-07-20,0.66537344,0.71,2014,29
2014-07-28,0.74110097,0.78,2014,31
2014-08-05,0.8504785,0.9,2014,32
2014-08-13,0.7284024,0.78,2014,33
2014-08-21,0.745077,0.78,2014,34
2014-08-29,0.7350584,0.78,2014,35
2014-09-06,0.6171036,0.64,2014,36
2014-09-14,0.67572975,0.72,2014,37
2014-09-22,0.655145,0.69,2014,39
2014-09-30,0.5239791,0.55,2014,40
2014-10-08,0.59741384,0.61,2014,41
2014-10-16,0.4071271,0.41,2014,42
2014-10-24,0.39983657,0.41,2014,43
2014-11-01,0.49076232,0.51,2014,44
2014-11-09,0.27262837,0.25,2014,45
2014-11-17,0.4079446,0.42,2014,47
2014-11-25,0.38900486,0.4,2014,48
2014-12-03,0.4560058,0.47,2014,49
2014-12-11,0.4806512,0.49,2014,50
2014-12-19,0.3501016,0.37,2014,51
2014-12-27,0.406133,0.43,2014,52
2015-01-04,0.36701047,0.45,2015,1
2015-01-12,0.47170067,0.5,2015,3
2015-01-20,0.32379073,0.33,2015,4
2015-01-28,0.41600668,0.42,2015,5
2015-02-05,0.42387146,0.44,2015,6
2015-02-13,0.48912674,0.51,2015,7
2015-02-21,0.4676678,0.47,2015,8
2015-03-01,0.42910796,0.44,2015,9
2015-03-09,0.428019,0.43,2015,11
2015-03-17,0.38929182,0.39,2015,12
2015-03-25,0.5349427,0.54,2015,13
2015-04-02,0.5659002,0.57,2015,14
2015-04-10,0.531773,0.53,2015,15
2015-04-18,0.4316628,0.43,2015,16
2015-04-26,0.3855632,0.4,2015,17
2015-05-04,0.4948318,0.51,2015,19
2015-05-12,0.35324806,0.37,2015,20
2015-05-20,0.32155296,0.34,2015,21
2015-05-28,0.43474638,0.45,2015,22
2015-06-05,0.62233466,0.65,2015,23
2015-06-13,0.2848838,0.29,2015,24
2015-06-21,0.473702,0.49,2015,25
2015-06-29,0.7517712,0.79,2015,27
2015-07-07,0.57395494,0.6,2015,28
2015-07-15,0.49825242,0.52,2015,29
2015-07-23,0.34112856,0.35,2015,30
2015-07-31,0.30683514,0.31,2015,31
2015-08-08,0.42354122,0.43,2015,32
2015-08-16,0.38606882,0.39,2015,33
2015-08-24,0.49506468,0.51,2015,35
2015-09-01,0.5374713,0.55,2015,36
2015-09-09,0.272682,0.27,2015,37
2015-09-17,0.4642298,0.46,2015,38
2015-09-25,0.41857117,0.42,2015,39
2015-10-03,0.4745421,0.48,2015,40
2015-10-11,0.6708151,0.68,2015,41
2015-10-19,0.6004022,0.62,2015,43
2015-10-27,0.6880422,0.71,2015,44
2015-11-04,0.5101402,0.53,2015,45
2015-11-12,0.36898237,0.36,2015,46
2015-11-20,0.22358084,0.22,2015,47
2015-11-28,0.55596614,0.58,2015,48
2015-12-06,0.50432,0.52,2015,49
2015-12-14,0.4397845,0.46,2015,51
2015-12-22,0.30020952,0.31,2015,52
2015-12-30,0.25321686,0.26,2015,53
2016-01-07,0.29878247,0.33,2016,1
2016-01-15,0.3718463,0.4,2016,2
2016-01-23,0.4278631,0.46,2016,3
2016-01-31,0.6364636,0.66,2016,4
2016-02-08,0.28104496,0.28,2016,6
2016-02-16,0.36657315,0.38,2016,7
2016-02-24,0.44012383,0.46,2016,8
2016-03-03,0.501978,0.52,2016,9
2016-03-11,0.5905066,0.61,2016,10
2016-03-19,0.6042781,0.62,2016,11
2016-03-27,0.5769331,0.6,2016,12
2016-04-04,0.61552876,0.65,2016,14
2016-04-12,0.589296,0.61,2016,15
2016-04-20,0.49678573,0.53,2016,16
2016-04-28,0.48950392,0.53,2016,17
2016-05-06,0.6690786,0.71,2016,18
2016-05-14,0.5651584,0.6,2016,19
2016-05-22,0.6376891,0.66,2016,20
2016-05-30,0.6309998,0.66,2016,22
2016-06-07,0.5429518,0.57,2016,23
2016-06-15,0.62787855,0.65,2016,24
2016-06-23,0.76786125,0.8,2016,25
2016-07-01,0.65143466,0.68,2016,26
2016-07-09,0.49821454,0.52,2016,27
2016-07-17,0.5632829,0.58,2016,28
2016-07-25,0.4898568,0.5,2016,30
2016-08-02,0.4717293,0.48,2016,31
2016-08-10,0.4828542,0.49,2016,32
2016-08-18,0.61455923,0.62,2016,33
2016-08-26,0.4621321,0.46,2016,34
2016-09-03,0.5025893,0.51,2016,35
2016-09-11,0.30813223,0.3,2016,36
2016-09-19,0.4007659,0.39,2016,38
2016-09-27,0.31344032,0.3,2016,39
2016-10-05,0.4385434,0.44,2016,40
2016-10-13,0.4940006,0.5,2016,41
2016-10-21,0.73178995,0.76,2016,42
2016-10-29,0.5999201,0.61,2016,43
2016-11-06,0.51467925,0.54,2016,44
2016-11-14,0.5603308,0.57,2016,46
2016-11-22,0.6778257,0.7,2016,47
2016-11-30,0.47440308,0.48,2016,48
2016-12-08,0.50412387,0.51,2016,49
2016-12-16,0.4070142,0.41,2016,50
2016-12-24,0.39187956,0.4,2016,51
2017-01-01,0.36742634,0.37,2017,52
2017-01-09,0.46170858,0.47,2017,2
2017-01-17,0.5201717,0.54,2017,3
2017-01-25,0.4553904,0.45,2017,4
2017-02-02,0.29807755,0.28,2017,5
2017-02-10,0.24315321,0.24,2017,6
2017-02-18,0.2581464,0.26,2017,7
2017-02-26,0.3299955,0.33,2017,8
2017-03-06,0.36279732,0.37,2017,10
2017-03-14,0.31905386,0.33,2017,11
2017-03-22,0.3216587,0.33,2017,12
2017-03-30,0.44692624,0.47,2017,13
2017-04-07,0.33837205,0.35,2017,14
2017-04-15,0.34011197,0.36,2017,15
2017-04-23,0.6236611,0.66,2017,16
2017-05-01,0.6479216,0.68,2017,18
2017-05-09,0.5690975,0.59,2017,19
2017-05-17,0.5309462,0.56,2017,20
2017-05-25,0.45178685,0.48,2017,21
2017-06-02,0.35755116,0.37,2017,22
2017-06-10,0.35775945,0.37,2017,23
2017-06-18,0.32387573,0.32,2017,24
2017-06-26,0.3077268,0.3,2017,26
2017-07-04,0.5247518,0.53,2017,27
2017-07-12,0.31338915,0.3,2017,28
2017-07-20,0.41064933,0.39,2017,29
2017-07-28,0.33097377,0.32,2017,30
2017-08-05,0.23163222,0.2,2017,31
2017-08-13,0.26857853,0.25,2017,32
2017-08-21,0.21489802,0.19,2017,34
2017-08-29,0.2593847,0.24,2017,35
2017-09-06,0.27565196,0.27,2017,36
2017-09-14,0.44497362,0.44,2017,37
2017-09-22,0.62784773,0.63,2017,38
2017-09-30,0.52307796,0.53,2017,39
2017-10-08,0.6105346,0.63,2017,40
2017-10-16,0.44830793,0.46,2017,42
2017-10-24,0.34757823,0.35,2017,43
2017-11-01,0.48175377,0.49,2017,44
2017-11-09,0.34453067,0.33,2017,45
2017-11-17,0.55378556,0.57,2017,46
2017-11-25,0.39376742,0.39,2017,47
2017-12-03,0.5832131,0.61,2017,48
2017-12-11,0.4995632,0.51,2017,50
2017-12-19,0.39558965,0.4,2017,51
2017-12-27,0.41681397,0.43,2017,52
2018-01-04,0.29288715,0.33,2018,1
2018-01-12,0.22367004,0.23,2018,2
2018-01-20,0.2898993,0.3,2018,3
2018-01-28,0.3442005,0.34,2018,4
2018-02-05,0.2683998,0.26,2018,6
2018-02-13,0.39669642,0.4,2018,7
2018-02-21,0.5389504,0.56,2018,8
2018-03-01,0.7096453,0.74,2018,9
2018-03-09,0.666782,0.7,2018,10
2018-03-17,0.41043687,0.41,2018,11
2018-03-25,0.5390112,0.55,2018,12
2018-04-02,0.60149556,0.61,2018,14
2018-04-10,0.5481353,0.56,2018,15
2018-04-18,0.472354,0.48,2018,16
2018-04-26,0.2707224,0.27,2018,17
2018-05-04,0.26600453,0.27,2018,18
2018-05-12,0.43382865,0.45,2018,19
2018-05-20,0.4757638,0.5,2018,20
2018-05-28,0.5767257,0.61,2018,22
2018-06-05,0.52251476,0.55,2018,23
2018-06-13,0.57608294,0.6,2018,24
2018-06-21,0.56036,0.59,2018,25
2018-06-29,0.613627,0.64,2018,26
2018-07-07,0.6309028,0.66,2018,27
2018-07-15,0.63560253,0.67,2018,28
2018-07-23,0.6063489,0.63,2018,30
2018-07-31,0.5682031,0.6,2018,31
2018-08-08,0.4679711,0.49,2018,32
2018-08-16,0.38384843,0.38,2018,33
2018-08-24,0.45504016,0.46,2018,34
2018-09-01,0.47333524,0.48,2018,35
2018-09-09,0.6028159,0.61,2018,36
2018-09-17,0.46607354,0.48,2018,38
2018-09-25,0.4037297,0.41,2018,39
2018-10-03,0.38046807,0.38,2018,40
2018-10-11,0.5881518,0.6,2018,41
2018-10-19,0.36355448,0.37,2018,42
2018-10-27,0.38736713,0.4,2018,43
2018-11-04,0.36194164,0.37,2018,44
2018-11-12,0.36413914,0.37,2018,46
2018-11-20,0.44346347,0.46,2018,47
2018-11-28,0.5784098,0.6,2018,48
2018-12-06,0.5296752,0.54,2018,49
2018-12-14,0.36584523,0.37,2018,50
2018-12-22,0.54229677,0.57,2018,51
2018-12-30,0.44332,0.47,2018,52
2019-01-07,0.40591386,0.42,2019,2
2019-01-15,0.47576582,0.5,2019,3
2019-01-23,0.3637786,0.36,2019,4
2019-01-31,0.43625978,0.45,2019,5
2019-02-08,0.47831494,0.49,2019,6
2019-02-16,0.3025655,0.3,2019,7
2019-02-24,0.24054548,0.24,2019,8
2019-03-04,0.24120684,0.24,2019,10
2019-03-12,0.26800293,0.26,2019,11
2019-03-20,0.31996605,0.34,2019,12
2019-03-28,0.38163882,0.39,2019,13
2019-04-05,0.36821738,0.37,2019,14
2019-04-13,0.37737936,0.39,2019,15
2019-04-21,0.5647511,0.58,2019,16
2019-04-29,0.4805899,0.51,2019,18
2019-05-07,0.6260493,0.66,2019,19
2019-05-15,0.618907,0.65,2019,20
2019-05-23,0.73359114,0.77,2019,21
2019-05-31,0.6829619,0.72,2019,22
2019-06-08,0.6570868,0.7,2019,23
2019-06-16,0.3772996,0.38,2019,24
2019-06-24,0.41860265,0.43,2019,26
2019-07-02,0.44084293,0.46,2019,27
2019-07-10,0.3897337,0.4,2019,28
2019-07-18,0.5149646,0.53,2019,29
2019-07-26,0.79114574,0.85,2019,30
2019-08-03,0.46819368,0.5,2019,31
2019-08-11,0.65092653,0.69,2019,32
2019-08-19,0.56738025,0.59,2019,34
2019-08-27,0.53664434,0.55,2019,35
2019-09-04,0.57213175,0.59,2019,36
2019-09-12,0.54092276,0.55,2019,37
2019-09-20,0.5815067,0.59,2019,38
2019-09-28,0.5031705,0.51,2019,39
2019-10-06,0.43989396,0.45,2019,40
2019-10-14,0.602455,0.63,2019,42
2019-10-22,0.47197485,0.49,2019,43
2019-10-30,0.3296289,0.34,2019,44
2019-11-07,0.2897356,0.3,2019,45
2019-11-15,0.51146954,0.53,2019,46
2019-11-23,0.56221044,0.59,2019,47
2019-12-01,0.41696706,0.42,2019,48
2019-12-09,0.32718617,0.34,2019,50
2019-12-17,0.51945114,0.54,2019,51
2019-12-25,0.45259473,0.46,2019,52
2020-01-02,0.3940412,0.41,2020,1
2020-01-10,0.41243383,0.43,2020,2
2020-01-18,0.5039077,0.52,2020,3
2020-01-26,0.3087281,0.32,2020,4
2020-02-03,0.30076072,0.31,2020,6
2020-02-11,0.27009198,0.28,2020,7
2020-02-19,0.29724228,0.32,2020,8
2020-02-27,0.4427637,0.46,2020,9
2020-03-06,0.44536126,0.46,2020,10
2020-03-14,0.42202884,0.45,2020,11
2020-03-22,0.6134079,0.64,2020,12
2020-03-30,0.609263,0.64,2020,14
2020-04-07,0.25697237,0.26,2020,15
2020-04-15,0.37539634,0.38,2020,16
2020-04-23,0.37980995,0.4,2020,17
2020-05-01,0.4241445,0.45,2020,18
2020-05-09,0.35876957,0.37,2020,19
2020-05-17,0.4088227,0.42,2020,20
2020-05-25,0.46040097,0.47,2020,22
2020-06-02,0.4547401,0.46,2020,23
2020-06-10,0.71211374,0.75,2020,24
2020-06-18,0.53544885,0.56,2020,25
2020-06-26,0.37118822,0.38,2020,26
2020-07-04,0.52171797,0.53,2020,27
2020-07-12,0.6377003,0.66,2020,28
2020-07-20,0.5592518,0.58,2020,30
2020-07-28,0.47156283,0.48,2020,31
2020-08-05,0.5773596,0.61,2020,32
2020-08-13,0.48904142,0.51,2020,33
2020-08-21,0.46136418,0.47,2020,34
2020-08-29,0.590833,0.6,2020,35
2020-09-06,0.39835307,0.4,2020,36
2020-09-14,0.27309588,0.26,2020,38
2020-09-22,0.56212497,0.57,2020,39
2020-09-30,0.6304561,0.64,2020,40
2020-10-08,0.54092616,0.55,2020,41
2020-10-16,0.58532286,0.61,2020,42
2020-10-24,0.5766928,0.59,2020,43
2020-11-01,0.3890975,0.39,2020,44
2020-11-09,0.27513576,0.27,2020,46
2020-11-17,0.49729574,0.51,2020,47
2020-11-25,0.4662267,0.48,2020,48
2020-12-03,0.47132263,0.49,2020,49
2020-12-11,0.372474,0.38,2020,50
2020-12-19,0.38974547,0.41,2020,51
2020-12-27,0.4450153,0.49,2020,52
2021-01-04,0.15755606,0.0,2021,1
2021-01-12,0.46786785,0.54,2021,2
2021-01-20,0.31838807,0.33,2021,3
2021-01-28,0.4123691,0.46,2021,4
2021-02-05,0.23038815,0.24,2021,5
2021-02-13,0.25854048,0.27,2021,6
2021-02-21,0.21965049,0.22,2021,7
2021-03-01,0.27240205,0.29,2021,9
2021-03-09,0.2956873,0.32,2021,10
2021-03-17,0.308753,0.35,2021,11
2021-03-25,0.30572885,0.34,2021,12
2021-04-02,0.34045,0.4,2021,13
2021-04-10,0.3487009,0.44,2021,14
2021-04-18,0.25552678,0.28,2021,15
2021-04-26,0.38942835,0.5,2021,17
2021-05-04,0.3637949,0.5,2021,18
2021-05-12,0.41934493,0.5,2021,19
2021-05-20,0.38305655,0.5,2021,20
2021-05-28,0.42103496,0.5,2021,21
2021-06-05,0.40551537,0.43,2021,22
2021-06-13,0.32620963,0.34,2021,23
2021-06-21,0.15139852,0.12,2021,25
2021-06-29,0.12772392,0.08,2021,26
2021-07-07,0.11632101,0.04,2021,27
2021-07-15,0.11913266,0.05,2021,28
2021-07-23,0.13246976,0.07,2021,29
2021-07-31,0.12167963,0.03,2021,30
2021-08-08,0.08074661,0.0,2021,31
2021-08-16,0.05879091,0.0,2021,33
2021-08-24,0.077079386,0.0,2021,34
2021-09-01,0.18660358,0.15,2021,35
2021-09-09,0.09702353,0.03,2021,36
2021-09-17,0.24705729,0.23,2021,37
2021-09-25,0.40540135,0.41,2021,38
2021-10-03,0.43429443,0.49,2021,39
2021-10-11,0.5153325,0.5,2021,41
2021-10-19,0.55115116,0.5,2021,42
2021-10-27,0.54585683,0.5,2021,43
2021-11-04,0.51414263,0.5,2021,44
2021-11-12,0.11542666,0.0,2021,45
2021-11-20,0.54716027,0.54,2021,46
2021-11-28,0.5281809,0.5,2021,47
2021-12-06,0.5431473,0.51,2021,49
2021-12-14,0.54884315,0.51,2021,50
2021-12-22,0.32648614,0.41,2021,51
2021-12-30,0.17305164,0.0,2021,52
2022-01-07,0.4262811,0.45,2022,1
2022-01-15,0.35243502,0.39,2022,2
2022-01-23,0.32284686,0.34,2022,3
2022-01-31,0.26986468,0.27,2022,5
2022-02-08,0.18155102,0.17,2022,6
2022-02-16,0.20701918,0.2,2022,7
2022-02-24,0.23513763,0.24,2022,8
2022-03-04,0.25522143,0.27,2022,9
2022-03-12,0.2411971,0.24,2022,10
2022-03-20,0.27028713,0.29,2022,11
2022-03-28,0.24651046,0.25,2022,13
2022-04-05,0.31436038,0.36,2022,14
2022-04-13,0.52699107,0.55,2022,15
2022-04-21,0.48215044,0.51,2022,16
2022-04-29,0.50490177,0.55,2022,17
2022-05-07,0.31075427,0.44,2022,18
2022-05-15,0.39639327,0.5,2022,19
2022-05-23,0.40089524,0.48,2022,21
2022-05-31,0.22450264,0.18,2022,22
2022-06-08,0.4830974,0.55,2022,23
2022-06-16,0.3778717,0.4,2022,24
2022-06-24,0.28963324,0.28,2022,25
2022-07-02,0.18940336,0.17,2022,26
2022-07-10,0.28862944,0.27,2022,27
2022-07-18,0.19280127,0.17,2022,29
2022-07-26,0.13451067,0.11,2022,30
2022-08-03,0.19568378,0.17,2022,31
2022-08-11,0.1663827,0.13,2022,32
2022-08-19,0.33824056,0.33,2022,33
