cyclostationary_mean_rr_8w_2,cyclostationary_mean_tg_1w_0,cyclostationary_mean_tg_8w_1,cyclostationary_mean_tg_1w_1,cyclostationary_mean_rr_16w_0
1.7457152143000514,0.24572076225181738,0.6362634659372614,0.467815158512442,2.882363500681402
1.03630547967666,0.944711804615019,1.464578388798853,1.4696966259127515,2.4303190985586594
0.4990088539771934,0.48463509539922084,0.45148429584689087,1.5584232280087658,1.5908658306789663
0.14352913279675145,0.24872518941913602,0.5969972752553371,1.5134368752444092,1.426582309848929
0.09732485333359034,0.6649609465438873,0.5021496471146147,2.0365339756228202,1.2392792922383098
-0.12449631410188293,0.9805754421356174,0.746977722562391,2.3420201801069997,0.9385027633862033
-0.2763682390397554,1.818533148102734,0.8810382448256298,3.022223276108452,0.5404142627541382
-0.3295444952238812,0.8926337287350374,0.5861640554272047,2.4673230310813405,0.429459822737278
-0.19300467634006097,0.15792451637962504,0.48775235090218805,2.0864031460814334,0.8188913537952859
-0.06556674922487613,1.1104841326952937,0.64399683795527,2.67947702888519,1.0424689359625252
-0.3099094502097504,1.9656191792726863,0.6731201349930754,2.8679519122143358,0.7918415617194607
0.05566462341701885,1.3613287125134856,0.8909204113192501,2.2953949091633685,1.1490102430508298
0.17033488513162004,0.552219284187444,0.7716466799861545,1.8545669247451215,1.0267280133591665
0.24847613472939706,-0.26688478521544357,0.48061627888833885,0.9889881281859091,1.1888813819667057
0.12118951592151031,-0.9566231385496132,-0.015628149979294514,0.4132572935983025,0.9489440637147287
0.11157864142372591,-0.24312248163655162,-0.09568327509540898,0.438142163003385,0.7782209376469124
0.24216212844691448,0.5080948435179637,0.14453466834673015,0.19656060106166676,0.8750386578767876
0.14551402775635788,0.18186510770672382,0.11265911552789147,-0.14661857223819194,0.5970426846897081
-0.09317366219786812,-0.034851787026467525,-0.09006959584418656,-0.2632204235538956,0.5569285302326074
0.021937297103380344,0.3534504832886805,-0.36526847724301925,0.07222793597265648,0.5065396110755928
-0.4607545154357478,0.04250865603748832,-0.5796105997704447,-0.27563984198722213,0.3725760787107709
-0.6776219318060138,-0.6101959071780506,-0.763990659562358,-0.877835730174599,0.225205695103109
-0.6862008381837014,-0.32276808216520253,-0.5415803111055326,-0.5275619355605351,0.35854272216272104
-0.48952911593120196,0.19625466786229423,-0.2696564580741164,-0.08341063540665555,0.40558948792246585
-0.4808628010388694,0.2163277371434732,-0.42357419953139663,-0.08825390775546277,0.3593588982367834
-0.038102614108583975,-0.5480420982546447,-0.7891361899101816,-0.7579240931006218,0.4094200893964189
0.1783805264588969,-0.4090205758279655,-0.7437679801100907,-0.6369590055804609,0.23958760119867206
-0.017410132000453854,0.5521859501647411,-0.7172709167760876,0.12806192042590117,0.27738668708178515
0.3117037776972911,0.23698302588399017,-0.8931182070991248,-0.1026622056193896,-0.05929666122451438
0.3316926452554295,0.20339303737396017,-0.6944946725902728,0.10185325270819127,-0.11537565810577724
1.0394109340194522,0.44105732566888733,-0.5856848194233212,0.23117664401376137,-0.0951731577425954
1.3228804638468639,-0.30468800919523553,-0.7952081868219342,-0.5726312848694467,0.24338041907726557
1.1808335906175005,-1.2034809025084723,-1.1537747751085228,-1.288328390184106,0.2931681086195152
1.680827726000512,-1.4770969355091588,-1.38586890964593,-1.324513046212373,0.3839142706948227
0.9042054322315213,-0.8690381081003814,-1.1826453292475319,-0.6812446790463902,0.3177028901946291
0.647502173398548,0.47206469797853196,-0.8554342108958204,0.4058284871672681,0.22666145659522036
0.615812846958369,1.192723122034582,-0.6797522850329043,1.0797818308410414,0.15626256097314947
0.5425933726366835,1.131426287101278,-0.20057477439606833,0.9367491983866857,0.3293856232217659
0.2436527462698586,0.6870291895370649,-0.15926984872453934,0.44662975215770523,0.06380860504579919
-0.024777409020289805,-0.2738942817067157,-0.1885648482518469,-0.28823247526218215,0.027746213998621018
-0.03621950277169826,-0.8104838804899918,-0.10347517247585582,-0.7796230206454671,0.0944569137326678
-0.059371113534135087,-1.0325331450846922,-0.0105866699070249,-0.7919686266039099,-0.0006595894060766345
-0.8320627607895486,-0.8420283286036462,0.13583744883916932,-0.3987357361853879,-0.6412826906394792
-0.7920559023798033,-1.266061076434964,-0.17057927835977843,-0.9224870409054988,-0.8088092675361968
-1.0432016359004481,-2.3406571746586464,-0.9830993099281049,-1.9649748112303833,-0.9480474171088237
-1.0176083891981247,-1.9364029903475626,-1.4047680765080126,-1.490145349499123,-1.0011348780433176
-1.4203655604901715,-1.5941245156962465,-2.0313838619362747,-1.3226897656229484,-1.0676614179073194
-1.024296062769126,-1.3703011366110793,-2.260665420641344,-1.2540394182138224,-1.3491413286100717
-1.443097662510135,-0.7388441102880936,-2.3274417294054532,-0.5084928061568789,-1.649562665143051
-1.7684438551220871,0.33399709323150417,-1.9840201823200196,0.8184343044940997,-1.6274935609435663
-1.6601932293677795,0.9674276059761037,-1.552013103791345,1.2926795094546903,-1.7621177729550193
-0.9767375771043361,1.0074355527801355,-1.1973594473520248,1.095361358617831,-1.465829655710372
-0.9094400083563784,0.9996377823625666,-0.6781560840028829,1.0076956597331648,-1.5158620945304673
-0.8989224671968982,0.7118132018714364,-0.0006098691743512893,0.71621712106508,-1.5797930120226535
-0.990533898018349,1.10120790799562,0.49217629132270196,1.0773726651422324,-1.7361209430928435
-0.8860468870003017,1.3074455730657184,1.026725994491684,1.166560134455473,-1.4682064738985778
-1.030114016599064,0.5715426002774183,1.2019770622617298,0.32696120785146493,-1.6734312450962379
-1.0776098290496003,-0.04563530145737238,1.455163247668982,-0.41861183338639,-1.8500289061232953
-0.5160471177607107,-0.8728870352492148,0.9999988975701306,-0.9734058530425388,-1.3566386006004079
-0.288166322912763,-1.4393770821867204,0.672268943213633,-1.3094660232219695,-0.9885123273620602
-0.8514658883924728,-0.6682071919949919,0.4103554791111247,-0.6539276726450928,-1.0355095692189085
-0.48644454316507046,-0.6394626952183724,0.09592269829471893,-0.6401085115298063,-0.7272004794608395
0.812514885184712,-0.7914499300327871,-0.16079355576178433,-0.6701155120558951,-0.2613834548026137
0.886628923864326,0.011267178377838721,-0.3387829986100121,-0.023925747843155837,-0.23881996599635869
1.214278291707388,0.07737288964551656,-0.6247037949119048,-0.031981792340777866,-0.23452894607064684
1.6778849917263394,-0.19148753345373137,-0.6345720593490236,-0.2599405105337678,-0.11528339356912544
1.68017107510654,-0.19294259978172487,-0.753170269964645,-0.3228548038557907,-0.16612818542645802
1.0537605264936518,0.7389946311687794,-0.1137174212428238,0.4002958667973542,-0.3213687171097094
0.9976501939690863,0.561673241114205,-0.15678051890803996,0.2288029284340792,-0.45303143019828274
1.204644471753653,-0.5708073082385405,-0.21052206583498545,-0.7348862614657475,-0.42691455435420395
1.80887815256366,-0.7367179468698243,-0.22193046525484253,-0.7970950679581272,0.29278575468666285
1.100378283116494,-0.8753717963834989,-0.2624536765217592,-0.8128059859274989,0.4175991716082895
1.1932866938176532,-0.7659328142448133,-0.4854249885522758,-0.8502054359051964,0.5567455262143579
1.8306762146127127,-1.0598561238466824,-0.694332343091384,-1.046571174409333,1.1586942789328751
1.4140077728383034,-0.8840408405802563,-0.7684124693409966,-0.9873704615262224,1.2562957755104258
1.9876191589411758,-0.6719031202016815,-0.8635736034481335,-0.9156534714036016,1.0783353463730179
2.2936913195272877,-0.7478893448382398,-1.312160999802239,-0.9370833143128472,1.193370522122095
2.2450815773270847,-0.7384249573912635,-1.2184152398458443,-0.8580422979819954,1.4490767300021459
2.00214887825238,-0.4669621269479239,-1.0706182451104072,-0.631465581447292,1.1199361301448483
1.7428783139858737,-0.9160558419153095,-1.2078286422877738,-0.9797702125198043,1.0000594947234092
1.3071274263838795,-1.3720783919090658,-1.2972804424183981,-1.1983422388389953,1.0131716593870925
1.641170633236051,-0.572070264298468,-1.1647406158085296,-0.534270227673883,1.3680402707807353
1.277129917454117,0.40459899047460246,-0.7413973711015716,0.31395413596755023,1.5586490264125386
1.0227226001502099,0.5432408447600564,-0.6581571274715772,0.40873463061570187,1.279594001511832
0.21855380335529812,-0.2236669281580794,-0.6133807359006768,-0.2745972943341581,0.9630181632919462
-0.26344881953198124,-0.4287466196123047,-0.5557613783624868,-0.2431872036957697,0.8803873851948965
0.016184260357422608,0.6907516317459593,-0.05770218090258347,0.6776334062700311,1.3465754997701738
0.3478147847045673,2.0645001052866006,0.5338170951230954,1.325488388654796,1.134005204996307
0.17268746327380055,1.7005634978551916,1.1461593854909058,0.7709798911248612,1.2761898960174152
0.5755943642233962,0.4002310999233026,1.3516312876437069,0.03924152453670163,1.3062562454875353
0.4779730304310267,0.5817077693467423,1.6199591087093,0.21878308697640747,0.9631257766691868
0.43463680224968293,1.7641538171328803,1.9236224060275893,1.1933236318917064,1.2951391460998762
1.1236690390038682,1.05845560788242,1.934743948908109,0.7710876577296423,1.23900914781706
1.5197385367249132,-0.5006863201456417,1.8981571661469538,-0.878273986395636,1.0597684971336079
1.6045979684798546,-0.2339079487714994,1.977426488173775,-0.5301182341616573,0.9792022331127176
1.1708940654299593,-0.14326218417036682,1.4534680546807803,-0.49495178959864233,1.0985289413372288
0.960653994192886,-0.7414070666851043,0.6482092502834309,-1.3009345611392507,0.6948613914044837
0.4677908798267613,-1.2702751986315775,0.12396517246474766,-1.8838052729359174,0.6989996277328998
0.013798396986690876,-1.3881484778210509,-0.06662752831798714,-1.9407300187604122,0.28256797635971187
-0.10500183435444455,-0.2255128023011779,-0.2669072178892077,-0.6090715197605695,0.07432287449414414
-0.7856681081230222,0.8818046238001318,-0.5225467781736829,0.3884492466275607,0.25898049425854214
-1.2672312858178423,-0.038596094523191966,-0.8183771403233022,-0.32986700153102083,0.49087171641676836
-1.4350294562270487,-0.37194335658200534,-0.6641458066765236,-0.521924608756236,0.41198070488118205
-0.8415890130599326,-0.7425240626249249,-1.1317602866699255,-1.0416978640228614,0.17074186623551446
-0.5335395842342627,-1.6625804163136635,-1.2474265069768589,-2.1068650753853926,-0.06665855669439025
-0.47814109837923346,-0.518902113236252,-1.0530309132508415,-1.1071743830766714,-0.4451306490459995
-0.601418020519093,0.553069426562796,-0.6880580897681914,0.15297969916950738,-0.6776923304506102
-0.6610553903892923,1.6153011804227753,-0.08197900498077668,1.2681972512991335,-0.9696937572818464
-0.9304358808972657,1.1319808972827723,-0.2305146740573696,0.6646410926191257,-1.3672786512268893
-0.5768309705358771,-0.23219904025116317,-0.4855611786521534,-0.6408454285128967,-1.5131701950858611
-0.5933057195291139,0.5987640386985336,0.09080606553326981,0.14027991084739763,-1.5754349859396248
-0.5742940014953144,1.8088279666685747,0.5213737826494058,1.1876426483757758,-1.6218162644994105
-1.3082585385206902,1.9968249669340663,1.3072946104372667,1.4062368451300957,-1.6131775137230815
-1.5190938171826704,1.53015115343293,1.7740526472656017,1.1837969266913468,-1.5198120734151923
-1.3152510003377027,0.3292820726872919,1.6605863516711932,0.1943131895862837,-1.2730778005364867
-1.1929186378032948,0.09889261867753019,1.7141325074713494,-0.17968094229764722,-1.2214850683460325
-1.0995672664769889,0.8711174136770252,1.454000135974147,0.5448334054863255,-1.3074548891657294
-0.9478084176876818,0.8684561391267406,1.6116018896555113,0.7125204066236641,-1.1249044252799072
-1.156195345978077,1.028609051700486,1.9312296967480274,0.5601858693685525,-1.0288553384111694
-1.20126228236446,2.1818933562104568,2.156149404040538,1.362055472033484,-0.9954001653136789
-1.0906573627642078,2.233376468509363,2.0129478600768906,1.5278985693350595,-1.2290242844086887
-0.9869804527302002,1.436796873317186,1.9193034182766122,0.9165653918102813,-1.3618560239039381
-1.1556405490771058,0.4761542606974632,1.6185014630701395,-0.08742439223994902,-1.3227436385712192
-1.2980352228399863,-0.12049589038970013,1.7411787500112954,-0.622111418550622,-1.173804575076093
-1.3628991129669719,0.8134598772163281,1.758068408813336,0.40342495473485845,-1.1429083690558945
-1.3466968079571893,0.6090890190250124,1.5523257975554108,0.25923836149089013,-1.0844582582892603
-1.3826432911797195,0.09863128558911681,1.5132023938566503,-0.2229492026028778,-1.0079423356493569
-1.4143326176198987,0.17152187290466617,1.3008427100585436,-0.2354496423129189,-0.9807483978675576
-1.1758106249608393,-1.0150518993592414,0.39158519548062803,-1.2856700203555558,-0.8222999840577174
-0.4547927837459814,-1.9499653650321962,-0.24938716521825832,-2.076723546302216,-0.29652269195581027
-0.29319449539046316,-1.11193689355506,-0.5251752162449842,-1.3572854669845726,-0.04240427913320542
-0.29538825766055277,-0.17046422901959085,-0.44995587295816053,-0.40656062421488853,-0.2552558839902754
-0.21650364713945325,0.7367409679508856,-0.06255847307027676,0.2894458568963616,-0.08953869007215198
-0.2775470127357445,1.4474945970277928,0.11409909934817768,0.6316988698128813,0.020418863138443086
-0.04588592023899583,0.9195606098924543,0.30372127453830094,0.29829912795826546,-0.040562328980465266
-0.253222865319897,0.5109674661227303,0.2804021217793271,0.15048308760777454,-0.19552406803374764
-0.16718482656936248,0.010751836621375306,0.17785719735766742,-0.1848177984962677,-0.08700537717465953
0.33960108903888714,-0.3005588162738128,0.6790786506536796,-0.6238672714331291,0.23980619826778135
-0.3241905622789528,0.2328736934142738,1.0436579483951431,-0.1018674432492425,0.24205279012310682
-0.06846631857710692,0.682458645830768,1.2868000885325674,0.3544724806678809,0.6026265117219777
0.011316509493661659,-0.10854098168285267,1.1529802318341897,-0.6977422331758087,0.48161782821715743
-0.13996500854414595,-0.16207216966227306,0.7817347309527264,-0.5563589304981252,0.5409255437348385
-0.0811471460896028,0.7564662818323212,0.4613350228345705,0.5752595545332251,0.4576722276969322
0.325478474772822,0.05636514446375835,0.2523222428554067,-0.07635370654407393,0.6765851884339239
1.1220486992123488,-1.7361504613651377,-0.2161685358126484,-1.8703142478351058,0.9880637560122313
1.658194462340978,-2.5858305395611807,-0.5548223465243514,-2.7950301655072987,1.0224490381369729
1.3023616389766857,-1.7102639491362268,-0.8007517699114521,-1.9784020378445903,0.6965576843937626
1.472196700491993,-0.3387428623807697,-0.677664340286909,-0.7543200380087431,0.515610602121864
1.1053795932568602,-0.24588169026893036,-0.9568019695112042,-0.7785249250992229,0.45624999940939126
0.9113607676626125,-0.5415152133728479,-0.812171905868442,-1.1351400492965902,0.2179521458105238
1.3073167157712065,-0.9050194267598012,-1.1087361848718638,-1.4399754487363154,0.21033562612432594
1.3725088734460218,-1.0829093753230017,-1.2047163452548837,-1.5018655052501053,0.1795325417255673
1.35371300698809,-0.71173039172857,-1.2272179740979698,-1.1164309447791727,0.8027192788629538
0.9575411806375003,-1.4784756966354198,-1.165611782696675,-1.884379733752172,0.9394200379313425
0.2846027952306747,-1.120110330429953,-0.793229438875594,-1.5929518999021175,0.5072863997926402
0.10726486734646898,-0.6448467075758739,-0.859311408255288,-1.1085921331418744,0.4703253956811267
-0.05637513154034642,-0.8294639845996655,-1.11539772797751,-1.1975731179526345,0.17022669753775652
0.24079966416876672,-0.3591897547248558,-1.0799822163347526,-0.760934969653044,0.3912439374520613
0.5258895203092406,-1.0746421558068935,-1.3389916483187134,-1.4019493848128677,0.48091884753431385
0.198838243764016,-1.1227068233240705,-1.10158723053007,-1.357163746246157,0.582721454400897
0.2551883320538336,-0.18822263806732276,-1.059391060258048,-0.5566294446344303,0.29158332954186833
-0.3090589913245264,-0.7160314437722596,-1.1879394038841353,-1.1362009821599104,0.09154892474127206
-0.5626523923695709,-0.3490050622909589,-0.6603723423702239,-0.7670493615131703,-0.11337700776411586
-0.20686490291704565,0.03341199379464298,-0.7623795532896013,-0.24231642595703573,-0.04706671411044817
-0.26949164020783817,-0.07321303417740038,-0.45369591688061034,-0.27112306410207976,-0.01159554901932562
-0.3918602313124133,0.2872705214090772,-0.27369656101586337,-0.030461214274627644,0.049608564713015196
-0.739540451843758,0.047173826323446105,-0.24277141726048393,-0.24001006777313494,0.1079874751010869
-1.0396324650872026,0.024829563861120892,0.04597726244239421,-0.3667984750416055,-0.09096261235326404
-1.1799830828337878,0.3534952680165782,0.21470728267400274,0.02106801751033721,-0.14127545253280285
-0.5266877970614994,0.3123468256294968,0.27699481691187366,0.35984103001283113,-0.19205953027761116
-0.6556620508086966,0.20014476838639045,0.5613209856844972,0.16404319465156755,-0.43143886170923645
-0.6382904703743282,0.4481254782443978,0.523586324300326,0.194491837724001,-0.39159089040665046
-0.8586531563969976,1.4301828560999277,1.1344922665324133,1.0904225144129065,-0.3318973674192893
-1.0016748618477407,0.9740751835499615,1.0227809896608817,0.6597022332784543,-0.3155516261333687
-1.1665432178320994,0.5682987744657887,1.255721801608265,0.2295409438856951,-0.554425165607418
-0.6308919278989201,1.8524386036889,1.7881976017858232,1.2547899427983,-0.3469566376816655
0.5110316286408003,0.9133990939492717,1.8416526628649326,0.15314681529230098,0.06770726599904917
0.5491656835972413,-0.19400918728214814,1.638657407146678,-0.676024075508792,-0.0514412167223121
-0.4312799667433483,-0.1521918552561015,1.499232161411753,-0.2532919159210254,-0.4231682660283791
0.4704125952593978,0.6155999872800674,1.9600317655203658,0.28247360770752644,0.1438382870982609
0.3023873561810478,1.5761184177836114,2.1843819259491672,1.1996490546222793,-0.22912159248025346
0.35965968690783134,0.9774900137807135,1.889761400654164,0.6870029827766594,-0.29794520713105754
0.7022919144126345,0.23620634251430145,2.052245898724888,-0.3701676867902553,-0.3543994775297013
0.9090748197951648,0.3603441313947058,1.728887154264431,0.08415702947630459,-0.3706832350820003
0.3198946294474119,0.5287603807290229,1.2037600219063986,0.8368387542934596,-0.3354324855284794
-0.5010996021421843,0.13374585991389787,1.02069879676478,0.27020113495759285,-0.2565293958270618
-0.46164459129794616,-1.0814244519050937,0.7648252020522655,-1.4414384283914317,-0.792658089118552
-0.21158675127386975,-1.5357633777670274,0.6966296845393023,-2.1071467823009935,-0.7645323223435548
-1.115504816418364,-0.5825821847262264,0.13990748733806274,-0.9684068030449939,-0.8177399145465695
-0.670266854999262,-0.7324616559777802,-0.3892086946864365,-1.032577671930468,-0.7083624488820026
-0.7730096015291961,-2.41247350034323,-1.1183590528159804,-2.764224217739589,-0.6832523508932046
-1.1301405538554117,-2.5089409581069098,-1.6003128150538322,-2.77960131751561,-0.721249665361506
-1.1462581270948164,-0.42907393860518267,-1.5183294914207148,-0.5296164245756966,-1.0510125514209443
-0.9963851387608909,0.8670620468817329,-1.3611888306692448,0.9564440201644032,-1.458015169415414
-1.1906488294483284,0.4594726582549576,-1.2181447335986242,0.40572272902227113,-1.3636666472892633
-0.9165805396652962,-0.41622434308277373,-1.0767201837109823,-0.5720812232145452,-0.7873333186991888
-0.6927888012500627,-0.7231990140943834,-1.0661091497568038,-0.8380058145836902,-1.1531904249839897
-0.6108408630127811,-0.22553911458568598,-1.0680913305543163,-0.2883622265342182,-0.9642601820146155
-0.8473752524666798,0.783075894025137,-0.6315127774953031,0.6600883157285481,-1.0953658464230125
-0.8625136220700182,0.2594492852629496,-0.2453785534807083,0.2002950415420074,-1.0152763189013532
-0.28444972111249844,-0.6836520741094271,0.016486431804151748,-0.5627286998005958,-0.8355340189647443
-0.31816539891088447,0.5600452631125521,0.3325216400499977,0.4111995977943146,-0.777569910150461
-0.5469188376820103,0.9720222774776085,0.2617647396784622,0.7282865487716198,-0.8771530007433356
-0.5049125346995729,-0.38252974607562135,0.07471757767088089,-0.4829772590123789,-0.78237118232773
-0.9195049183408649,0.20208654146172828,0.5525941657444416,-0.017583051649579726,-0.816083395347671
-0.9507765103540672,1.256239476294501,0.9199596194065194,0.9838452234132132,-0.6599396719359557
-0.537940159850627,-0.28234563305262766,0.6829076950914355,-0.27836316446776616,-0.5090393058705497
-0.47227367812741344,-0.6461799870465479,0.49056442294907454,-0.6824959841003689,-0.5033113692070733
-0.49180927862101154,0.0904819427312712,0.7080594918315823,-0.02007010147310959,-0.31447144598341337
-0.7958561023560639,0.30073105260481875,0.8983303399659771,0.23788876018898422,-0.2242708699750249
-0.5481182314744812,-0.5583839200083637,0.1304356970180919,-0.43801555128866076,-0.13668541937547637
-0.5107446477380398,-1.5405752183390478,-0.19146160378981714,-1.1841055821355033,-0.09060650351620742
0.7499369504491342,-1.6390151483038313,-0.38515711738156405,-1.2940820107959705,0.02668952675970104
0.946300777242907,-0.806964896694619,-0.5958346995707723,-0.6091455052155184,-0.09747860924745694
1.1696728870904902,-0.08219862128951977,-0.8264426837658432,-0.048400914384233086,0.11967150341144467
0.8799270067853829,-0.3985213639944958,-0.4745700736880868,-0.3611404680387525,0.37718052234257116
0.6986821865264145,-0.1641315875309554,-0.4725597090994158,-0.14245767516189953,0.27846238328895784
2.591928904989438,-0.7081797460431151,-0.682838556551687,-0.6731265793502401,0.781210938774429
2.8108600522294758,-1.2108479448062552,-0.9538645106490333,-1.1143684610965827,1.2403792178017226
2.778140830045938,-1.0094777296292803,-0.7213494985139146,-0.7677155147575526,1.4270934638818913
2.64393041430207,0.020400890218388756,-0.335812419841798,0.21016306800796816,1.1660336817695904
2.143239463097315,0.7807639350556032,0.17778297420124117,0.7547956803869525,1.5755307862273467
1.9529291113112799,0.4439025327905098,0.3233365613721859,0.3985426234608844,1.3276697348452082
1.4552853656301172,-0.4346095530258749,0.2733107992896486,-0.5268211166954485,0.9113224002691371
1.7043488976161651,-2.1621093586085496,-0.336585524165301,-2.150929196387407,1.0178016795051492
1.8468385139583827,-2.3869676984172274,-0.6588089858960444,-2.064610496483908,1.2367667301201266
-0.049544312934812915,-1.212354107061906,-0.6844151328343203,-0.8516004289231501,1.1696992155510026
-0.2836764611421589,-0.6276876527081586,-0.6436505037619616,-0.4127563843219611,1.1057435358745602
-0.14028873456368246,-1.040415772828593,-0.6831799999234939,-1.1374628442835588,1.2475130908398673
0.05021995211817247,-1.2953927012099995,-0.9694439351008945,-1.5958315214518652,0.7662608911746002
-0.5740452775412852,-1.113427273777867,-1.3292513261875345,-1.3528350810181904,0.7454713057395648
-0.47443419467475856,-1.4527204023967721,-1.8802724978740135,-1.4204877369946123,0.42375047500047497
-0.21684482778247754,-0.6157346571484559,-1.7218446549873967,-0.3174181118840111,0.43976522088939346
-0.6264970467837314,-0.4643192940525424,-1.3563715294856715,-0.3852487417252303,0.48419338330883493
-0.6278294706543308,-0.6262789592142989,-1.153932832255487,-0.23556011779935426,-0.020610443613005926
-0.2377447271820456,-0.05886497256225479,-0.8429307545630256,0.2239357952294275,-0.13692574523312007
-0.2872767847001326,-0.6423845287976191,-0.9261388888035154,-0.7744921520172396,-0.24087641879948465
-0.6402094052367734,-1.181831729966027,-0.9298873806485599,-1.1237458828554687,-0.04278727295999508
-0.41463415877617515,-1.4040259997582223,-1.0771236382992682,-1.3224256067410762,-0.29498496337154556
-0.5686348382711295,-0.4168496645314356,-0.7475261021996222,-0.3290580967948971,-0.14863339824050475
-0.5183656440530668,0.31983798787544376,-0.44934654011286423,0.4435412308115328,-0.06725508687185378
-0.7482055998632413,-0.21505176547424326,-0.6055765331808378,-0.008843068794051816,-0.2835052258455188
-0.7187058058041139,0.25530743595333644,-0.23032038098870394,0.32994433617629876,-0.5841217622305128
-0.6476553820041616,0.09283731438492719,-0.2588057549092864,0.2286416007454446,-0.495819205692391
-0.9969638706175317,-0.628757028067729,-0.4778045294820267,-0.321369906561051,-0.5357883853294219
-1.1015934190027163,0.19758778264211482,-0.09367828222376262,0.3585971782855381,-0.7276489072771962
-1.1118357288439733,0.7879457705858549,0.22053434394326407,0.8509489356990542,-0.7227308531889118
-1.0994373794436543,-0.4037318353655313,0.14276325422943092,-0.10293389203887986,-0.6981081529414827
-0.9027809805079758,-1.4263812940203562,-0.30381737990578006,-1.0011498199890667,-0.612436833565979
-1.058714732600303,-0.6561865200905865,-0.315271229734417,-0.3293036972363397,-0.8936232586104105
-0.907498504087172,0.571991677636327,-0.05187763137062753,0.8624023323428935,-0.8310799317395452
-0.8680936265829298,0.8868276140836562,-0.14075405860866105,1.1945600285906035,-0.9343340861329423
-0.7900455239260544,0.47299438373381597,-0.04186478152307156,0.7670321300701936,-1.108224075489688
-0.8203502054423438,0.6178595143381531,0.18085431338764807,0.9590545898211934,-1.117895125647372
-0.7493804579004403,1.2237248644078476,0.24162529947168682,1.5152772836964388,-0.9565981134081557
-0.4232153162769502,0.35836197247172513,-0.05029375580365579,0.5513292270751844,-0.8243505588432939
-0.1985018617125381,-1.296560411983303,-0.07838935638422609,-1.046582396328756,-0.543821720556606
-0.20588290985866348,-1.6130665238528472,-0.045742743661208084,-1.2561514221521373,-0.2904961449019755
0.11181445287723593,-1.4599281813312683,-0.3440142339447534,-1.0020707437386924,-0.17382540262909654
-0.18827756036620866,-0.7257919170514825,-0.6217109147051181,-0.32584023541017443,-0.25814880747568486
0.24278596426408505,-0.14075501454561476,-0.7900230479464754,0.13816829450871845,0.2234725900820485
0.7177816584277125,0.003913656652327297,-0.7133837842386914,0.21943389148375472,0.5458991712069117
1.0477904519082315,0.6289452071770051,-0.6809243101042852,0.7179690466620908,0.6781334370532682
1.0709102382637037,0.6099028362972507,-0.8850732966324144,0.6259576212628568,0.7328177179437158
0.7737536560770574,0.1898423469662302,-0.7084735865529088,0.253225134821146,0.6135025147103366
0.32938351072053956,0.4368140033101837,-0.14675753470868602,0.5858212517304187,0.6162585847635312
-0.06736089912837871,0.8888178370994106,0.24540434571215938,1.1560902233638464,0.4053702549367573
-0.5551608437523885,-0.22350550862661808,0.09233546256930533,0.436412817101928,0.062348299859803176
-0.41730904895964827,-0.4521419142533589,0.09963265933779628,0.5644478820096198,-0.03410124198184432
-0.4096506507208759,0.8924282595268207,0.4466748334437137,1.36739709877388,-0.04403600734235366
-1.3599055467413956,1.1796087134374245,0.5698813417326616,1.0269976230383004,-0.2967492455588462
-1.6821950544966264,1.5849029487314237,0.8789258638535813,1.3830267435580226,-0.2762047683344598
-1.6701961684094624,1.5261988957375128,0.9569513086475263,1.3546652038534763,-0.476004902777147
-1.608770246069927,0.3801047340171078,0.8814893749943872,0.42149300844765863,-0.6936034829292628
-1.521273971118515,0.7004780375913688,0.9659398381952091,1.0678768619772183,-0.9422274632639258
-1.3164934374982837,2.013559198491157,1.343473096978296,2.398117515680266,-1.0446969688283751
-1.0407262977359084,2.6808040608908805,2.3170363459155388,2.939968348187028,-0.9687944914295397
-0.8228800447121991,1.9720565263549223,2.6856661769885646,1.912233404321669,-1.3875379943379593
-1.188563946622454,0.6482755437643544,2.356318770368678,0.7397652911895599,-1.6278717972167815
-0.5240851000617438,0.8289565389977926,2.432604298682385,1.169326704974109,-1.55609451565624
-0.4760314378451819,1.6478980882310088,2.3094694100930706,1.6085580554799943,-1.5561828605385526
-0.5173457558237923,2.1447465824556704,2.5612726993064348,2.066616988664831,-1.5268396111102085
-0.5477588331168035,2.3359226359490006,3.0748438739317083,2.175048313429695,-1.6574542527912306
-0.5638764063562083,1.5335645221245542,2.898200607610539,1.4008302759130569,-1.4079502176487269
0.7378897842342352,-0.680663252341007,2.0443079822371,-0.6465777231583624,-0.379665486034369
1.0954226036160413,-1.5851319224226457,1.3691435647421075,-1.5989712914993184,-0.22299349560478904
0.6505290732323022,-0.003183446941992205,1.2288076150790563,0.0014102275652323375,-0.49845584325048187
0.4545843023606803,1.6036500533399038,1.6643010138706464,1.588785090034092,-0.3334978253071348
-0.12273946447237441,2.3228555369668795,1.8240754841476365,2.226238805228475,-0.6226531025584365
0.04060813969263387,1.1637206592838905,1.4676564064898527,1.1349865874496672,-0.3455784962029383
-0.06884497726746437,0.8596168834888505,1.3545473786175783,0.9000420259794576,-0.4014207810499299
-0.15061240584165017,0.9917135961704298,0.929379557529954,1.1132192628673068,-0.4481687276861813
0.06860691945168988,0.4235686055876482,0.981430778648527,0.6637943475616538,-0.2423510650520529
-0.5571588769299164,-0.31314334267345467,1.1095271132020044,0.024532772809167713,0.284656994459019
-0.004517305422626783,-0.4666950084037781,1.3073304553458804,-0.0980770762281319,0.4426514430225983
0.15317506598362157,0.3327465280378041,1.191831603581008,0.567661848317163,0.3058300462776321
0.3296928132139626,-0.39939827822080454,0.5830775591720533,-0.15518038529488337,0.13128381577774367
0.5468579592376374,-0.9295954843175549,-0.035475839480758754,-0.6490831667489366,0.16647739507569
0.327737407130779,-0.5203529861694607,-0.1247618242244487,-0.2646580413407113,0.1842731981123128
0.40509904259931473,0.5367216990491899,-0.16579551397294923,0.7066886360115964,0.26586219244321574
0.5568578913886217,0.7966675729305694,-0.18858965077484477,0.9677190091157701,0.3361882817712806
0.37201695214856534,-0.36569274276931796,-0.5265062985477499,-0.08207989248547824,-0.31926806590959006
-0.3745535599366356,-0.490564443800823,-0.27883023927239303,-0.3408382561080326,-0.497212002856747
-0.9282063066484681,-1.0345609776658344,-0.7207270551976733,-0.7575188655478193,-0.17710966081570248
-0.9967031954874266,-0.7833759135611775,-0.729415732903901,-0.297504901509321,-0.09896007421381706
-0.6911518037301352,-0.31318581898602904,-0.7780778495874343,0.1251599405281721,0.0709460353046096
-0.8367456940767743,0.039994466666506426,-0.42106214883212323,0.41759759413836056,-0.29025117874373124
-0.7345447563091041,0.30984581016678936,-0.4660060241142221,0.5438714322005614,-0.18400972898748794
-0.7383726956392653,-0.41487143364756945,-0.7941622333906393,-0.16605097502801347,-0.028677435164243516
-0.8174795464644358,-0.1697675926455031,-0.8422493480718894,0.02715834732233435,-0.17631421471388992
-0.8613336059806382,-0.6585510536693522,-0.929179426563991,-0.48613602319234883,-0.7110254067578448
-0.4686892644476397,-1.369977706467357,-1.1920255950862513,-1.2664997731356478,-0.7710812038849861
-0.1720509447095318,-1.0376662819365088,-0.9425049462938151,-1.0688236757385186,-0.6072419877894244
-0.088879180453117,-0.2736861036067442,-1.1019064872075257,-0.18424136322910892,-0.812653270372124
-0.5986977305228561,-1.1426833236174192,-1.3642916313988676,-0.84395922471024,-0.9608087798977609
-0.03241018030210766,-1.0557671034372744,-1.497854904353331,-0.9419896961031741,-0.28926674433128474
-0.40730862994217965,0.2354760130081496,-1.4958798221237712,0.38629452942262993,-0.5658314141556751
-0.36303687714140637,-0.012012591653156079,-1.4829829096325333,0.2612464203585155,-0.6106265371653904
-0.24755933440924532,-0.5238151644822985,-1.614853530008769,-0.4889386878590554,-0.5919034309762367
-0.221966087706922,-0.6532188621796905,-1.583395372224402,-0.6312741248111108,-0.5440556742095607
-0.38103491780061627,-0.5454854537652907,-1.3796615594566917,-0.562307106986038,-0.6092654987223619
-0.6087498929661285,0.5461307510866186,-0.7836138545297868,0.12383134931178452,-0.22990983943183296
-0.37378962702082147,1.539276091857431,-0.39960075732278233,1.093545057483382,-0.24528829971097255
-0.2858950179718099,1.9261956290485212,0.3851905105909541,1.8910010996203848,-0.2588348637367789
-0.5521400241682931,1.6482059672621656,0.6105047437032004,1.3380782205777821,-0.16260897771331304
-0.27849795269043964,0.3962434382471336,0.6770546519378751,-0.03305874078128387,-0.2818958435126818
-0.3526557676171583,0.2719665429093989,0.677023320106662,0.3677276029059142,-0.34217689623920206
-0.5728919823055295,1.3595822729173623,1.1999451942612498,1.4588423799153742,-0.41135617198515995
-0.5383261868769255,0.8780276274892507,1.3867685429173848,0.709514842543337,-0.5910064956365554
-0.625907820597423,-0.03450917728619591,1.4173433572042549,-0.13097204215735428,-0.724974767522035
-0.9467529945026161,-0.8053317199687411,0.6319802723587132,-0.675365009334302,-0.5125546080037955
-1.138219390441651,-0.7689249506729113,0.3929010210155094,-0.53992825282514,-0.49213799097595323
-0.9718158145093863,-0.1743979119424077,-0.025980446526520935,0.04521984204736385,-1.0592551936732635
-0.7414576516902702,-0.8930190379591848,-0.5411501084262041,-0.6016228582928821,-0.32223913298715934
-0.8088691025732097,-0.9377297802850019,-0.6528018211822315,-0.5516295865517306,-0.4131500694855033
-0.9012846617847687,-0.5261088570515413,-0.6565740346218918,-0.12594282876952947,-0.6040175973966909
-0.8558804594088162,-0.03701102158175736,-0.9677440140957452,0.20309764759536733,-0.6089007054939103
-0.25705364549539506,-0.48650330189736046,-1.188837008105361,-0.16323641193099292,-0.04327078281528223
-0.020373591859083405,-0.4934548035176651,-1.1526651242371477,-0.012820835782227556,-0.22688619783950806
0.5931737465133027,-0.49208674285697324,-1.0837509238261982,-0.024938055121738485,0.18336008154103503
1.7776755398472261,-1.8480598933090686,-1.64372387641042,-1.32129146012006,0.7102909639575744
1.9047375667208857,-1.4633314866996268,-1.5702365971866963,-0.9534855964268383,0.7460361854961488
1.8081063814580198,0.30960667305651907,-1.190381438741408,0.5894537592402828,0.8561585183816081
1.9290261254314067,0.5125572525477388,-1.064370814817702,0.6209949801832031,0.9317415684761085
2.163387887087144,-0.2652581495981664,-1.1126129108233362,-0.07432963892755291,1.0961682783254434
2.4225655104382913,-0.7130917250584596,-1.332884174212269,-0.37162612682658724,1.0880330959003721
2.037075882993414,-0.17467293138830514,-0.980353191668676,0.07062841616279715,1.170933617418965
2.0999093788669905,0.5579443186271742,-0.8969447488116205,0.6877065320868566,1.1460508383581642
1.5135891802316082,0.08785255889595872,-0.7173017283043477,0.2698948013855443,1.2631997800284769
0.37459555150796425,-0.3248330431186909,-0.23074854117172924,-0.1730771573111688,1.1421544164664026
-0.041476496241853865,0.3872850964338932,-0.007485743599498773,0.3771009054393117,0.5989475698056356
-0.4781905982031708,1.2609498499367575,0.07176238387638642,1.1501518310250214,0.6689958863765384
-0.353362790391741,0.07040970558826806,-0.2068205256015884,0.2024163881060349,0.7602133594129387
-0.6849019941892202,-1.5226009733022277,-0.41758785566458984,-1.3513370871424335,0.6634178709173938
-0.8847251479601095,-1.2270388183864973,-0.4337179908374555,-1.1017417746916371,-0.05544179018854279
-1.1582213765595815,0.29070095705910404,-0.32769627123552814,0.4050541679148583,-0.281132304895224
-1.7637872447866556,1.456940466171873,-0.18753356592950196,1.4244503197499154,-0.8628578627572141
-1.8727276639432813,1.2108274690191831,0.03897175337215357,1.1891522044950384,-1.272314505499286
-1.2052389939140766,0.7749035058027968,0.2804277093310308,0.656318393469001,-0.9773917473299264
-0.6021504274161512,0.7048727458792127,0.2502911371661536,0.4944561757167396,-0.7213519647007317
-0.6656922829953785,0.5591351497382605,0.009699870201461794,0.42663249009620546,-0.8782816879328144
0.5102077032628669,-0.7837169908830631,-0.03625307645538176,-0.7047554348057331,-0.22412174669289472
0.9275933211237634,-1.2081130976965988,0.15930118609883337,-0.8485203302863441,-0.17585677035387726
1.9365194903862428,0.35415795082606355,0.7297397316491498,0.19038432783055906,0.38208855934898056
2.0597023590822365,1.1871317068540288,0.6288496823991216,1.13847801746673,0.41451471610444507
2.4416222719392024,-0.11248926380889576,0.15835851773186846,0.0719822430141013,0.4311629028568916
2.5785347863890036,-1.7728415365147856,-0.3678032179530606,-1.9579982723019995,0.5051035695620172
2.066191617408241,-1.4085243695502496,-0.8324677854334852,-1.0931377844403027,0.7059287090234188
2.2231785411147547,-0.2612251230835722,-0.9338831616117975,0.23348329147632974,1.1965271860768838
3.132643116474852,-0.2337520983041173,-0.9308301814329587,-0.2783988176145111,1.5062157659487183
1.9688256947953398,0.35668485125584554,-0.24202630674476605,0.0028205207164010634,2.0716507786427645
1.783027104261756,0.4195473046325646,-0.19759034356128558,0.10755281371382275,2.06910714437038
0.7230153531088012,-0.3268572560682811,-0.6856899748863863,-0.3539004042541484,2.0694273366422458
1.0298088812161121,0.08399795610400464,-0.707004423624507,0.1704950907797422,2.5419812007866813
0.9539412870763326,-0.006805689681049765,-0.6311689345632305,0.11742894595556906,2.453209956404166
0.7926440946122789,-0.4305315566123714,-0.40269901038070166,-0.20251747263702732,1.8989744806958675
1.5362933218974604,-0.3952716122729785,-0.24614081973334917,-0.263339790630491,2.08853239808601
0.9637826273084278,0.2551551387131874,-0.11344096196095446,0.26846071765144525,2.202250933222391
0.21273194359626113,0.9716333947613242,0.10066890125678145,0.8100234981798805,1.4823857778231586
0.5448983839151748,0.4943127145621946,-0.2676197706370699,0.4317252140705518,1.7483868750266183
1.261937713163166,-0.6708527845858393,-0.44070389713985214,-0.4317462929037585,1.614899238709404
1.2641625685357765,-0.45017509628931973,-0.3746569988447619,-0.10674953514419694,1.5534705216420255
0.7834315882048097,0.4561987768952883,-0.35604593169044335,0.7050025377619268,1.4551380911262708
0.7497159104064237,1.6854585418996717,0.2099327404011379,1.8513462283100008,1.3496156263518775
0.73135976144897,1.139224301555021,0.1983208299114927,1.3551358042866113,1.2257844201541257
-0.19393141346113268,-0.11170075414494965,0.30642685237489836,0.030569949629268327,0.7685899860476677
-0.28186938955334406,0.4954937025858264,0.28648699593811044,0.6030026193628458,0.4360396481147727
0.16569548813632973,-0.6644252226418783,-0.3637899428521757,-0.30406620120100847,0.21222488690230856
-0.06887450120107555,-0.94601020795591,-0.2912933351600136,-0.7510310304276496,0.371406939878601
-0.49014446584673077,-0.3239872265718039,-0.21641086722724967,-0.1537523700653937,0.5598841968696282
-0.4586553197632345,-0.3977348474748204,-0.13879145706263546,-0.07786115182309951,0.2779669674082038
-0.3068964709739274,0.34446011915970787,-0.12217563647334495,0.5951062005396036,0.3444972718119479
-0.25096714019828115,0.4293400833817113,-0.4889310363967506,0.678454533038184,0.45522254533603906
-0.3281362636072089,0.36531376395414267,-0.1659132145751409,0.5311002647312232,-0.05988227611301226
-0.20650996370460112,1.0851041922136344,0.18368445757141674,1.1331066330404602,-0.00900801114570976
0.05421548780574873,1.4494898319611291,0.2911760681744673,1.3907210150019125,-0.012511090782478293
-0.4882214259526278,1.0074230016640562,0.8790813574901052,1.0054974089431146,-0.4322297838918953
-0.7376405311906549,0.6242920400380797,0.9566242736239182,0.6540880095438104,-0.8693882624277424
-0.5036282486859169,0.5443771179299246,1.310688730311953,0.5228930802633902,-0.3792804009761624
-0.7318335480772568,0.9609602009817546,1.5093999429134959,0.9044962175878579,-0.4528621631611756
-0.8109403989024273,1.4277400941953693,1.7209049830261094,1.3233413245411407,-0.4195990257986098
-0.7343920156730618,0.24447902549195472,1.413759407800576,0.269125875657842,-0.3966505073493211
-0.14694541989958157,-1.3550650512883662,0.9552852677772784,-1.2085340059060168,-0.2949576874139534
-0.31924296062274105,-0.9588946466983407,0.47095652127045096,-0.7879190103735817,-0.38782134967353254
0.005425597685607253,-0.48594500776240385,0.1652299736575538,-0.45763541861260926,-0.1838049025008025
-0.004879945562725268,0.2720188154637221,0.17799181289648427,0.4512205936750411,-0.42645191768118557
-0.20204799000303772,1.3809933173509503,0.47352999662410605,1.6531170854034098,-0.6368204496875857
-0.08193606952671358,1.0735091935250263,0.522140704443775,1.0153515884310538,-0.3314562874419846
0.2401110533714932,0.7008105780448229,0.4500330170407354,0.6665369584802985,-0.31688190583355164
0.29293493771122525,-0.6985828780807972,-0.11850045797771411,-0.7610713895735578,-0.3338635847308289
0.2814209958552181,-1.2215144044474031,-0.0011515831794921966,-0.8936913774972558,-0.12167904772821453
