cyclostationary_mean_tg_0,cyclostationary_mean_rr_8w_0,cyclostationary_mean_tg_4w_0,cyclostationary_mean_rr_4w_5,cyclostationary_mean_rr_8w_3
0.20782750110655215,2.305628917246108,0.3299942366453679,1.2031536943857613,2.4242497461168773
1.3828995953116083,1.877034967245167,1.2955043220258766,0.5999173250947448,2.778122195390889
-0.5417356388335534,1.3307561536485684,0.6057480246567815,0.2604116058355481,1.765993002378358
0.9872757722294078,1.103247209812356,0.8784072708506119,-0.008010077059324145,2.311483890644007
0.15568342620250145,0.9537082648216643,0.7713344270989659,-0.03179267296217209,1.9458657120074627
1.5062818129099775,0.7418546663097435,1.2099681537632385,-0.4632942052314836,1.7037019106889626
1.5314782280092818,0.43494445738732684,1.2727380349559898,-0.6596650939924185,1.2731303238027456
-0.027130488341874134,0.36071035209282043,1.458741908304244,-0.691177603881682,1.158022985657776
0.3057700454127058,0.6441477490855335,1.2607774530664777,-0.4208077215240819,2.169670405735167
1.5673514121213796,0.5948199881846713,1.7104716728765734,0.08581089074873999,2.383546969140027
1.7362787320964344,0.26886631725465415,1.7688125293434536,-0.010346232857604372,2.090192033107098
0.5578855442893564,0.6938108209665578,1.4511307429192302,0.5817671532051425,2.7360006737617732
0.39572794821550467,0.5732052104777994,1.5687916495631264,0.8081499220798896,2.3200270811303407
-0.8135484492477159,0.866747263933745,1.1916754579051974,0.8634573368518728,2.4426383455499625
-0.7664883810813066,0.697550303719159,0.46329160354606297,-0.0006380681137176936,2.369418140327722
0.3573679422221146,0.7233029794411461,0.008551067852978165,0.04212561786359717,2.3609366119801747
0.48896414025327223,1.0042897911926203,-0.04682862377573399,-0.2511296053380695,2.468617917667263
-0.18746991637937968,0.4854970688932046,-0.25743056623366073,-0.41614963602182214,1.1953644990221917
0.12180752120278802,0.3949046333817623,0.010821024016241673,-0.4671735617560341,0.8785664393529423
0.46657793033328293,0.508240621042006,0.36600032321951864,-0.20527307888502525,0.6494661744988734
-0.4066931786692959,-0.056352697641116736,0.12908679108676221,-0.2051915324340592,-0.045823005944173864
-0.6225789948888475,-0.16392795755759235,-0.21297944205796618,-0.585090135516917,-0.20891423374574888
0.07920572287689641,-0.3228581630268157,-0.12574214661348235,-0.42266462897679424,-0.3971123445212773
0.24305496712134222,-0.22220791467556494,-0.08714911621007483,-0.6406490694737743,-0.41716223282487397
0.11087720301021697,-0.18359427472446874,-0.19722284391365166,-0.6980781937070899,-0.3168988057755698
-1.037933607231115,-0.08325264654812452,-0.395480558018906,0.3181051080280939,-0.1537807673104874
0.3483233768695186,0.13544322725330932,-0.08721119615465563,0.7949973196921853,-0.07867346738750167
0.5746791806099242,-0.06620726065700044,0.05840320891748909,0.5351803750611451,-0.31209592128229086
-0.18510968828461571,-0.10937747546268034,-0.06534491824841974,0.931706472939368,-0.26052596838964004
0.5175879636438561,-0.1057612662946471,0.06364785019493564,0.9139591216198836,-0.2322171924381208
0.20587133533873575,0.4461433348216158,0.45861947101686185,0.825929489419653,0.09524325091008261
-0.7340759917846332,0.5024038461017708,0.12057319355459789,1.0552564686736496,0.25684748692995346
-1.2941332021423944,0.5228082699986174,-0.4507108870451505,0.9663759815639857,0.4060490734552089
-1.1904286804982944,0.9821165178491763,-0.7648627188812231,1.1117345396146894,0.6513049768835328
-0.2735797776486839,0.3703584113557447,-1.0071525263555767,0.8826952008479838,0.13795899339716952
1.0580141752103192,0.311941943906986,-0.7500942964780293,0.09390425479294134,0.256161769961215
0.9266320521982554,0.2083424785799641,-0.22154593216404453,-0.5543880613693511,0.16857862060856363
0.9530237262806691,0.49785373487961043,0.4654170173464268,-0.19725129174686476,0.19950715536430638
0.1823906384580808,0.05551325664699027,0.8926092656137118,-1.2837325213649349,-0.36139078011392745
-0.6671381212610122,-0.236833899755185,0.7657907988414799,-0.5808652719581484,-0.3712645257565688
-0.7156301214986777,-0.5139125236589406,0.2220590648443713,-0.046210900363005195,-0.5815001595605948
-1.0392805827961897,-0.6588618872978866,-0.38533843734327633,-0.15142994384511219,-0.8497965454637498
-0.39746738019464495,-1.545472597425549,-0.7777760656670634,-0.8150232781208058,-1.6398240817198453
-1.7642931601440168,-1.5059730866498717,-1.377061056511171,-0.4925494297964172,-1.7455980703777816
-2.197834359427757,-1.7520427626491064,-1.8464513022682287,-1.1533378184369654,-2.1689493121873245
-1.0663750124348939,-1.686480616561239,-1.9514136337174801,-1.747542880163196,-2.1226085745289476
-1.6306604365229633,-2.0961350916214228,-2.1459727356866596,-1.7373525258053963,-2.2232951245513894
-0.6913364609481092,-1.6416253360278712,-2.252349260366699,-1.2778688523834463,-1.734806360438172
-0.5693422433666168,-1.8652438441061268,-1.8744541562758799,-1.2037803902955195,-2.103185300964285
1.0902532730404182,-1.858919667689134,-0.8285529229782447,-0.849365831903159,-2.146355802769185
0.500760397785653,-1.4118721601043724,-0.3425883086218913,-0.82752989607243,-1.9495087235317665
1.1713950655821743,-0.7031337279399363,0.5389807057748258,-0.09927648768908097,-1.507151722446163
0.498491230143974,-0.5652654039999485,0.9044777293369897,-0.2649191846803956,-1.2530465264539572
0.6971657071187619,-0.5659297595724978,1.2874257954008517,-0.40610650429319783,-1.214970298157268
1.144845560948471,-0.48230817526158987,1.2725996376657427,-0.6663411441440125,-1.3132775736042603
1.0444081918086976,-0.43826688907831646,1.438391864935355,-0.7191537185658431,-1.3072030543093665
-0.08900444574547736,-0.5515718484343937,1.0229908269722525,-1.4192580917572175,-1.3374072868458111
0.005102422726855485,-0.6570032384592357,0.8612240099955961,-1.4932451394891069,-1.4293780132045706
-1.4839010671742712,-0.10775411139724766,0.1795122568140572,-0.36420668193098366,-1.1488632500818754
-0.9410566461972099,-0.30078281526878925,-0.4728764272961754,0.04050118567312081,-1.1598310096018332
-0.18194534281246058,-0.8102056409429385,-0.8590282875528176,-0.16505067911435536,-1.1597207019276785
-0.8971505726444043,-0.6118168268956419,-1.1029498786046914,0.3431570067250468,-0.8874389062995043
-0.4317291219992884,0.21049734098148998,-1.227461325541434,2.0576287884501245,-0.4767294121961113
0.45019027078056295,0.07229318645087053,-0.6320474356906408,1.074433939360767,-0.4191662976735618
-0.3233514555081194,0.08156515860550452,-0.43754032063615556,1.2162634721307446,-0.28904138759065984
-0.004036721664502817,0.282716484166418,-0.38389744046016916,1.9499694667865128,-0.05132610208035056
-0.31876779842188246,0.41512662056928235,-0.20930249408488846,1.4680278601244758,0.20801295434624745
1.5669384655869467,-0.18222227299440316,0.40185324722660587,-0.004818605169874594,-0.028246796357043812
-0.630703900731926,-0.2516409041406245,0.07068328566743384,0.3245146394415726,-0.0615087954219455
-0.34097041498761976,0.020352789001187695,0.06143330098238906,-0.058353213714248765,0.0604265029843183
-0.9102201897398823,0.8053443330801351,-0.21497839132983085,0.5682586831111591,0.11610873573366912
-0.5788083786780956,0.32409569563213986,-0.28702678554598315,1.2170232266789331,0.1469128760398119
-0.7210724761891089,0.5365600357176931,-0.9968708961985742,1.2396799427714171,0.24847737984596283
-1.062766970988715,1.4547209366514902,-1.1284455013662877,2.2875980662272557,0.8015791251126656
-0.4215978285329719,1.3584623074331812,-1.1616368456787012,2.2167090784679164,0.6770583050965537
-0.7077196192725291,1.6409994515508226,-1.106047277690071,1.7679184741744751,0.7723561606646012
-0.554771026305258,1.8750007719276558,-1.108878072828316,1.7054515733055915,1.0226289465623375
-0.6945266336990895,2.0056188992258352,-1.0946624691569513,1.7950419918847471,1.2107083550244044
-0.10271565062351186,1.7321672741889718,-0.8090490351902789,0.1785813382628572,0.9709859337247966
-1.447486799284219,1.2094510174567206,-1.1118438694042618,1.058928788074481,0.9871499495765791
-0.8717306611201061,0.9711032029115712,-1.152481912623984,0.3723541954658422,0.7558387883640144
-0.10130691218076808,1.4092259999873207,-1.0045815958774813,0.4402507919325117,1.0250350128301757
0.7771939609677282,0.8617556708838597,-0.5456876434388042,1.0943877219996359,0.8958349437779394
0.11867591144920438,0.42876964672508633,-0.4630893541733919,0.9898402695688227,0.4364711062247625
-0.5155084747924741,-0.27552332399504703,-0.17728424355005581,-0.3225104521884698,-0.2232440442371379
-0.2155116044072294,-0.6266458321164841,0.031019031452730415,-0.4960055149393788,-0.40848133568269296
1.3726693463917572,-0.07168401407404557,0.4815194058283378,-0.5081665910922974,0.020824314784933108
2.097882086096734,0.8199050026586319,0.8632182632619725,-1.1225196923498357,0.31215130494946886
0.7686384625042516,0.7822391374087062,1.0353512360672308,-0.017207239472750328,0.13980794577924466
-0.0781482624851148,1.0138209007633905,1.1668026587345828,0.9885817099276137,0.02654154870898511
1.060956822391253,0.7026305671919824,1.5376964007527985,1.6288100187939085,0.003275232700165587
1.898911308218312,0.8683015743185623,1.7071116972620946,1.776752765844186,-0.19517319507566558
-0.11634852111925474,1.5564732546556974,1.0389050679734495,2.081137700524037,0.3213794704839854
-0.7519446542997926,2.022403155851909,0.5848224443361861,1.4976729109107914,0.7943682925700573
0.3225402752227282,2.184318505195067,0.718728757736093,0.9003749930505258,0.7562221713985329
-0.5560992987356996,1.3948263099041094,0.21218930060705252,0.40893857681438855,-0.01576636299331898
-0.671799209095029,0.606345152058901,-0.5982421440341302,-0.3958076741832729,-0.017167726290299463
-1.446781489354068,0.09778781318939822,-1.0333318777089058,-0.9641392869853858,-0.2794670700336313
-0.8871592273272382,-0.1282974397281109,-1.0730273154914263,-1.160422667346147,-0.17961076281516294
0.4934467050827238,-0.29012518379814234,-1.0311502730488808,-0.773162382986772,-0.6039534453550763
0.9837026115407052,-0.902386627374371,-0.5404485200335575,-0.9505657308435336,-1.0394896487859633
-1.060886599257436,-1.2624649798953393,-0.6445712013245133,-0.9620614690861564,-1.2098729422866352
0.4121276385866388,-1.439049190891922,-0.03318248063681932,-1.091771070875848,-1.377783525905452
-1.670736139052342,-1.2063735325245644,-0.283644508818725,-0.19696884139062426,-1.2397279554840692
-1.1223897479754847,-0.9420910150075501,-0.794133685203033,-0.1610043040071583,-1.0404491892847278
0.2478710251235994,-0.9983907531355851,-1.026773459977199,-0.03517381726555262,-1.3098849262855836
0.6772403473000473,-1.1242622200304984,-0.4873662511038119,-0.1034900313858231,-1.3038824132411821
2.0292321956994104,-1.2103697853549782,0.009722742732032448,-0.09386860721631698,-1.4062433580209546
-0.1301739455295079,-1.4136677370149962,0.48978059846683053,-1.0176330391245683,-1.318732941688781
-0.2580670384341999,-1.2463559198487144,0.7630949891051089,-1.194980404474949,-1.1461637470670438
1.2672997037676978,-1.2108011290696452,1.081001494248923,-1.2585542258730522,-1.0513924314855339
1.7730793935543248,-1.0652940493668954,1.4066960317450563,-1.198846579549941,-0.7953746854547059
1.5764931886510458,-1.4176868685942643,1.2625741789564824,-1.2570292105976706,-0.8380257943830068
0.9803162650998635,-1.6227735328320012,1.6193807672687115,-1.0319401187389663,-0.9578933403704951
-0.4372555697553747,-1.1254285788317422,1.5698788188533712,-0.9746154517102005,-0.5427034577432526
0.602166032659037,-0.9516794532192632,1.3621980542188643,-0.837209184425097,-0.40426122247044216
0.8504323518343324,-0.8076897231847311,1.093864640485237,-0.7665991200172022,-0.29968607942441877
0.5927141444955326,-0.5714273905037269,0.7941687607860729,-0.45807702655043653,-0.2167800013247529
1.1299796831395847,-0.5485676716539889,0.8229243082523073,-0.5379085685582661,-0.1489337573785216
2.536022996581323,-0.5913119918980823,1.739244135997561,-0.9593805644986662,-0.18936210846270335
1.2131645169180536,-0.5548168996659714,1.930985392422437,-0.8966194980546855,-0.16207189629981186
1.2048174097269888,-0.47111360333322305,2.025471356442456,-0.9296701369069111,-0.24334719764916035
-0.39134607451593467,-0.5598564585845319,1.7001590728981555,-1.1909586682297342,-0.31407492785063873
0.20187608197580661,-0.7928996013180781,1.4179789349608833,-1.2193192500860794,-0.5972385048824463
1.1638084653657088,-0.9081447796205626,1.0029164523908936,-1.1700514035566774,-0.6995901510806172
-0.15006084037404915,-0.8665213929323788,0.5838847465363018,-1.2812032263277486,-0.5515659903660364
0.32060244907619573,-0.8619364922160362,0.3089844209110279,-1.0952949859365264,-0.26333411876139856
-0.019087639996200445,-0.929730427942026,0.4268368290887582,-0.9817019539480678,-0.33922694174681384
-1.6741174309596791,-0.5544184275516697,-0.1567905712687351,-0.839914850113503,0.005896840560339245
-1.590036547919332,0.10690433209566211,-1.0239853089559425,0.14222732510276792,1.0485703946813998
-0.2723718269962668,0.6024861975625225,-1.0676313072257753,0.29493621314829094,1.3926629266822603
-0.013981797194813052,0.6571012303305369,-1.1634175344291011,0.05325885655917514,1.523640845737282
1.251681409217381,0.8411475692424345,-0.7726273077872463,0.25421838859919227,1.6410699320965036
1.1960257558567302,1.0901276881800352,0.10156077118628906,-0.04045393301535793,1.8700206935406711
0.3691751949935101,1.059727457053339,0.7094899165744011,-0.6087008938788045,1.5562408140030786
0.4965543586660572,0.742640755557393,0.9531852839310216,-0.9213743552515571,0.9499783054003734
-0.4733948345848997,0.806909256519015,0.806438373717539,-0.7011695018569066,1.1617378348871605
-0.02073484146350431,1.009333210061939,0.4075134474537492,-0.0014734189850896197,1.2535099364766245
0.4115382042958049,0.3455950227411703,0.1998416485198512,0.25767227909707746,0.14035001907767347
0.7382823120046638,0.25958442202927634,0.3067323315306048,0.4478328166083005,0.22794642947653365
-0.8998373858202676,0.16459486803832304,-0.14496313411035197,0.6149285545375667,-0.047784772588745854
0.6156299562391648,-0.1431119476662981,0.20892098789520505,0.5079202464391712,-0.10355738440384403
0.6223658624304446,-0.4034864829906979,0.43920253361453615,-0.4598234584352548,-0.4288437236141867
-0.5473706386627761,-0.04155066294531049,0.13081150730772237,0.4290113820063452,-0.0049219006798790045
-2.381012725524389,0.47760392296167287,-0.8322217378422134,0.8376236084407409,0.8247508437209298
-1.9738097085451094,0.6427236101026486,-1.1535821535788262,1.7234346497042392,0.6525908979431204
-0.9197595858725532,0.4700032100742481,-1.6472840556761645,2.047171191862602,0.38547083191096704
0.3440314030931333,0.5459956128208986,-1.757974773233022,2.5103405760925455,0.47887049995279163
-0.7502583771499948,0.011061787926235012,-1.8377865275931853,1.5099186385649264,-0.17375586222643796
-0.15562392507980666,0.0583857616072182,-1.1513244193031185,0.3081914202986518,-0.02047878620390529
-1.3570092784726606,0.18444360083337089,-0.96622027933199,-0.09070091626495873,-0.0034876176650978944
-0.45543045381296676,0.24195471515040104,-0.8309142546147804,-0.381372714018701,0.3815953546489338
-0.7334313594103408,0.73813782719315,-1.163545752812024,0.12288132133317675,0.2780669504646782
-1.7378029988643122,0.6326542840483294,-1.4721992599712135,0.4508946586775079,0.29733250159404045
-0.13387716589757373,0.2827575853869642,-1.4611494219511296,0.6320868355533228,0.22675819462221894
-0.9477311781955384,-0.04624615719990275,-1.3314011343437924,0.24836179588703247,0.029175098298736248
-0.44451629723230124,-0.1726922940430735,-1.3218578260749148,0.3220900872631309,-0.0336086356560371
-0.15845710784935374,0.09947850525809857,-1.1420152389697935,-0.09966634209623276,0.37946950254864686
-1.6390220502560395,0.2921009196648296,-1.1072389494783386,-0.32785028743377925,0.7629187923071225
-0.23630992027068318,0.19613688200595877,-1.1361147817802033,-0.1476917820288079,0.7671479753414887
-0.07750477030993046,0.31427120790256374,-0.8613988665040104,-0.14024549270263126,0.5440139952986625
-1.1198687285377007,-0.40352337270216415,-1.0771119709257682,-0.1110144057868874,0.5202991059644029
0.5364700142814832,-0.6528511037334987,-0.8565615250756978,-0.6001408142988185,-0.0811024702005301
-0.4867555064046212,-0.12987798869099992,-0.48525657803003003,-0.17447653279454017,0.29543908270999164
0.3613435784240196,0.06187722227297715,-0.2960701215228891,-0.10102549100889924,0.41288910320077915
0.12462187927076396,0.08539929854472728,-0.23465976642520953,-0.18815320496310345,0.40964224364152574
-0.04235697782541353,-0.09562080963049109,0.10865351015231536,-0.3816047567579277,0.1522284134329756
0.09030382259726585,-0.39332225747056637,-0.03615096284826215,-0.5838991052288899,-0.23080351848777064
0.5012440224335852,-0.47286721474159327,0.27381765590426693,-1.2525163478981762,-0.3615764501170103
0.007335171438029884,0.12113387868219475,0.17828310063455563,-0.31214358161322575,0.15715761625812602
0.31791849893043544,-0.12044675778122757,0.2471966814093787,-0.40371490686131545,0.031037081678834323
0.43046668993515447,-0.18382543292845566,0.39614144516630895,-0.32158430764220236,0.042232973264374696
1.975795644091818,-0.5502613792249035,0.990733013131592,0.09439574605673383,-0.04522923210291378
-0.32337189713010733,-0.6669120735484101,0.7224827353630401,0.1112806800313768,0.02191496515396276
1.2847225707211947,-0.8101932212233117,1.1066033497157566,-1.2161270925225673,-0.11356479601117131
1.831644471674707,-0.4202537631616893,1.5603155856255566,-0.33318529627898424,0.2785618550049371
-0.273983147038052,0.37827113044530075,1.3156202008457138,1.0136128513181704,0.4401322266511537
-0.03372999548043866,0.3263084741031159,0.6947193672998495,0.7689422372900414,0.4502032741958857
-0.22680201104823974,-0.7077949036759867,0.7406818528806256,0.533531019350933,-0.6202034915985754
1.2577665584293478,0.2008453089697316,0.7174809347054271,1.9563898896892213,-0.05463376020910253
1.3929275364263929,0.10214490643022826,0.6019276461772941,0.9708235264367636,-0.2948956109111628
0.2550249848453112,0.1510851699399683,0.7797655744305347,-0.2087317843317152,-0.4751265448851293
0.15904750688555352,0.05406532503617553,0.8140768376038772,0.08350595155229062,-1.3237516548729187
0.4473976302797819,0.15831213922203521,1.035899937520088,0.465733528419518,-1.42432318332941
0.42199994955210685,-0.33425703599778367,0.8182790315898087,-0.8423581088542366,-1.9347112133489415
-0.2093608305993167,-0.9528460877485743,0.3203089769464146,-0.5617747613803977,-1.9214925140235664
-1.592998989541667,-0.954768402228026,-0.2642153576173132,-0.7727207752830348,-2.0748189162611523
-0.9625752361678404,-0.6034831434737329,-0.6047254232891666,-1.0095968121207493,-1.6448502143335664
-0.004299453511273655,-1.5414971752047122,-0.7633874878941653,-1.1267931629976446,-2.340060506968544
-1.2180060366324108,-1.1194476314520025,-1.3116148524143447,-0.597928802584932,-1.9849627241016676
-2.831063567996064,-1.1151527708475961,-2.146779387980872,-0.6400945974926248,-1.9711936541062554
-1.3849180505922885,-1.251124178342357,-2.0627268462103543,-0.8156526375378105,-1.5015922468146092
0.652746834824161,-1.2856999093082075,-1.5286612840284668,-0.8103502972086791,-1.3986020465547682
0.7872904179013496,-1.1536121071866503,-1.2705040295793018,-0.6792385001835358,-1.2016914458400934
-0.019788486815516888,-1.1149004196023058,-0.8877142351549591,-1.1933919274723226,-1.4039673610661825
-0.676147144543976,-0.46665433487433855,-0.20139093546492032,-0.8382745542333907,-0.8316860295848297
-0.5327197700915587,-0.10810220900807457,0.06732013727699973,-0.40196038229668984,-0.4777084127094751
0.1499481713532956,0.1531119547819845,-0.09008216369906578,-0.3812418732713215,-0.30814999670266774
1.1607009109711213,-0.2409628116535886,0.013470548482333443,-0.3561662516324398,-0.5122798189599604
-0.7285603516215986,-0.27587088197850473,-0.19488233846385505,-0.20583587415358273,-0.6139047120868255
-0.4264649401299129,0.1565550634329111,-0.11547362903194755,-0.10919653086019296,-0.2167165386194772
1.3686608465084125,0.19030704289191505,0.47231118946490697,-0.4033290354439491,-0.1167938164318992
0.26782660055050916,0.07952439856528846,0.49347438030157204,-0.6980154469252512,-0.2541459273134349
-0.9051615216237622,0.0498309345890556,-0.1542066657314975,-0.845857634995151,-0.11617848333995513
1.247103284997242,-0.5615664947054573,0.44804495973053604,-1.0710274996755595,-0.5068172847582879
0.8649908568467277,-0.7770185509548064,0.846887691770915,-1.3663148096066746,-0.6976303526253584
-1.3395881712006272,-0.41838012283655773,0.01381824886647593,-0.7530077702266477,-0.4631086676669698
0.24946321717452855,-0.21911719134660843,0.007447368512990538,-0.3250264565164539,-0.24564042878162645
-0.09835944146403802,-0.15399777943345325,0.2625066999327661,-0.27683110540005296,-0.13723274904878102
0.6051112116970342,-0.3331575871763912,0.06558584480844154,0.09922128668872524,-0.27187528014517587
-1.5489774743395828,-0.1412495737102803,-0.6738911888684764,0.21094351361403724,-0.2229776069383222
-1.0512909356286828,0.05985705360014839,-0.5809002296597087,-0.495099145005353,0.11935269443308132
-1.7097147513164759,0.5713867877053336,-1.181670428093872,0.8129687392382147,0.34962762777237344
0.3512539626077787,0.7801747337881834,-1.0384291833070016,0.8986611247055287,0.6089831812734338
-0.4905163566343622,1.044940040732669,-1.3795647933862867,1.4344065295158566,0.8098651368372872
-0.17626029317850236,0.8103807108005057,-0.9660851589976893,1.4128195750219137,0.6548385762014299
-0.09276514829618795,0.6315276736521425,-0.6771983709547889,1.4699295409637463,0.4836055950155244
-1.089442014914574,1.3333460699593316,-0.49315239921656523,2.778846634422384,0.6874014615129053
-0.9401806841129041,2.0418936010926165,-0.8958384044986764,3.3015756020317033,0.9866342533835516
-0.7614169026867794,2.0148204846895363,-0.9655348066749689,2.8508013318004397,1.1021900440791335
0.7850052039199983,1.495212839997796,-0.653957347753221,2.162991582491273,0.38736762703742633
0.5215227889998995,1.5036106119432033,-0.45911600718590106,3.278977255384836,0.10046544112440761
0.2154421411912066,1.1004537762985587,-0.04861593219166282,0.2932142955642752,-0.28110230107320106
-0.9413274925523083,0.5782871293065092,-0.0639816225739169,-0.3996152017215406,-0.7093693361080319
-2.676108468285272,0.5119910445401296,-0.6752601742039362,-0.13540246381036056,-0.5427613978155854
-1.3302525521869752,1.006138258963323,-1.3341095675667334,0.48801209666403034,0.2175220915335873
-0.7072008537819096,0.18719223290377823,-1.710320793859082,-0.5340709662923427,-0.23015375168624427
-0.3474934752771863,-0.5286032991510581,-1.881623109622014,-0.15381125912776628,-0.5121233308916844
-1.3956452168925655,-0.3849805794085803,-2.027126837369899,0.4790216286253024,-0.44639286110408527
-0.7607872429100967,-0.0729110837014415,-1.44465858684387,-0.16805778064195578,-0.1318499942123295
-1.082124571212101,-0.5623675239811823,-1.3886433864828818,-0.26404142899098165,0.08568497858149357
-1.344279281632197,-0.3368063328088064,-1.5912779603308114,-0.3233127333707835,0.24164276912488147
0.29914241901615585,0.1676030185799915,-1.3804543824297224,-0.139472952165921,0.370074510752902
-1.0834216431902042,-0.06456574401715935,-1.2757238147371421,-0.6635209054636708,0.04880037709771941
0.031802716151059555,-0.2400754657568934,-0.9787172708278955,-0.43190361741850125,-0.2838278663262058
-0.1277383658941626,0.2624366809053035,-0.6871812158128691,0.09274631665120797,0.11147941604878557
-0.931147644956249,0.13977476217175316,-0.5634009383256217,0.2297546566175742,0.43546977155400113
-1.0416220830255376,-0.20942135695820868,-0.9987296548724943,-0.18094753325889362,0.17542721151590296
-1.3103104180031229,-0.0008217410682109164,-1.0589342750787016,0.012743260562701957,0.5208597120815665
0.6145947523799546,-0.10205312105408469,-0.9075505365866317,-0.2034648359929757,0.26609961392617276
-0.07666332199084232,-0.0849288866315377,-0.866222913317716,-0.8319794122196017,0.19101044391218758
-0.2882620285356844,-0.5291528384105706,-0.6574542399768154,-0.9912364296394066,0.08129894805543487
0.7167389882206916,-0.5636208697596117,-0.10604901230150172,-0.7114557904391167,0.023519195493077606
-0.5557914205558775,-0.6747042961245168,0.13333557209706992,-0.6825024927546933,-0.18914790270400156
-0.49501500601128534,-1.1761433191034938,-0.21131852589397557,-0.5429318054368986,-0.4100671658551394
0.8286610046695138,-1.1076300053607788,0.06687961047627121,-0.5917578890948014,-0.7894785581285505
0.4993317481965712,-1.1407725321357771,0.3088176923042399,-0.5853524812616218,-0.8042757146855216
-1.1709462365169823,-1.188706080341146,-0.26640778612043264,-0.5748205802420606,-0.9078833013727738
-1.2217012287003306,-1.1089261026136836,-0.470996010573655,-0.5315645459798692,-0.790707598596673
0.11583368976971672,-1.1905128194149206,-0.27396935034852704,-0.7647012800989204,-0.7615761011832328
0.833085440542516,-1.0419975176903145,-0.2640020779033581,-0.6314396427119389,-0.6366645962799545
0.6492081762863658,-0.8861150928971845,-0.20844847604499858,-0.47793623633611326,-0.458731877360123
0.1458045037297811,-0.7651032143307468,0.19635618279980488,-0.3481763799561246,-0.4386440142054366
0.8920753328767812,-0.7910957448344625,0.8631593381232884,-0.5918169209524903,-0.41937973630655545
1.1718198936209527,-0.6512834144358153,1.1841733116798254,-0.19047081913900296,-0.07680286084991067
-0.5543371655651556,-0.24259562018702457,0.7455916324731255,0.13804918313238662,0.3359467310760985
-1.6115354718055925,0.08196180406488723,0.0306168147699907,0.609179043033985,0.4291268723655023
-1.0915593734195967,0.3887126213761915,-0.3514137484677311,0.4772440059985522,0.5464339548456696
-1.35618144367321,0.6178503141863732,-1.0601213112935248,0.6162330776726168,0.6583945317528993
0.13503382947552847,0.39631558936090383,-1.3705441944783692,0.1628717132685032,0.5966079524014252
-0.37861471551159454,1.2555238688280907,-1.3158885893914674,0.48311508932823083,1.029941979090793
0.38695593024616626,1.5539140392720727,-0.6890323912696977,0.832517496118531,1.1724090284441497
0.6755825543711406,1.817894141788251,-0.1494185917763078,0.9785811251744232,1.2388290478046182
0.35776946549950994,1.6519008083262223,0.379293594407658,0.9020691599274565,0.9608034172433406
-0.03234667420721429,1.2649637031855967,0.3130724725410802,1.1092416657200155,0.5142572394618702
0.7675452387664893,0.9506645771791863,0.6724834325370004,0.2974966976655877,0.31967579791498435
0.7154709925876739,0.1854137667258495,0.784927469204226,-0.9997961549113328,-0.3658474900490024
-1.111320477197563,-0.3619641945289023,0.2630630411933377,-1.8278652492875471,-0.9454707665930542
0.32659708071424415,-0.29016965101635606,0.29024641570886295,-2.0262709137597676,-0.8753416551357305
1.1612256374922905,-1.1084305173402034,0.6603921498577782,-1.327697171327274,-0.94814237126431
0.8259459203912398,-2.0132483133820815,0.6658613507782742,-1.6054065034905054,-1.6540058007576686
1.8463593508877905,-2.0919121804013443,0.9978116307948364,-1.211599338593218,-1.4533354737116868
0.7274369959453213,-2.002964743889984,1.5341061382857386,-0.6704164696729836,-1.6726591577747585
-0.09012673172496612,-1.8778176640158721,1.3756556110405271,-0.474441476493386,-1.580234432610009
1.2642319805898354,-1.9838543554150896,1.424455573501005,-1.117237607081108,-1.6743465825024075
2.109397660644682,-1.6351934189831434,1.8455869735159351,-0.869014787631557,-1.0188142506579136
2.3835213365016417,-1.2408064083495027,2.0330595844513932,-0.9220242093343354,-0.553101444229817
0.943643387053717,-0.9290962020716873,2.0887423570782855,-0.8182554064962673,-0.15717854017569372
0.15052771748822225,-0.9396899498143999,2.1762754616232955,-0.7172144367380798,-0.3648944816381926
1.2332316343728607,-0.2863655802400057,2.157278955450538,-0.16462648498424096,0.6056593451574626
1.536603715662826,-0.45745567725716685,1.9609584424108806,0.015388200031846015,0.2618049300867995
2.0719785780147655,-0.5611500615402537,1.8574437148873946,0.08498581935948714,0.6125124627819651
1.860910841925096,-0.737558904591497,2.150035045291671,-0.1351801618821822,0.3784996483286835
0.7211909183933808,-0.7726644961839959,2.3105989779635268,-0.31322481121755735,0.3581513196445523
-1.8519973451523268,0.4401296237839568,1.331026427887421,0.8147246407511778,0.6951746188974062
-0.7940078996958418,0.6234371874142125,0.6029308288964472,1.1714197662142718,0.866929147167893
0.794303060720861,0.21543974002480973,0.19866333089781493,0.8081464242830876,0.3332468547978666
1.887844511153835,-0.05412367779098616,0.22412667745167295,0.7576743667253306,-0.03630327005463078
2.000316734599912,-0.5654091527414902,0.6199091281244834,0.5240643027870335,-0.804129490213273
-0.0414835007589339,-0.039403110409717466,1.1950237419482275,-0.8642470600274516,-0.4267890164271445
1.4953818537541297,-0.039983150095668815,1.9171426597197831,-1.404719229549274,-0.6412536532756232
0.17485948429326875,-0.01481325820038873,1.7291181614450724,-1.1552391696601898,-0.5077766790585734
0.5423624399145055,0.2644315737738662,1.3036061938006511,-0.7192121441013664,-0.16193149991901928
-1.063494607098579,-0.16927582526023147,0.3552007243368793,0.5617432726397422,-0.32116062266081147
0.2811583195524322,0.15170657619093153,0.46412145457674364,1.259840286586697,-0.26434681362000084
0.2822311551592258,0.26347305098312473,0.08756785052727838,1.1933764398569882,-0.19633190368757775
-0.9397120279842361,0.460351986887874,-0.26554276711601,1.4555997553238718,-0.0235811010516535
-0.6088230213839954,0.7698488164858179,-0.6212201889966609,1.1705933558157797,0.23949886683913757
-0.26099439970864596,0.23981782910947572,-0.3738163830025457,0.14020524745568155,-0.04319137226911186
1.1680829624316824,0.2872149794371447,-0.09981634287120102,-0.910773576565731,0.05337291589800407
0.17687096432413846,0.43008014384892207,-0.13150677595570578,-0.6297436981985739,0.15822056956338834
-0.7893409071075468,0.32385136299876316,-0.07915205748749118,-0.7286227431750913,0.03088736810435449
-0.024844787687122356,-0.488716513261641,0.0908355265941808,-0.9491359632716048,-0.3656826825671942
-1.7041316897830425,-0.6620361876472496,-0.35298783690645724,-0.5220184220488414,-0.33105745374272966
0.3822776113128501,-0.5555464700723038,-0.5887930769056046,-0.7243127705198034,-0.3314420868165733
-0.9120524985128319,-0.6305344857440563,-0.9238869570071143,-0.44416940608460087,-0.38860077931533804
0.981145351631857,-0.7894474718122378,-0.36964612996705365,-0.6052545075781965,-0.49828034470967797
-0.45755844922275213,-0.6602543520200905,-0.4944836348677334,-0.22357777249930721,-0.507995212934027
-0.23913563670792226,-0.5372307852401581,-0.03994492951227928,-0.6319180433415627,-0.44833990095217463
-0.04589049140169368,-0.5734086974905469,-0.1833937272690573,-0.38054373450371315,-0.38084155861560254
-1.0561397753260462,-0.7464640874433063,-0.23511767408149967,-0.8119774786797939,-0.5773393266712119
-1.2288473925335592,-0.2329484985648088,-0.9430771140243255,-0.36330301682289995,-0.604793666378536
-0.49489149534831833,-0.38417492493444055,-0.9618310094039592,0.1442737111096603,-0.995302850286218
0.048388415670631214,-0.6831156404456249,-0.8746770773330316,-0.09667620151661145,-1.04683428694209
-1.9575171916528655,-0.8243851692727387,-1.468213408452903,-0.23904473896398046,-1.199947838143986
0.19029422597348333,0.3362514845443932,-1.0886189142644012,0.45807684805923304,-0.5662460364627939
0.2061028610407602,-0.18232070536387088,-0.612273831946654,-0.2429362847064283,-0.9973315526822295
-0.22273851294754168,-0.32642964726597146,-0.5244789021910082,-0.9353062422283934,-1.214404879005514
-0.6452653472244796,-0.20632587410711853,-0.7499494487380455,-0.5420002933579886,-1.2342331670039588
-0.44476042781612135,-0.1694613348912859,-0.2788480244845688,-0.38805594711113767,-1.3521571970628483
-0.46684489654445566,-0.3875890229195885,-0.48443926986125324,-0.9197502087301351,-1.059000338224088
1.408532927810324,-0.0023364934276648617,-0.15662191388929753,-0.05638516760295893,-0.2049348742516103
1.1968727099737442,0.24093604245621544,0.2856274243221259,0.017520600345909465,-0.13836634005391976
2.030187692349992,0.30730684207875897,1.1397192946177903,-0.18688514810070675,-0.09241031227559203
0.748762298084133,-0.5108571649885633,1.4793302890888285,0.09954412976273047,-0.3540437681367602
-0.06572653586691359,-0.15018478761835213,1.6074799427086526,-0.044844100699458316,-0.02291144840839848
0.5065144962349807,-0.20060866148927814,1.3790609482859149,-0.6291674374916104,0.02434979158629569
1.763937028547818,-0.47734015935254126,1.5592450320144062,-0.8919144367192082,-0.25367865531441075
-0.2728440081325187,-0.40083025278713463,0.8138874180576144,-0.8205522657952962,0.16655525281371544
0.23743527260376995,-0.61276546070913,0.6807790311639307,-1.137958182249835,-0.10902676452493087
-1.57422879995633,-1.0781178365840813,0.21305793108134027,-1.0532824835857453,-0.58406896357752
0.289408270281103,-1.1917913075215028,0.127112620985369,-1.1124702592220232,-0.7403103715070894
-0.5829304875859533,-0.971281559788072,-0.59916428692064,-0.7866567417076683,-0.17756021710179887
-0.9174424185276289,-0.5323380344937548,-0.7825104922370163,-0.1609242207780533,0.103270476872563
-0.6539897100512422,-0.6748086189294039,-1.0507381843698995,-0.27473234670018143,0.13712562512156648
-0.22785756744457122,-0.7770217013761169,-0.6215223414717486,-0.5159196753112465,0.06031323771090861
0.1630973284644113,-0.6619905926854793,-0.663394990172437,-0.4446378594990344,0.20108040071716618
-0.9818126754218455,0.363284125236054,-0.7832105822271667,0.5497016238030099,0.5328154584025454
0.14840779023621006,0.6744346254105317,-0.4446206595572832,0.20114656798809513,0.7150970374868713
-0.9862153298040194,1.2133913266658516,-0.5434436583080395,1.3397887200260175,0.7592798870937615
-2.1262425770423987,1.9924106552758454,-1.1333900820935245,2.979462285136528,1.2635420331263387
-0.3352082061832732,2.1616058570964056,-1.2809441844414033,3.4695273371304265,1.0992674663665247
0.8543945029787049,1.5826591195546231,-0.7160483003677048,2.698511665399011,0.6050451495329929
0.011849253984917627,1.8150791193260696,-0.7693041260773659,2.436386107622229,0.6788965179080606
-0.45122362821217243,2.0297055559970474,-0.6105232013439601,1.6323702758832566,0.8981119434728304
-0.7448015098466892,2.11194690581612,-0.18185027311632074,0.3972238798929266,0.9208366330028124
0.45407847949025737,1.0995406917576473,0.054556610268803825,0.2784378102181786,0.4487685060050204
0.4873855613214327,0.7903291224429161,-0.059677715551475885,0.043599577827827765,0.31758932902519577
-0.33110211065237216,0.2367398123364985,-0.1681408931543057,0.052536006406440156,0.1676060980033562
-0.20270492827672826,-0.4250030257707936,-0.09632294330099822,-0.23101195739787453,-0.1483199672405881
0.8631495534934619,-0.8357772741460027,0.39408050542705314,-0.662189430971017,-0.4442659183152058
1.263431801239186,-0.9849722060835849,0.6462679366938124,-1.1060778738366597,-0.4924857695131647
-1.1370026980594437,-1.071489306714416,0.1408966543911552,-0.9956968092408017,-0.6071923078119803
-1.4069552749113712,-1.2917551354011492,-0.20318489961856465,-1.3665257254576462,-0.8695505754542866
-0.6370858095095465,-1.398312037523648,-0.33611068073106865,-1.284395126238533,-0.8300684419569843
1.1374017544385908,-1.5404992965542612,-0.24649215023311827,-1.124346757304578,-0.9942584952109534
1.3173239039394737,-1.751356000853209,-0.2306548862440013,-1.366188235285357,-1.1863539232732938
0.7314423496178558,-1.792505645516957,0.3431684074449499,-1.7011160498051616,-0.6820398097819697
0.5931533124554731,-1.0197722039142656,0.961524643782104,-0.4289255794370074,0.004165684704394349
0.6166227083319126,-0.42255177132431,1.3413945361946191,0.25200237970835454,0.3861129980402381
0.3500321279411703,-0.5461382822164315,1.0891393774329314,0.07925523942258007,0.12271833678054125
-1.6445011706986448,0.5392162988622584,0.1624597729334634,2.2186445662691434,1.1431766204637845
-0.3759564238107275,0.7774884269052872,-0.1659611017423481,2.5045760865002396,2.1519633615971125
0.9892740543865158,1.7939992399285623,-0.06130669341454571,2.8716515900612456,2.684216958320974
1.0142631970219105,1.944197757886926,0.10001093700071507,2.3273724952732686,2.7998871571619284
-1.2036569521532168,2.242169363826396,-0.3978728376718896,2.6458522455366174,3.065721164889922
-1.7665402848242782,2.327924965258522,-0.43862237602079746,1.0250600875103202,2.4586483998680464
-0.6064953740696953,1.77280751471248,-0.5019059206243011,0.9690652600186866,1.9015701655891601
0.1606790802285558,1.8973328615667906,-0.7183642847548203,0.5096370861717356,2.701196278470053
-0.5431257389818017,2.504320861828906,-1.2527337047750418,1.3445525930873798,3.0422002103776506
1.1615069924606818,2.1330130603976176,-0.5080468775185567,1.510849772392633,2.7604613203803092
-0.43085408184001006,2.0198305589950416,-0.10192356709742033,1.365131328077119,1.854150340631017
-0.10058489902187666,1.0053796908594448,0.04403049937706935,1.1156051196290575,1.2790012968325648
0.24527870765182688,1.3983060202011053,0.056410087376241744,0.8233616573318238,1.3707209407207375
-0.25104810456043486,1.2746128440176538,0.17760006075378068,-0.16760354373282496,1.2088075811255619
-0.4652376699061086,1.1196882403341164,-0.31794393037603796,-0.5321763011840791,1.1976097531991106
-0.18697885292389654,1.6857792862803593,-0.2227143219326848,0.6415583985025705,1.7848868268244253
0.6273242167958929,1.06768323195484,-0.011597157981594176,0.766676024820112,0.7208106172452142
1.0099401930350798,0.5922980769489505,0.22730114610087396,0.19729896846254835,0.6218291085284149
-0.17690204603902746,0.4887595578506868,0.240107869687951,0.9253124469741129,0.20055151774775673
-0.9466039087025018,1.2967863228030643,0.09777350082203146,2.0559002996594744,0.5992824851252704
0.1892962525190718,1.327004840876825,0.2227353336936851,0.8676136962292813,0.6255115053677107
0.571425288609962,0.7762506169453066,0.2187536003669356,0.7135338674887117,0.41001054756710087
2.254093536993799,0.7515050097304009,0.6208236988303522,0.6294314728423814,0.458516658548322
-0.3414504443531577,0.8072170273015088,0.5783426047617223,-0.10968504686840466,0.7012930724330774
0.16592936708799774,0.030537116106187936,0.9136143925888269,-1.2632181531148317,0.1327940955703138
0.6751792552907953,-0.030945026116229523,1.0633335043740582,-1.2209941879598682,0.020006256107620905
-1.7876005369685026,0.35652947073415003,0.3250190917692616,-0.5617914019217378,0.2107741879897052
0.20948471119735157,-0.08037726177042707,-0.32729728954452836,-0.017060600177961845,0.13500645245022108
-0.7466308525002503,-0.6441633181637136,-0.45393633649971654,0.44402691093168983,-0.06440322151630498
0.08349967428586459,-0.5772497103795846,-0.47257444704049467,0.5146369753395844,-0.04058900849103961
0.49698639954317836,-0.46612749383268337,-0.5286573345511746,0.617216198727015,0.06425864517434467
0.22392627724999506,-0.25848641709230585,0.09732169452647345,0.11253103022950033,0.18953723951378815
0.39342600745155,-0.21974819204802742,0.15774947263719505,-0.5066792828068072,0.01912400479038286
1.434705702429883,-0.13769664236273652,0.8295121418596793,-0.8898883630300785,-0.08381940042477495
1.008540045019567,-0.08916588709162188,1.111668181308404,-0.6724608685988321,-0.08028236594368604
0.6942051075544419,-0.5067230572947823,1.1661892578373008,-0.9337493999216551,-0.39946295526840203
0.3655770661907798,-0.5252920429517447,1.199752712915062,-0.9619982465529717,-0.4833473782120457
0.5606122330586947,0.025536699285745666,1.2459909365502273,-0.0008372233604842836,-0.026495410310703477
1.0633682183343927,-0.18631363112354413,1.1255530866076981,-0.38637071404425566,-0.2190917181488206
1.3397574743635048,-0.2515461569505031,1.2269274903419913,-0.554718248108615,-0.26650294012481124
-0.9186443175665076,-0.3587713856037866,0.7166475094819177,-0.3058861828118704,-0.27984144271795774
-1.3423447182821393,-0.28674000290943524,0.18620877097650268,0.227704534547987,-0.13413866343569966
-0.2672555271687981,-0.5364041837261538,-0.05775366552881759,-0.7647502851011967,-0.5489945112418319
-0.5420536948944638,0.18813945795892972,-0.566641352827733,0.34226501485159927,-0.11548274189071561
0.9977730476007739,0.08726137841603555,-0.647679539246691,0.19989647740423022,-0.22175980596019515
1.300839399085527,-0.12082297583086692,0.05308938196357631,-0.08263443585955217,-0.39237497527374765
0.5066116786262651,-0.45327709232954966,0.6221563670435384,0.20673603576720717,-0.8507058821588027
0.6831756825384011,-0.2400145806919987,0.9157293694552562,0.5138851605288761,-0.48367403619995175
-1.8370835027909151,-0.13747486327813624,0.501768194162982,-0.15888120585243823,-0.4405746276531134
-0.2025985170428112,0.14485735180793807,0.13546624672666818,0.16154295915516906,0.40229327409581817
