cyclostationary_mean_tg_1w_1,cyclostationary_mean_rr_4w_2,cyclostationary_mean_tg_1w_0,cyclostationary_mean_rr_24w_0,cyclostationary_mean_rr_1w_2
-0.5104016118482336,0.20246954635993605,-0.4104772998579072,0.9931560855194835,0.13594513646997644
0.17998436344601673,1.043227374971085,0.3691930440102464,2.1459369609614445,0.7026334501184439
-0.0730768914885182,0.4371993243722057,0.03139908485036086,1.1155390608522735,0.37426602119769337
-0.26712223531284235,0.47153721615428124,-0.21044555621192215,1.1407008186010241,-0.0658652040348591
-0.09619773581713076,0.35832534907513536,0.07886894918743001,0.742091696461406,0.163746036066244
0.6120251378585141,0.21709188858833503,0.7989988660323152,0.5595032459647762,-0.20013613845031503
2.051511191907323,-0.23979664582402577,2.19896653205297,0.3493457947308187,-0.3035559936139927
0.6823434175157445,-0.23676894125053027,0.6933729762903793,0.19938789093681922,-0.38984442706243777
-0.4281454388490453,0.2834339735139134,-0.2229254221615732,0.65989332463331,0.8142998540713011
0.6431820045380886,0.8673228231037438,0.9480991892156239,1.0011314239883615,2.02221551876849
1.494086716754502,1.3805787453789737,1.5519299060422995,0.9878566317129327,1.6496243099205836
0.9452745920396909,1.493313746535051,0.9759779552715503,1.007118601215644,0.7516655102729412
0.2033448811472567,2.0766505406442857,0.20358847182464648,1.0103425709902947,0.7843396518703405
-0.3906997077856847,1.1151237150491298,-0.36233387591828536,0.6894984168203608,0.18235180073122892
-1.420029360406972,0.4810665782532968,-1.253377423713116,0.48366262753827033,-0.6627215365321735
-1.148083569307069,1.557593794921417,-1.0692044499353923,0.8544973017023315,2.3920147465875887
0.20272883583282056,1.3024108590525658,0.1487235936406988,0.6066024829392478,2.1323732518677514
0.14761735824679798,0.7984589396942436,0.19195459444491905,0.5372503996075577,-0.49569587961504535
0.01564328586938042,0.6041525164560831,0.16357110356138138,0.29841916114174294,-0.9982231989844024
0.4268802981009843,0.43241528862683337,0.571707217934184,0.1552352103903071,-1.2814071164917826
-0.5295911971020824,-0.7925360516527595,-0.321272303522941,0.22058470622981982,0.042542530569942054
-1.389709172225406,-0.3369679639829489,-1.153645381905966,0.2762323142758629,0.8387028978019577
-0.8777197009015785,-0.21817913902528951,-0.6646708214228466,0.3016436249108373,0.469601403451885
-0.27548985531950704,0.2753460166750329,-0.06850627912027236,0.29143132576345415,0.03260455617861148
-0.46869553483038245,0.9543199259465062,-0.19476588202806747,0.4066921796616449,0.6942728056136174
-1.2974849736962382,0.8614577285542556,-1.0444488091127864,0.4320532320566801,1.028215822589005
-0.6428852125765668,0.4342376217692859,-0.5954048154390356,0.22333314584774275,-0.03794822399024456
0.4576596794096137,0.24448203560313125,0.47929952613430643,0.20495490275936215,-0.5687827644383567
0.022288484143993623,0.23853367445758036,0.06160440492132642,0.10732034616487757,-0.29746546655233547
-0.055645094351230884,-0.21573734201020595,-0.03181766695698005,0.09003266808564506,-0.08128082040593566
0.2525079179045591,-0.4848991475698767,0.297874236578882,0.15564306364991431,-0.1916411704013841
-0.25415043575876184,-0.3963152311134388,-0.2933866589780545,0.14383048252816677,-0.34208635432120316
-1.2120284540082098,-0.42009224137602413,-1.352419706888144,0.10330827674325517,-0.45682201588927074
-1.719705550233923,0.14184166941508877,-1.7670171538604964,0.11681980425320453,0.6097023046737723
-0.9599223393128148,-0.018840028874761994,-0.8841274849824735,-0.15543099722613196,0.5932108247787311
0.5704475303126136,0.16957007289270118,0.5610234214435512,-0.1513518533308458,-0.14560638430120018
1.4095753614975628,0.15970005445251034,1.3470138235686668,-0.24329180830437377,-0.04264428613953071
1.2903055981812648,0.7246453573775263,1.2468556997497344,-0.0833744549357143,0.4749513695796016
0.6889108122919957,-0.7688642092215932,0.9066396137581716,-0.2836780332040306,-0.9548553558373896
-0.0854744786574939,-0.6459797039813682,0.22953666645026574,-0.2427844697709753,-1.7136849855181138
-0.378928292100782,-0.9422559045746361,-0.26683720467048705,-0.6278117710955975,-0.4362160762364374
-0.6674424485941418,-0.8955062979467705,-0.42990810576488064,-0.5485954638982393,-0.461247376892803
-0.49336313218647515,-1.8399495112156534,-0.029591466667435416,-0.7635112465955197,-1.035378437678685
-0.6073459138951522,-1.1524366117082638,-0.23392540533296466,-0.6994146027145508,-1.3876245574828194
-2.057225410005562,-1.5687218415143633,-1.666470454326391,-0.7519502595752181,-1.259645300499311
-1.867050973399192,-1.3504407269321617,-1.669495682854988,-0.8421047981309843,-0.769492981062741
-1.0281872614042122,-1.4982406979152847,-1.1761707899634426,-0.9711751409355072,-0.3414820788953896
-0.6667010260825769,-1.2194384576030421,-0.8603432064340956,-1.0780621020945425,-0.8162552557893697
-0.641806066735552,-1.0037154979144127,-0.6719918316665715,-1.0652314326921808,-0.555981636239298
0.3580006382509429,-0.5396113786239722,0.7049261533705595,-1.207668242241857,-0.1132263828996334
1.2014277633325479,-0.16314909464310928,1.5779675464225256,-1.0274367586014066,0.6450949615433005
1.173397437451668,0.45908196483580194,1.482922577740996,-0.7271425066645425,1.3379502668405374
1.1747616039311792,0.9292756168398907,1.2610346426671613,-0.6709964952582188,1.028201231866323
0.5344285193730339,1.2943607046788153,0.592136524686835,-0.5644238223925825,0.8558001182060067
0.9451677975338445,1.5904129744775493,1.0723132870230372,-0.42810918427738476,1.0008291372293252
1.2945971802584315,1.3168719953816006,1.253531855414399,-0.5154903196632507,0.6858216774723497
0.6338375224278806,0.7815879533533319,0.6092481242469643,-0.5186712947823268,-0.020487869791428224
0.07045354667029524,0.5594057332489263,0.07503816381226538,-0.48971584594115136,-0.25001741145705875
-0.9797372475610886,0.46004169443479886,-0.7701528945360685,-0.569028831991189,0.3113885093215385
-1.3885150294521253,-0.15124492513605423,-1.273351379384709,-0.5926263770330145,-0.19646518082985373
-0.39615690995161684,-0.9346964111348226,-0.3305983088120532,-0.8989625360785712,-1.664907274790769
-0.9825448065606942,0.2463576543094487,-0.7417325314824039,-0.3261224973627477,0.6529798740538588
-1.5130236028900672,1.457669471302441,-1.2720113613390436,-0.1408131760248275,3.7832783313704605
-0.26962799138903587,1.7142999710132627,-0.19739149615244983,0.2980213977745847,2.78264042224109
-0.23459456015745553,1.6569502450458162,-0.23268127424939064,0.30878970548890544,0.13973015032860286
-0.7855178846433208,3.2100533139704712,-0.6348876885741155,0.7685861163965692,0.8546132892742738
-0.3960895150410111,1.7769653195515576,-0.3530731068852612,0.7103420981053806,0.8491704976796183
0.7989943515958863,0.5305305543079438,0.8106619596992576,0.9283532496154419,-0.7329378171943507
0.23786577445945487,0.14610088389856085,0.444543196590644,1.0293307094184545,0.03794734021160438
-1.0871449526025714,0.6534507684735106,-0.8738391236983402,1.2423663796907745,0.34525904999333895
-1.0935885512175465,0.2670973943280757,-1.025874548770276,1.523849668460199,1.0560560988392191
-0.8636190622589944,0.4906398133160653,-0.7728288130845397,1.5445198269746707,0.5735605632422452
-0.6094007845011273,0.9717544375655742,-0.5462509457325989,1.6882840860738302,0.4514973394443965
-1.401328353667478,1.8438149589254644,-1.3290799774286557,2.051138083416309,2.3174542088193446
-1.0817237747967179,1.491716354454727,-1.0726452739586696,1.946565235651991,1.2243019543958429
-0.461784601481568,1.6008154976223499,-0.5526898224929425,1.8846650514725993,0.6482949333525185
-0.7138776689835861,2.335010705643788,-0.7383100000920121,1.8239625700398645,1.9938749091348105
-0.8445711477237752,2.267724509541874,-0.8920555833466921,1.9276693183059543,1.573954828003116
-0.626444378886802,1.091311485726274,-0.5334763434332842,1.7554701196007136,0.2203471003543689
-0.9814267486749991,1.3868775284718622,-0.8291993262097331,1.7090559011627462,-0.260512384761097
-1.2947214838731003,0.6247242286789946,-1.2170054833528232,1.696380907775476,-0.13665740557979722
-0.34289403894190196,0.52107711266419,-0.4585210295987347,1.8990680594385065,0.535881780771992
0.32153237922727257,0.49623909950557477,-0.0011793852806083601,2.020792807072909,1.3575848218344615
0.31373669307722013,0.572001173346577,0.15645579682368987,1.7532983548085634,0.3071452895194871
-0.13332850194210477,0.02357268704896769,-0.19382336018582874,1.6258741133170356,-1.0524928787685874
-0.49663739829739934,1.4875891177397496,-0.43204508553551857,2.333367519730828,1.4105831172275467
0.21189736582810115,1.9622720980912685,0.19254407646033891,2.349129850322517,3.8078872573270615
1.4717801864178615,2.2677363213920283,1.34798395326322,2.4091866167267924,2.6787119572513736
1.2714319414007014,2.2437013854934773,1.4236841004454368,2.2424983864064636,0.7828633630227838
0.35695354715801225,2.521478970542307,0.6489410814595665,2.2134516664822916,-0.6308688476306087
0.8291384998952919,1.2423222913200669,1.1758773181470903,1.8819599978672479,-0.2818158133223678
1.813472051734452,0.82294552917472,2.0889163859038185,2.1620574517633013,0.942458816976697
1.0176047375804556,0.2041228926711852,0.8547446525485343,2.1476552398331887,0.925386377170443
-0.18250162946580847,0.1123113191407871,-0.34408280447018563,2.070143598595099,-0.41598566589125957
0.13401136691326512,0.4068459059114739,0.19036793070200875,2.027803178381269,-0.28918425237274537
-0.23153522611748348,0.7257050756652335,-0.3105889293294191,1.800980467886158,0.7536364004524488
-1.2035392643617595,0.09847866742455913,-1.1610759754190285,1.7871346995318087,0.42401773621999
-1.6652952828862357,-0.017382312174897364,-1.4804087765549998,1.6771685973570556,-0.3273575955700967
-1.3550758179656544,0.055879901293002604,-1.2807092986821023,1.2448484810746694,-0.4884840805562245
-0.09198428135364974,-0.16126788150131074,-0.11661967037249735,1.299167334204802,-0.5320224111788234
0.7194020170467007,-0.7393320014388994,0.7686702145746672,1.036895908147926,-0.5888854715905452
0.03891082876157225,-0.8896487355059146,0.19135167903377903,0.8039206282248716,-0.8062135692870329
0.000523320769325634,-0.9645482518433246,-0.03169030815879262,0.6354600431576939,-0.7074685919585483
-0.3761226582481199,-0.985285946988431,-0.398279148096528,0.6414215190294321,-0.6478298970959903
-1.4339037091343618,-0.8728581114701043,-1.2826965369044172,0.5545197765727244,-0.3751909161784614
-0.35549757697535384,-0.8651774464328676,-0.30712983584834436,0.4900233415006177,-0.38517534054436586
0.4654690721042085,-0.8335807664230692,0.4997699125101732,0.21112745960487908,-0.7385923998182156
1.4002696857619565,-1.2039333818690499,1.4020280570007297,-0.10502771885333852,-1.277156143461906
1.0155847735303234,-1.380155431679488,1.0212208459870604,-0.1144122742072164,-1.5692942696703516
-0.17619183671236216,-1.6174499489479581,-0.16324435671397872,0.03506495880379304,-1.0721775732176364
0.6557369091851711,-1.5870626465959916,0.5593088610016979,-0.46935916755486795,-0.7334801419808422
1.9940928394461832,-1.669819025021626,1.7647424175951287,-1.12668377759248,-0.8267530110226835
2.394304275628915,-1.118354038941917,2.240655251242733,-1.6214630578615916,-0.486637188456922
1.986701947314805,-0.8893383387583043,1.9486542608795625,-1.6040417927751753,-0.2544330120325268
0.6688409527114386,-0.6940140672880417,0.6079292618143021,-1.5318557089816507,-0.3588522365773807
0.44239321078287347,-0.923012468124289,0.3564642575744036,-1.6820963899105352,-0.7914347995134025
1.4203671277320218,-0.6951699144360698,1.4007256919675644,-1.8651548429359577,-0.8288910809219769
0.9944362770498093,-0.5925797345988665,1.139224567509295,-1.7567073299373646,0.06823256474193146
1.0840584232240198,-0.6191951588487217,1.149227366081227,-1.789399439509249,-0.1284230316875437
2.523223337537521,-0.8359974875077743,2.3092733598056436,-1.9246655207642913,-0.7688902030463443
2.307960469538375,-0.24822389729303898,2.1099671350858458,-1.9432938501023873,-0.16622773248203399
1.2415766150146121,-0.2153050441705691,1.2659461654612778,-1.9130490981951305,0.21656044354515877
0.3025511359559388,-0.6242074629807076,0.36273209392638556,-1.9911324324820034,-0.5643169546371187
-0.29046602728348636,-0.11104442986806282,-0.24837354341898477,-1.8171259280923302,0.04837404729873073
0.7826172159808262,0.06635425563306871,0.8561027164283,-1.793658290874433,0.39448735969745147
0.6018533490085408,-0.3225306230383793,0.6694499155302641,-1.7996635236210563,-0.522792959720472
-0.300646609152805,0.007868211543955258,-0.3054561871453018,-1.702192759351211,0.12065023514169623
-0.34780715635828696,0.18815367326737215,-0.24652876194282672,-1.6848547299563577,0.29865275270901076
-1.2792154587792552,0.1486519714360546,-1.213587100369228,-1.5162847661049736,0.2859794391835536
-2.364920756694027,-0.022296810267376205,-2.4356526525573203,-1.506286030766881,0.03991991176560861
-1.4405720138859188,0.03533850506681488,-1.4183608911148242,-1.386280488086936,-0.7147071135334404
-0.20828885530966793,-0.4444570985196229,0.042093318356554624,-1.3534647124673056,-0.5940969565056721
0.7489259721148706,-0.3416168390917139,1.0887123922039563,-0.960628298772663,-0.3398576006411322
1.17371911261957,-0.07158334761023841,1.3284804609813983,-0.4405910076232384,0.9129641096930025
0.6010173763639152,-0.08777843017631053,0.7606391157466561,-0.42561170671765874,0.4667811383713931
0.5027057892172254,-0.1716747234696003,0.6866965158458619,-0.4860540275593601,-0.8813423410221012
0.11165885653691766,0.06161358233482206,0.22453593725513044,-0.28817614634860433,-0.34063499348908255
-0.495051345884973,-0.060446393899785504,-0.2931794497139388,-0.18726986439483376,-0.1517682438224424
0.20420848140301184,0.4742873716060848,0.39958709884418514,-0.004377976106368938,1.6127149337822766
0.7687097397177896,1.1499618163026968,0.779979806486646,0.0752153237282736,2.510147319411582
-0.179237048330443,1.32557786160473,-0.19337805462583516,0.17694274839057006,0.5529293107612706
0.018094084909959642,1.1171847786824778,0.07861861243436707,0.1357672229150867,-0.396491552859255
1.159464818027893,1.0670943688831793,1.1628285141033563,-0.015179976470715142,-0.5879006898372541
0.5277867556676709,0.2624801350371201,0.4684657207750644,0.22305041779553453,0.16906045906802972
-1.5625550730085633,-0.3635346771262743,-1.6460976051164569,0.2740778848977822,0.09616381816033988
-2.255545574640347,-0.4130499770583534,-2.29514262625982,0.21731285877671572,-0.5865766754281359
-1.43238960585981,-0.4513142532302194,-1.3135789040192922,0.21637266157892324,-0.5448085213163336
-0.4061053221425557,-0.47069914705318217,-0.3456969959065846,0.2692949100595808,-0.6843476993322966
-0.18676526541814376,-0.8560234424733404,-0.3128522592198606,0.10371850148548835,-0.5121865662843702
-0.6818566624719069,-0.6029470253217439,-0.8594008687005007,0.17357493243225577,-0.12386018031484687
-1.118790805510886,-0.501936142946954,-1.2344240522286913,0.2721846396857594,0.013262313183027433
-1.014172747159177,-0.9039198112664457,-1.0090513251657292,0.057261035091061965,-1.0501172731438075
-0.8210432572151575,-0.6950505281626471,-0.8249070596404335,0.31316424848358115,-1.0105038873245693
-1.8197029207366284,-0.6089190040532025,-1.8540722169568749,0.36463108155475443,-0.015487464260200428
-0.8716334825685589,-1.1198596112164108,-0.9387816091769761,0.21460358989358863,-0.8400592521817971
-0.1585276663915398,-1.5579280165744822,-0.1314282641371813,0.10312630621536774,-1.5889298895097013
-0.63569353797855,-1.267010509900717,-0.5009563149369686,0.09092781354985605,-1.2990290963539395
0.0745299233678244,-1.5999626113268395,-0.017036642956153997,-0.16512373671672645,-1.0798991668909208
-0.6483301872627304,-1.675110652494001,-0.7878914447566059,-0.5501631387682264,-0.7034025328581034
-0.9151838384367301,-1.2821335566406231,-0.9466593620581668,-0.5085999536325205,-0.3062253622342012
-0.0489402091659574,-0.9628903247269279,-0.10862787571716528,-0.4412326796074171,-0.38884651216339455
-0.7125557270810342,-0.7874136378163639,-0.7916301313419061,-0.5761334453729912,-0.46618950832666983
-0.32441096177239004,-0.41240464572476976,-0.45314138836795914,-0.6589063742259558,-0.15086202824838818
0.33967352730471595,-0.4670760545772795,0.3808925831777161,-0.8193253532283752,-0.16133593007167674
0.30014243923460554,-0.27250725997550346,0.4133331368967497,-0.7857327250654264,-0.07061493073024892
0.40150781915156974,-0.32865967816452674,0.5077217123220703,-0.8059116345557971,-0.15492183407831675
-0.1798584098427026,0.1493426270963515,-0.017053654010685617,-0.669467322541223,0.24547077573906412
-0.39930186810549934,-0.17454141471901846,-0.3220914922285928,-0.7116992272621239,0.10870796560782989
0.4657291591484311,-0.45710189465305234,0.48330085981642795,-1.0155228807704004,-1.1827964621586573
0.9362666374946605,-0.7235422383359438,0.9167482746426128,-0.9554677098830031,-0.9945038934144972
0.5902076458172536,-0.6111218831314656,0.6192223962745592,-0.965897805911306,-0.41389681516729143
0.523218227246382,-1.1175471375972323,0.6335289904510691,-0.9813725732067572,-0.41922986707293636
1.2555041629526291,-0.6930050681905393,1.2854729559357212,-0.899774108882673,-0.030760612349283213
0.5677272462650979,-0.37021851339023654,0.45323173112931553,-0.8854043215666453,0.07633087755321591
0.3815282326601345,0.26789382265429273,0.2843235575044982,-0.707243981939329,0.6254541865098091
1.6582168252460832,1.3643998470275758,1.496421480351675,-0.3642157801047275,2.5081455390661924
0.6492601209907801,1.3100418602217143,0.41708426125146025,-0.22836572256382934,1.3362861776122748
-0.42671016671183426,0.9424994862708004,-0.3802886058052611,-0.5665919893445117,-0.7408875858373499
-0.19994770269391834,0.4726742367605278,0.05612170447996115,-0.9238107210195265,-1.3363884962376578
0.5376399377548419,0.2806687304195185,0.6295761845046033,-0.5550694372478321,-0.4934306500470395
1.648129261121662,-1.2124311708512616,1.3328987275307862,-0.6064965192871218,-0.33350223488568664
1.1900039996221985,-0.7237731500612588,0.8927258910767668,-0.45804169727477984,-0.3559474364139425
-0.032911523188888604,-0.9087493919102543,0.09418548551209861,-0.4314722326538107,-0.22832500116876384
0.356949830226344,-0.5635924527718276,0.49734435826694073,-0.46055923930668397,-1.0656218735540617
0.7502907132687318,-1.0609194450263193,0.8574494279751803,-0.4773459084816056,-0.7484297631080166
0.6413786368699708,-0.19302067755457153,0.6363660345139062,-0.36918084785633776,0.29620979495763544
-0.8843019263768438,-0.672121844285703,-1.0934930469907223,-0.40050920228416254,0.3030800636827252
-1.6857812596076591,-0.43200085097745794,-1.9019774617744083,-0.42866074494764317,-0.6335384138088177
-0.40600158996792696,-0.27509641511072164,-0.5900606496055614,-0.4625659378711523,-0.3964400462244077
-0.8309258828713517,-0.1455844681985887,-0.9490943543536972,-0.6116695395073507,-0.26322805964052326
-2.611996102378875,-0.7172699724259722,-2.681835046137578,-0.5865572601234892,-0.45276850318022926
-2.405299739083238,-0.7885518723577536,-2.6019301821792293,-0.7651830063751548,-0.785307551666357
-0.0043854216024278225,-0.8526436333727552,-0.2985822877723044,-0.7341946318405538,-0.8622822809005349
1.3379323553289784,-0.6595485743302374,1.2848406819637315,-0.4701831159248068,-0.18222610266249073
0.666874250883886,-0.574771795079328,0.7247558732109947,-0.4386351061776559,0.20117073477157882
-0.3376642941543111,-0.315170672345894,-0.29830403115846127,-0.3045275191933531,0.12804909688239471
-0.8398638754699667,0.8483054438977266,-0.7962879341308599,0.0017750944768632523,1.6155744370993195
-0.18015263564202458,1.2044667521382564,-0.25830897820559745,0.0004028227744666733,1.6991971071342211
1.30665712819792,0.44643572702778295,1.030069454830879,-0.20050195877265733,-0.8585690610656147
0.6714121052048867,0.2603547932698973,0.4727249077693058,-0.482845116099126,-1.3873336791130122
-0.667018722279691,0.17246961721722315,-0.6086702518741125,-0.7391755266544373,-0.33347824475422017
0.7797398021496983,-1.3866653298333014,0.7067478513284142,-0.8990514439014587,-1.161506856095957
1.385036111652527,-1.926987709564402,1.2594245780106925,-0.9144529019256691,-1.8383450131642853
-0.12195881452995987,-1.3610679409208737,-0.10965919938843881,-0.676173044787515,-0.8149170048013544
0.5349202300359918,-1.4165127939164943,0.44694011852688353,-0.9577423301361137,-0.5289442331549027
1.3878471561415662,-1.2367318983391176,1.3134952100774309,-0.7465727509481919,-0.12418761683478413
-0.2653766265265936,-0.32471071379839056,-0.2781692389091402,-0.7078655711840712,0.6780591282356601
-0.2504021081786774,0.0910403533707622,-0.375955510690329,-0.6650084052556281,0.39737836735710813
0.5478475513406621,-0.12899754506078265,0.38101998963043343,-0.6815719296164965,-0.48549897771904127
0.2937854273465323,0.42780360849195137,0.0718414600899953,-0.45205586330682673,0.04186621392477705
-0.44079280872454807,0.08894834733493887,-0.6395511315119435,-0.575687478152423,0.2451017838560748
-0.9902866229247859,-0.3244400135320768,-1.1267807788950375,-0.592323936015029,-0.5889784916737985
-1.2061741537244814,0.2260542600874393,-1.2167929211733488,-0.29562270071489616,0.6311986861564297
-0.35859615169265374,0.10404499467208898,-0.4019992555099721,-0.35510024950413527,0.23828071304871154
0.0880651959439403,0.9108441049855291,-0.06363277797214915,0.06765759377629299,1.1905817024691394
-0.5367026608503632,0.8441832894048946,-0.454036348839784,0.04074679543528721,1.4874133044636297
-0.009725102007864837,0.8645233261328752,0.03537771984195494,0.06910394734661601,-0.6670299647719687
-0.5970674857993358,0.4113413899991233,-0.6910436260153027,0.23604084331197547,-0.09784564267382283
-1.1495812935117806,0.7033783867520923,-1.221377448602676,0.12723683509874242,-0.0331188800741479
-0.7369852263863467,-0.37468723049012637,-0.7196278341909502,0.10622728032074619,-0.13206590460372983
0.13180986694746621,-0.4205727635753076,0.2874544883257469,-0.129649213480451,-0.40395036065428463
0.9775349834613564,-0.9174358937263206,1.0317038081304266,-0.6174534294650543,-1.5817914920674994
0.8229764833203416,-1.3222757537983558,0.7213100767433644,-0.7470137221570384,-1.6194440593452586
-0.49570430282736466,-1.494425503230844,-0.47578929505794576,-0.6542573611080132,-1.007301988056572
-2.4251319730699943,-1.5753301540081652,-2.441462603936573,-0.6274473890798488,-0.5578479250901901
-2.441474060952458,-1.4535445035707697,-2.807952078565598,-0.8139341147517561,-0.33462020726867203
-0.9550335453201342,-1.006670255459107,-1.1433552292553661,-0.6880394716315112,-0.6226521902104192
-0.6236171402182372,-0.8262460709241605,-0.5227000280863096,-0.5654507720661703,-0.5616179501399045
-1.238383325469945,-0.41666616790415195,-1.5530893531928334,-0.5681405784329774,-0.012766820101901551
-1.2419200641841563,-0.595061726251458,-1.5370706751045498,-0.5381780874652194,-0.16787667232084752
-1.2327372580481248,-0.5228966951846756,-1.1402276745649949,-0.6404729822561914,-0.5139014290706112
-1.5123152266827662,-0.4775357057509738,-1.2812902197256157,-0.7548308042464384,-0.42665746312477976
-0.2171519954182325,-0.30662689508546914,-0.26455501860757363,-0.6197195241723354,-0.20008012919075183
-0.2527495341244659,-0.5834591797361606,-0.3486829371517525,-0.5970021118122888,-0.1929487646121903
-0.9927019918267712,0.27695203281751835,-0.6588481913388493,-0.5559680345477188,0.8144411784386624
-0.5134234469593162,0.2549419553599818,-0.35319537892915587,-0.46520269485225063,0.8976613065257586
-1.271833039156478,0.8284873168785925,-1.3221971238326855,-0.34423271394223265,0.5045916561109147
-1.8007190910672584,0.8808030189334204,-1.790524388673318,-0.6157419298599404,0.861162116750513
-1.5096394583008055,0.8566636740554725,-1.42286890382505,-0.569717121394141,-0.14153284528135596
-0.539348999206512,0.553427076137179,-0.2973238346507252,-0.8831750368806768,0.26435283338170384
0.030757392844690975,0.9095228947770356,0.322260732340258,-0.7822683291306096,0.99006960116069
-0.33866499964974506,0.3429807588764672,-0.16370419932610042,-0.7601540518818342,0.1505114192210073
0.3810252129067286,0.1107934926816914,0.3912741148937015,-0.9596542476693615,-0.4879545805489057
0.5796410161247307,-0.4089932140713033,0.5633685946519031,-1.2029840196847756,-1.4096924853467114
-0.017813701788539728,-0.3739033099592092,-0.050449154753715766,-1.2193386976037204,-0.55331478692878
0.5128452599087837,-0.5653506300387207,0.36260491442172865,-1.0610335837673546,0.7238223987686655
0.7662061731259003,-0.8216395540269019,0.6649950451143903,-1.0080362140862957,-0.604557073229752
-0.11779881323174375,-1.2776340618238307,-0.2375859856502305,-1.0925570913119955,-1.6867417491421082
-0.6134735616094008,-1.0915534025352795,-0.8497451041823373,-1.116090073562096,-1.8636432924576964
0.24647899991965624,-1.6946495497086176,-0.09331483429266693,-1.1655474469105447,-1.2552896158307525
0.916300275934506,-1.5883470646121822,0.6127504138414027,-1.0524260373743854,-0.11098178414457666
1.0639820549959373,-1.0531718897859912,0.8897147531916394,-0.9278536880108772,0.4761568175235223
0.8887588512134981,-0.4422291649913248,0.849846327811301,-0.9105984034847446,0.2405320224133412
1.2936384714307783,-0.30366592292315286,1.1306271176116303,-1.0447262079747406,-0.6024192372664045
1.9857797758219842,0.016942760678550373,1.721784262958299,-0.952772328262385,-0.48099628231390396
1.0141703053626536,-0.12229166107067947,0.8656544126608605,-0.9152341171547784,0.19378446971230617
-0.6688727570608455,-0.4755803109987117,-0.7420723011271354,-0.9562131454481743,-0.3524910398252056
-1.2680218007133734,-0.09337320481967024,-1.2316813445003132,-0.8075694931093511,0.2911134394627075
-1.1867170840572248,0.36685824702639236,-1.1445775447547042,-0.7608342453512613,0.8184845603374445
-0.34325843805601175,-0.032876495347678586,-0.36629978454637907,-1.0863991904819497,-0.3753901102971019
0.3684148401308314,1.1334701050760483,0.33520708161844776,-0.5562612106573965,1.4881839846708766
0.42681630178914753,1.3109216537511863,0.35958493006914494,-0.6035113509835317,1.912274858913173
0.7669021571081392,1.707374799991056,0.5729298722903594,-0.293563161049514,1.2581036750950547
0.5644778592025861,1.7315089923565323,0.43182067607313634,-0.18317267581493604,1.5246867977386864
0.434930998877032,1.971131858292163,0.28705583998386885,-0.2928238464712542,0.06471930061768964
0.8522834049159389,0.9285131237308557,0.6420877569404996,-0.249674987638888,0.1312558471314399
1.3334451932474474,0.5640015194006763,1.2968162755883763,-0.39647598921263116,-0.46140304702476764
0.31124286473689267,-1.22119522050287,0.3098968887160581,-0.6163648043383864,-2.3629613977833595
0.01752367573166298,-1.4726898996120337,-0.06156614442993883,-0.36610386828283004,-1.9058455953717164
1.2090924044483369,-1.3735101336615014,1.0057270342768658,-0.34865110533598703,-0.1930087492551106
1.5047638909311,-2.020042444765713,1.5029426894867892,-0.5795507934277431,-0.7908846894596027
1.5338143280194483,-0.9174631341865351,1.6538889183256646,-0.005087666927595668,0.3052822591430015
1.391510047556875,-0.4096336634721711,1.3177280623822503,0.04507780299304781,0.3464764890916274
0.8027520193438752,-0.38702902268346867,0.8497586274329718,0.1857387138222752,-1.013829246306345
0.7401970398269064,-0.30647722559120166,0.8871983755852317,0.3027892897253674,-0.018113028456106326
1.8659362823728476,0.04928175875603226,2.0309219409029287,0.2152006693299779,-0.05342134873360222
2.7959499049005454,-0.7165914656389464,2.8265137583818807,0.15503514223808576,-0.3824663539141478
1.785610843235231,-0.22411975420543703,1.5901659357723712,0.21957704844500012,-0.11036607501578931
0.7508139370015234,-0.25923808515474783,0.6900186884304628,0.30706671238839794,-0.24120585637471256
1.242303996021256,-0.09199743945985421,1.2128906347637765,0.2887132865715329,0.2052314836690166
1.9494017179278886,-0.039928498209023514,1.7506063237593563,0.2598352421328087,0.31574929774273963
2.33686892194688,0.5501807921074608,2.1218185613123093,0.3962869752301512,0.7010869782684894
2.4754503617558368,0.4062182256093267,2.3411676189837727,0.1038099819260729,0.6431250187629539
1.94769538116808,0.3788970306967555,1.8841074152600237,0.028346612354751416,-0.5303084907169154
-0.3149469223827535,0.252071839747007,-0.4815225793527511,0.23877952883614073,-0.055148987994977826
-1.2440980917083708,0.25661972135949523,-1.4621891615555653,-0.3411912329006028,0.10889327828859735
0.3366415291344517,-0.47723885337301036,0.13336798885421353,-0.41915374082179163,-0.530053498468745
2.2733318470356187,-0.717057386589465,1.9422433677847029,-0.8430486179829682,-0.9996073008577483
3.343654709738825,-0.8052077536516391,2.9236895390261264,-1.0190060745949512,-1.0824103385064767
1.7922669212263573,-0.8361760044250681,1.4499580184672871,-0.8766336238631683,-0.2556774468767701
0.9492975621262977,-1.0029908058308317,0.7118578592938457,-1.0524090858673216,-0.22398471737053305
1.0543515136813164,-0.7738708417098435,0.9216737150844093,-0.9348209470106482,-0.42226124949736826
0.4355945089515896,0.06060409666356052,0.37200219698411185,-0.3025064161553893,0.796514176436117
-0.4245244903391534,0.6355748863027056,-0.4515500505116165,-0.11951913427674717,1.2931124099254576
-0.19352828127196434,0.6050327267657881,-0.2644417378124871,-0.0724142015982609,0.6615528943616078
0.4007649793072796,0.9269483700774046,0.3865208080246369,0.20467777514970312,0.267605488299356
-0.8172696676667083,0.9682221055167223,-0.7503580632890671,-0.1965758845086695,0.18802225414565468
-1.2502114245412421,0.8049525207620917,-1.2960317526455796,0.009814520944983928,0.5891630131328577
-0.6904554297839262,0.24125804138346912,-0.92033253934325,-0.08668131699666841,0.0697538507465756
0.28576953649740594,0.17505628676581148,0.0051905318534959015,-0.10978715606125118,-0.3992521883756086
0.6768296952676757,-0.12498363623836972,0.43445601889919544,-0.13215574936085378,-0.3513342450030819
-0.26055104755272657,0.41374471005757324,-0.35969375073948806,0.19614752338688535,0.5906282461460257
-0.6008428477383195,-0.14716516013399145,-0.5813521291884494,0.02144944638533877,0.5509331784145595
-1.2480499284937758,0.20335611934076023,-1.21740965244196,0.1776002315405504,-0.28719060638369254
-0.9285950573501651,0.09406437085540326,-0.7492453945144428,0.17067785671541721,0.0071467738449061515
-0.21518507903705905,-0.1133034273413842,-0.06861613682349814,0.03657699289431544,-0.8834780366868575
0.0620886654473533,-0.7264490979604468,0.07447878287481681,-0.04417974801123306,-0.7927753041724607
0.02561864611715936,-0.5535655929434109,0.07165052979117718,-0.005597250315848903,-0.19221264330654886
-0.8139761069828128,-0.877300794486527,-0.7126862299658715,-0.009085790937145769,-0.5406761150571501
-0.2602423562123364,-0.8397572721808111,-0.257341134729036,-0.12435327738712551,-0.47561713061860966
-0.41047974291790923,-0.5149978783290361,-0.4314060119951536,-0.13943679038141446,-0.2746641225030775
-1.3076725942282397,-0.843274842744322,-1.311496726575707,-0.14250656768799871,-0.7987477873371824
-0.7415693668991162,-1.7429739136218514,-0.6105276055355275,-0.33092824575990587,-2.2601683798568746
-0.12646114936095196,-1.7183128912108978,-0.036537433320577205,-0.2905885700856192,-2.0135532126185876
-1.0300065835019845,-1.813193405071456,-1.2578142607098397,-0.4935830730860817,-0.5928073563750864
-0.8013352096139355,-1.414383889058664,-0.9015729332525362,-0.17964515799048972,0.23826957633473345
0.3236749655800847,-1.1649992302808414,0.4442502707922879,-0.2696549354882725,0.2958360086728342
0.15134597793857862,-0.044012621726666624,0.18738562249757384,-0.5932120989953584,0.052958201427963585
-0.4838799684567358,0.04385386059427843,-0.6807659184154208,-0.7874551912088901,0.023343972167598908
-0.5768335681220924,-0.04475517954820216,-0.7573507324537363,-0.9005888412768467,-0.5962789213108987
-0.4481423003026437,0.11505742758286806,-0.48721669148091623,-0.7968404784099978,0.3578621033832232
0.027520889232829703,0.71047639420552,0.021002387205081487,-0.4897078062688745,1.5639689826571892
0.7613196416357217,0.54547754120152,0.9713947112286576,-0.5619436134223882,0.7720419910716274
1.8657756110445922,0.5032504934821342,1.8992287817770126,-0.5145704458305833,-0.3273966569868207
1.5227100220639798,0.7211672452770954,1.336452557207992,-0.4579903179157597,-0.2993064690751493
0.3409640121761884,0.18425563913262394,0.3091111868828674,-0.4137783289706044,-0.17939586151508513
0.6656340732443783,-0.49714630178403474,0.7814657093067814,-0.7751229966301014,-0.4884840805562245
1.6919048222193354,-0.7059750978160557,1.8271369256657373,-0.7530579411691726,-0.7275951605110126
1.0008707653071023,-0.3861748828575089,1.0951026705484666,-0.8193762498810107,-0.13914421880107747
-0.009198354156534161,-0.31801737375555683,0.039420930447709945,-0.8477574944972829,0.3559119300277491
-0.7553345420156639,-0.20285332378468596,-0.8580710260384932,-0.696448755566738,0.13075795164622456
-0.6827289728205442,-0.11046045135225703,-0.8705423182577817,-0.7314761422851301,-0.13679432955640117
-0.48554851840748786,0.24111549356335438,-0.5221159361862278,-0.6757180452201074,0.019810417295995
-1.8079012063576452,0.37472428685164144,-1.63652352767121,-0.3800768369203656,0.6759504381936606
-1.0865211911534929,-0.3068847260935482,-1.010748647434591,-0.574218480641693,-0.5681038799282889
0.0015374393523013262,-0.8711745626473747,0.010857942034285679,-0.7559153407981114,-1.9694284332435996
0.2018698365565995,-0.914586478943952,0.21066028603807305,-0.7282612266057795,-1.1614540147161192
-0.4591615019450073,-0.6360584169525251,-0.2964172677765327,-0.1477879349147101,0.41692752350496415
-0.8187829317386272,1.414336349412334,-0.5911906625573515,0.48231335973129896,4.594553002295362
-0.7173846192628771,2.688738594156249,-0.7471271033720995,0.763249774530557,5.026500016713795
-1.6493486031520461,3.225361838919562,-1.6298691950324413,0.5851439608901857,1.0816174955094349
-1.3024340618736718,3.3965199734648763,-1.2680540707999421,0.7872268384886225,0.03056607950018047
0.41355915229240314,2.9723597806392674,0.310400589913581,0.8272783580950166,-0.0112178382680462
0.3880061582839156,0.6822679990807328,0.4027758373468352,0.8868837691758038,0.02637001353557952
-0.679385334693558,0.42001103455649097,-0.45642384358658417,1.0765018281790495,0.7325675415159815
-0.9403446203962592,0.4393664954835308,-0.7341272200159963,0.9023323238576042,0.6717407361795139
-0.07024805380429405,0.2713726714491621,-0.11498524554216145,0.5405280952392668,-0.21896327497555065
0.5934148932301884,0.21827192970682033,0.47933393975156546,0.4873151391041191,-0.3807169569943665
-0.36377263812517563,0.39617309666455336,-0.37005875746781347,0.6046058020723729,0.2374830891063522
-0.7413723072075892,-0.3271089707767149,-0.7855854513467893,0.446898230112461,-0.1860925432196749
0.07721156312091501,-0.17388298357679685,0.03938981865479697,0.5128864958012173,-0.28853963444752284
0.46678408331361004,0.11761293309568846,0.6424949633855269,0.5930909482492207,0.5280891476636647
-0.447072257337312,0.5092508304041231,-0.2174252927984613,0.828006436303405,0.7671611153976516
-1.372982234033012,-0.16913153522899305,-1.3308157966060477,0.619202769703944,-0.24591493146411836
-1.2422001323139233,0.019723906305862845,-1.255176956509741,0.6039703779589063,-1.0110051049102717
0.045758530453699764,-0.26146861209541267,0.058647114939816856,0.5840567663232085,-0.4441347900741034
1.4026453516323822,-0.7185026941394214,1.440600519563132,0.5179151096889311,-0.7129473866330601
1.105800873113338,-0.5523452326659484,1.097908466023435,0.6600967009706181,0.27934267264992685
0.29520395573369723,1.46667091071613,0.11865477756045367,1.034619400451995,3.438561947268238
0.20609952606137494,1.54820693018845,0.14641043979735818,1.2611648178525063,2.5305203742109974
0.35521647280977503,1.941328736715208,0.41097109727681086,1.4858788350564207,0.35629948097479275
-0.8883543266365845,2.1480872303047445,-0.9534919127773105,1.585526987911915,0.2967219408494729
-1.4567261367627797,1.960092948562943,-1.5858021221493857,1.345956326101277,0.3088674803092199
-0.23371949928128768,1.4899334161395552,-0.30987761151439736,1.4178019841311922,2.3238092144415914
1.113313031691593,1.4438511362480138,0.8553191258372923,1.2296203926753058,1.6551223966269428
0.3293326420697283,0.9934965048449743,0.0002891453591818891,1.1596205679209481,-0.4815563832339996
-1.367042190312706,1.0052426179206808,-1.438613920519055,1.0914168037563243,-0.44409670103256726
-1.0144822970452816,0.635827289529041,-1.3249513268595532,1.0666952698196142,-0.29371706810636117
-0.26097232455404223,0.2785901198905208,-0.571464425688409,1.1867429132669687,1.1004275999879058
-0.6657613065929353,0.34905259872917455,-0.6221992534129657,1.072424720466892,1.1733249614105739
-0.33792951781860264,0.9541890451852312,-0.3376762279273547,1.31988582118778,0.6582215376174844
-0.09405705315225747,0.9584662037437953,-0.2709116811554003,1.3438920049807663,0.5847512136887247
-0.43162617486769334,0.8481596227324902,-0.555352513570229,1.356088550154158,-0.4714033356723224
0.23064974305585909,0.2809951966783258,0.16187401047603342,1.4610297123121065,-0.03934803817865292
-0.08143258315698183,0.24440358284073452,-0.17727263613360802,1.5007195769398647,0.15982276266994175
-0.5737746668696475,-0.40442878457698234,-0.5994064685848859,1.4078858623533739,-0.4948735380054693
-0.5994091762022805,-0.15189418905972893,-0.5320047952231802,1.5224581814018259,-0.08186210005984658
0.01961173563938072,0.46557393221470317,-0.07453697964740477,1.4840774043136626,0.9918830988124111
0.937710944131367,0.582596732290331,0.6488405138525469,1.7862427219429855,1.1941009279953607
0.3847396673250337,0.8203085326523811,0.3016853228988945,1.9399254272251991,0.7546751664539635
-0.9402285142861082,1.7459546439536813,-0.8194058856372862,2.4145500191264944,1.4609871987909697
-0.6988997071237547,1.4301745294730963,-0.6071392799381877,2.457365901314166,0.9429825888533861
0.22529108534531317,0.9446080297588172,0.18667718861059585,2.190117003567248,-0.35589024057389423
1.3189197582539625,0.12807013467542597,1.262183721828307,1.442214724662024,-0.9959760730375972
1.1886427822461674,-0.49193219991580894,1.1976972129901,1.28925936537861,-1.6647676302704002
-0.30443412457049573,-0.9745172055114204,-0.22700248799993253,1.3880511796597639,-0.39753927961412383
0.1632456520819122,-1.1288965836660882,0.26230864920601643,1.260911320142212,-0.13241402304183023
-0.3667580028392465,-1.0580830012124725,-0.29960529499083755,1.2830643572577858,-0.4971323868250321
-0.5221971864747932,-0.4591346275988083,-0.4467950168075452,0.7168956227563181,0.13135417710726693
-0.002029361292686188,-0.4297881550501969,0.11081464087842424,0.5805056376955672,-0.6068851564511503
-0.48731065902630744,-0.6550924344473434,-0.32097755704345154,0.6938815446154947,-0.7239703762187959
-0.13122859442323812,-0.4759912268891957,0.025321380189323117,0.7003132885463644,-0.20658261497059863
-0.04540020029582579,-0.6073281618497212,0.045742061682244435,0.7052494327283968,-0.4167618683516247
0.008302788058382526,-0.47425697868463734,0.12825361975050334,0.5720283529597695,0.13280572689341696
1.0415557690809794,-0.369423542631253,0.9996037749604074,0.42765595006977597,-0.2076482630749384
1.6122232081117793,-0.49590290722062275,1.4036921703419545,0.14081820152690627,-0.7606660955717229
0.9386911479505406,-0.6836111844677347,0.8200271782634577,0.05261862828029254,-0.7342319465438945
0.5265686928503318,-0.4049153938721855,0.4435675836718887,0.12414455508373361,-0.2621836733212448
0.4329299631168986,-0.38569671994916266,0.33310717095420733,0.13157571841914162,0.636891951468426
0.9420111687151681,-0.4047428712461534,0.8293676754107315,0.03952107272558644,-0.20464182927296046
1.4064107185543593,-0.36447715669003566,1.3337735908695787,0.11390621489249643,-0.7251863905201248
-0.059464417112282314,-0.10640245107326166,-0.028721783093973906,-0.06086565764879094,-0.23352369473628082
-1.3743510115091502,-0.3379350144712991,-1.4477212320595583,-0.17079414389872016,-0.21723060316211731
-0.4014587896470896,-1.1788624734107795,-0.4477435355117697,-0.49884889516111536,-1.1687782201849595
-0.33448740575843083,-0.7142269113843286,-0.305062839743491,-0.5690121367576539,-0.8368821461574688
0.04324306604824712,-0.8501109531073826,-0.005146542099199684,-1.1306200103075499,-0.16927505588727682
1.2094329545378713,-0.8590159366083776,1.3908431167980144,-1.1181384484515118,-0.476645151447265
0.5144874665284725,-0.811034993840096,0.6456049259968718,-0.9040485019439377,-0.15133170663581574
0.2528802467089242,-0.2445813591036974,0.23575870438497634,-0.7695057808157126,-0.13348987253494507
-1.273730799124665,-0.4649607404725056,-1.1035692088778097,-0.6358664859515152,-0.2558118856504396
-1.5645466854559003,0.1891209313361966,-1.5900023083352834,-0.6466527803048565,0.5577131052052429
