cyclostationary_mean_tg_0,cyclostationary_mean_rr_24w_0,cyclostationary_mean_rr_8w_1,cyclostationary_mean_rr_16w_1,cyclostationary_mean_tg_1w_0,cyclostationary_mean_rr_12w_1,cyclostationary_mean_tg_8w_1,cyclostationary_mean_tg_4w_1
-0.4512339969395466,3.1060187227579563,1.565205423331623,3.7625797446201403,-0.4801679530063795,5.042427232231991,-2.8217343808835214,-0.5681054582982042
0.8823242184313809,3.7867471791759724,2.140183657526102,4.338551684762887,0.335773586152191,4.841743915380837,-1.2491360001240082,0.4232951413107955
-0.8300923992915978,2.097703584639385,1.1683026452448675,2.395102582412126,0.1305769515876227,2.8642589028513674,-1.653312145735699,-0.24688486370874496
0.865126201039864,1.9908765341051515,1.1164124045482111,2.8095427146664296,0.0996060869240062,2.5071876645381628,-0.938973939339561,0.020414780286021596
-0.24412925117194378,1.2949203815207289,0.711380919937792,1.9532995593205287,0.47201737200721194,1.7199562801211508,-1.1601001766430725,-0.09635424249190847
1.837420555323168,0.9685392066854799,0.5191466003944325,1.7188442928712848,1.0401386490379323,1.339456550997092,-0.36060019554624395,0.4581407437525967
2.0334483467234428,0.6516725434756314,0.33230287270391234,1.2350262000431145,2.369152551697847,1.0318042246293062,0.22279334423861752,0.7110988722441323
-0.7909639379901576,0.5609836741829022,0.2638761615795537,1.0882994498124652,0.830074613016274,0.8986065969105391,-0.18001504142990188,0.8743454206117447
0.28749200814413073,1.0910541954666593,0.6624170243111018,1.497906606675358,-0.2926941519651624,1.0157345443966235,-0.0037481884218628636,0.5655412276191951
1.1998424695383008,1.4535158380247863,0.8553184920363255,1.7871401314992623,0.9023089008718657,1.2253635418005722,0.46049596258505715,1.0279013451933083
1.339636772437988,1.290519028350973,0.5595181242100553,1.5058706559414652,1.5760984978014174,1.0417902319357777,0.723967342577108,0.961575196996677
0.17499852080209705,1.3530545933104607,0.8031708103127424,1.6513559603834531,0.929170675891639,1.0159392786042134,1.0114835321937001,0.4195604288802089
0.07825990055344771,1.2172553179496797,0.6909956435385045,1.4883951221348979,0.2088269331819037,0.8573642551248863,0.8344004687361736,0.5400335050232219
-0.8208744053679798,0.877934874937157,0.5229373531927703,1.243195715813175,-0.37291693874425014,0.28664849185064106,0.7909283440961944,0.337636721334039
-1.4528619307184811,0.6498752612126885,0.3907130335216721,0.9700447396252984,-1.3320537826320926,-0.22708867188152673,0.006264651550238236,-0.4766807033734387
-0.4048347363243608,0.861182089321956,0.8596322995686532,0.8216192738705197,-1.1297117298002846,-0.15884320612811825,-0.5579692490978376,-0.938520491507867
0.6279833478327788,0.6193706386496407,0.6495997090194463,0.6945368833918673,0.15139656728330858,-0.4425881426629144,-0.14991436242040343,-0.7834343941907707
0.006503985930851436,0.46500768361397865,0.08364126425993557,0.36839743911732875,0.4347221416420481,-0.4780608075073083,-0.24576864893800024,-0.9069456274088783
0.5543594526272241,0.41350380884922466,-0.3782440040050272,0.12089766463666551,0.36874814279839163,-0.37459886837782674,-0.28739187741111694,-0.5894841951478123
0.5793728933863967,0.26154663812041484,-0.5859469773624765,0.07481114464085846,0.7273756396811574,-0.4260342324021975,-0.5182277231215828,0.028118180572811444
-0.3055338135188562,0.20424603877959047,-0.7833288132316371,-0.23904729081723858,0.21903758724552902,-0.4787682395697322,-0.5703837883438606,0.00496879810149712
-0.7657018066054423,0.1730360633187142,-0.7708400148789997,-0.17596665167219971,-0.5886741750751946,-0.6833272735057357,-0.8259786227351746,-0.3969300779470589
0.13990073515061904,0.19648996516722647,-0.43483090078129644,-0.18343498280182055,-0.34440404940635666,-0.9304863503150529,-0.5484344977164085,-0.27992189904477255
0.2133769843821053,0.19035144041005417,-0.25391985363793496,-0.12951202763366673,0.21479700524749806,-0.8684824565866864,-0.14119932125664403,-0.2741405447972679
-0.20990685540006543,0.1862096390292211,-0.5811700769298757,-0.19771720451012995,0.01494675526582091,-0.9732127203423706,-0.07370403405965492,-0.5519077692491119
-1.4924703238197494,0.1285984047074978,-0.2064846909259398,-0.4152090248610318,-1.034285794097603,-0.8347379472090709,-0.49121098645578715,-0.8828274193191539
0.36197243707413135,-0.0788603198011431,-0.13098879866462687,-0.6866438007484402,-0.6889944527694496,-0.6663741694383652,-0.5144030747803701,-0.5468458633624087
0.420174172750412,-0.07118304174068919,-0.12029819016989637,-0.6722875432452786,0.5251834386685951,-0.547500317520365,-0.6374838800135856,-0.40682894533509467
-0.04258546236294896,-0.1904119885025369,-0.014116360860437877,-0.9803210086450945,0.2964103255733174,-0.6030337344206337,-0.721398380325769,-0.47032993119839006
0.36656488428560646,-0.19663671407231947,-0.09754880624313635,-1.0636000396114382,0.23987247025777242,-0.4922407778899775,-0.7034787082228747,-0.23274044553697662
0.30178683522074395,-0.08312517193644443,0.06213636940702568,-0.6713516218917418,0.4252617427636827,-0.21830640813515118,-0.347778044304897,0.15322656111328253
-0.8651951919318501,-0.10503020122017757,-0.13128520624869022,-0.5073771571657204,-0.30607641616469994,-0.3638757142373298,-0.6022035436515596,-0.28858771604379274
-1.82020937187197,-0.14604427389961708,-0.21151684780450672,-0.4077900768873204,-1.52393542812614,-0.2950324683911731,-1.0688024859489653,-1.4887227106284888
-1.5473333472384299,-0.15924265016740358,0.10944855261893592,-0.0552268330893424,-1.9723320325913918,0.08012380739833128,-1.352497312435936,-1.9506671095732737
-0.12433878020995028,-0.46797904317026284,-0.24784999497285895,-0.12531625849630001,-1.0293232043384501,-0.02649125749509631,-1.0451182303207998,-2.128736239410715
0.9147751674394983,-0.39899159173513876,-0.07661998128390714,-0.16183990005069282,0.4896199221015967,0.000749929994380377,-0.9688485737176089,-1.7550396257745147
1.2870966810276905,-0.5448280188745855,-0.08906069957865569,-0.08118002011085353,1.3541244154103078,-0.1497132900539229,-0.6266416432315777,-1.0976391040485254
0.6755758233494374,-0.43310531031003746,0.23236784954684783,0.06964381466095376,1.2229545269225228,-0.18039007082369918,-0.602167213336528,0.30351881493660066
0.6915773254580504,-0.6517769619420773,-0.3346175971210157,-0.3462931811069977,0.8586641453160208,-0.6524140083036631,-0.3864830668009447,0.9719956962486105
-0.2753966866084287,-0.6022490509629783,-0.5953725264004497,-0.4733486785052159,0.2562223835744991,-0.6934703333550448,-0.5100083376727395,0.8340180078820717
-0.033261283327042326,-0.8854498915915099,-0.6884412935122549,-0.6665040725662004,-0.17254548994010133,-0.8326676978092493,-0.1902563377465117,0.34357348995563647
-0.778117011025039,-0.8525251350681959,-0.7706165558352401,-0.7680779667954611,-0.47308175412429526,-0.8843996779912222,-0.01370402557111306,-0.19668166525430936
0.43870738640620477,-1.0431612569201956,-1.6389947071729607,-1.2774022757536057,-0.21664497042433362,-1.2517005102542287,0.5403895894838486,-0.4790791424402817
-1.0443116038642288,-1.1168458434392412,-1.6000577545979873,-1.4022859351245034,-0.4660399064363689,-1.4796517959515074,0.5436917568149425,-1.0636695567814145
-1.890296726179514,-1.1864506103582286,-2.0251496966063485,-1.547546459705495,-1.918595905264255,-1.6646351741030125,0.14483750890709432,-1.4270352615707464
-1.0375986868101468,-1.221006501871366,-2.047762022230175,-1.5566954799950237,-1.8684314066934906,-1.7474704155266798,-0.4766366511134696,-1.4221848636820185
-1.1822170362324027,-1.2908429270735857,-2.432024735007485,-1.588210416958229,-1.4416028091091295,-2.204542271058701,-0.6273570840009899,-1.5853882914065298
-0.7370050251065762,-1.4054575450507105,-1.8911517746288131,-1.967690892731461,-1.3172613128622124,-2.1715592617654225,-0.8699101178580726,-1.728685371447182
-0.6212983401417072,-1.352237754286189,-1.6882285994479993,-1.847890190566499,-0.9553064690415477,-2.1626708832096844,-0.8980661067176715,-1.3727458624770372
1.6840534496057982,-1.3975319346809405,-1.5443646390610966,-1.9440655170109804,0.5267530338782638,-2.05586885412833,-0.5114351314016762,-0.3247346392228537
0.7467715142702344,-1.1639649029974646,-0.8347699854404549,-1.8829141972117895,1.3748226987292298,-1.5548306012252862,-0.07766658499748869,-0.0004300795573946095
1.4731716547435594,-0.9874885406987395,-0.033996665773396474,-1.6657085462949643,1.297053604659958,-1.069274499008386,-0.04031195610606645,0.9039535481732792
0.5024988409550376,-0.9819781349407606,0.09663353163413187,-1.751234818851817,1.230243555370306,-1.0849895969665149,-0.03265677084851063,1.2917436932298498
0.5640581829137287,-0.92155313707228,0.4607566395777758,-1.7583399685185446,0.7011560675268792,-0.9846150934808967,0.32515797633799925,1.5746176229537594
1.3168356774104115,-0.8010543229607923,0.7112778967831129,-1.7955881860408551,1.1491380867432708,-0.8867762286304529,0.9084135338627782,1.54447010103013
0.8913874626786723,-0.9420184961036486,0.7707813839485593,-1.4619997543013927,1.3559626034473211,-0.5094904981149501,1.193792220202523,1.7337697516084656
0.2180693213516961,-0.9236635130347849,0.8136916826842607,-1.4637777837565418,0.7494597905561515,-0.4711527334177397,1.1405631498060511,1.3999908586673386
0.06618932784291652,-0.9526676774852529,0.5730180513560692,-1.345621923147845,0.22266985709531487,-0.28971662175067425,1.204240542508751,1.315757256846224
-1.154114028441029,-1.0310690088995271,0.8863158300147629,-0.9948449629870466,-0.7215524504873766,-0.04193348880057607,0.6071062238549253,0.6885737000673466
-0.9635753996645456,-1.0298312190468246,0.10725816556995618,-0.6905655674020186,-1.3364924318098899,-0.06430855431780899,0.2061360942143747,-0.014872202998286378
0.324514746252985,-1.2976959202694636,-0.6237851979805049,-0.7604813477625961,-0.35294273675350923,-0.14780726595430693,-0.041982550012182325,-0.23917075145149624
-1.3778166168063573,-0.8355622873866477,0.1364317104348775,-0.14534385409806308,-0.6091719046374915,0.48514331708582475,-0.30715977496136343,-0.7518441674347953
-0.5945727210339113,-0.6098073502609345,0.7083433946384676,0.23819065757766408,-1.2306189199768578,0.9465608267155918,-0.5768718758997812,-1.0997105856493414
0.259547856541221,-0.21885027873732643,0.6811373459628638,0.378144308588535,-0.24294927356925608,0.49198519574669497,-0.8423507634314799,-0.4749852921891339
-0.5964813468315292,-0.24388706093415638,0.6112659231748604,0.3800855371238842,-0.2148071246202249,0.3685534601122213,-1.146890768973846,-0.31820449934034545
-0.4820749576054727,0.0488756053343196,1.0737539001017267,0.31919402198320773,-0.6751557261954717,0.5974329977371234,-1.1627195877633574,-0.5672060487559852
-0.32209225233270317,0.07507144207690139,1.0479276603206213,0.34028654718407503,-0.5315496685344338,0.6493938827221518,-1.2476295032358873,-0.25996620337791043
1.5056001579657765,0.32382278136594167,0.7527319205765297,-0.029912437071000855,0.6923078440315509,0.6667032293638143,-0.8358877306578889,0.3675452879432664
-0.5016035881102701,0.413956506434525,0.9921223881588322,-0.1095611076980148,0.6150817708418524,0.7064129069535106,-0.7263115654416689,0.027894785166137998
-0.5999607178613015,0.5904163807868549,1.4525507634703234,-0.07293505068869244,-0.6682085642012,0.7177368730384518,-0.8813044632210209,0.007888843907532259
-1.037661159349325,0.9160799784594384,1.2284897570042563,0.3636951339751773,-1.0133438420379213,1.0400580799372179,-0.8538112904062655,-0.23596250511607963
-0.29785104999569495,0.9696807638837285,0.5449531554279011,0.27403683343148943,-0.8240946664394563,0.8808252288579401,-0.7550996714531403,-0.3094981209199206
-0.6724732383111345,1.1180991513685985,0.6027588567247503,0.47355899346235986,-0.6024860134820942,1.025975128808824,-0.9793181089860702,-0.9450214654947292
-1.4219311963395886,1.322090360368021,1.3319970886642025,1.03417012384382,-1.272573906533655,1.4350679312500305,-1.1668143194360032,-1.2540531838734594
-0.40496321665357726,1.2950023466629526,0.8409676704956792,1.0510887201180754,-1.0917087141254203,0.7112679121362021,-1.2215095693272067,-1.2762787671502378
-0.7677225878692823,1.1845585322939907,1.3858904919666357,1.0119983458929633,-0.710590184607029,0.41750826414056474,-1.3080145444713638,-1.2360363749052592
-0.6216290761407279,1.1460742235051091,1.658687609529209,1.1149991095040037,-0.8583323593758642,0.5641943022841409,-1.7755468069270297,-1.3043664777398767
-0.9418321702328861,1.2050122861691899,1.7697118681505923,1.3003490443376517,-0.9522535448267435,0.5378525641311743,-1.8612839630883575,-1.3966822759617403
0.08939632285596412,1.1005003958712836,1.5404186366124666,0.7284651697779427,-0.5366273231634446,0.26924566311501547,-1.6791584765601186,-0.8402127539383355
-1.5042727043541506,1.0923897720359983,1.1547300051918339,0.48441983802369776,-0.8480377173591459,0.3413734149652827,-1.8834716954363266,-1.104439288449499
-0.7388935241338914,1.110403326174607,1.1492760479092803,0.41019793739468613,-1.371451838528623,0.29129733111799766,-1.8964255123621534,-0.9766353903099414
-0.31117234197492416,1.428959040902991,1.4293075031256965,0.7331866861961548,-0.6878757329059073,0.9031679546237475,-1.8179900005416563,-0.7872947759868112
0.2624612994930295,1.633564287793236,1.1185016757416049,0.7929923519871642,-0.018901452430459726,1.1938927190715865,-1.4866781196320549,-0.2948179251576045
0.046791487169614024,1.2766062338204611,0.8293266812890673,0.476718064988599,0.20500457059503538,0.641196261044508,-1.3688305000724332,-0.26511496232134757
-0.3147861241669034,1.050915162169557,-0.2114001254570658,0.0725289703296812,-0.139461456985888,0.2782836130210958,-1.2461136532491308,0.033725012554490424
-0.32941825806352193,1.7890125998048625,0.54910348282804,0.44785591899767735,-0.3834356137576159,0.7827837352524727,-1.09246028842024,0.19299382490937575
0.546622592638721,1.9649499106869421,1.4268540751760892,1.4420280962827736,0.14229310667731268,1.5396905642705034,-0.920919734257024,0.5639094879622273
1.6739160234036206,1.992452016270495,2.320696458275346,2.0206315401418866,1.4123636761846363,1.884142183098248,-0.6211574516736772,0.8808068757583165
0.9362807672746608,1.892274651019136,2.0941238042917734,2.0104474638689744,1.670603570754884,1.6778686370280984,0.010041823671115386,1.0823762258438043
0.21637095927894084,1.8688842834362143,2.0056883896042437,1.8493161039911519,0.7204418316529971,1.3664317777183383,0.2647474922838166,1.1297126422171047
1.3258456537216596,1.6995097050760135,1.5693181480603458,1.4424480520106762,0.8761502071662773,1.444905195168547,0.6683131931634834,1.5361668748770214
1.7760883368079368,1.9437510441298385,1.6797034423152142,1.9264747964167204,1.8439505077169145,1.6019702722851132,1.0520316238328145,1.8295580844051145
-0.1836605690036677,1.894158830745357,1.9791496911089037,1.681624653734537,1.0314075264900855,1.4173153447340188,1.0158734521781683,1.2484363905533262
-0.020001235715133455,1.8121367439287284,2.48310118383887,1.6186838347382304,-0.039065828116647106,1.3471850778428667,1.1012813164648276,0.8962512848339659
0.5433153727893495,1.8564234604765977,1.5959890848961111,1.7100971566847747,0.3421092310986249,0.7595768475351731,1.2198786300956936,1.1261328996004951
-0.843138485902914,1.5642206514763253,0.5588885056133607,1.761870188558402,-0.11009315788236172,0.4086799330920288,0.9551472035869576,0.7068206400225211
-0.8680747285505217,1.5073538250132048,-0.3071743051403543,1.593335543875981,-0.9550495794405994,0.5951084938853426,0.4008700790015795,-0.14719474931658044
-1.6286133495919586,1.3950699258407397,-0.27172906143626174,1.5717655602426037,-1.504798897169877,0.9348982196398169,-0.07241525895973529,-0.5553332377521965
-0.42995278212674476,1.082109220014415,-0.20895427778861822,1.267983845971817,-1.322251688101503,0.3736266743989293,-0.11492583649226595,-0.7756704532538217
0.4358512017512033,1.0835580803646427,-0.3370210393654643,1.0332478475367979,-0.11107517562939728,-0.6778093876369325,-0.16789267766987348,-0.7915104568972512
0.8357194323418584,0.7984466403994882,-0.8674044971578349,1.2370306081139129,0.7028834312171138,-1.1019102770643576,-0.35825060028251726,-0.43066445178551466
-0.5637578678754852,0.6339980316174622,-0.8543756924459228,1.5723051669119632,0.0937364443227125,-1.0816372953897553,-0.1795072606474766,-0.5852122198574182
0.38368168611652415,0.5354595599019079,-0.8512395563556537,1.1151345822017507,-0.21692698450644532,-0.9731829071340256,-0.020020838496684294,-0.003952407779808702
-1.1907096782693618,0.5313605125489677,-1.1454984950962461,0.1578289338482721,-0.5394765119653397,-1.0748449369732547,-0.35254055938274326,-0.2074165323056522
-1.0069121129032315,0.5550449117488575,-1.0003726057523745,-0.6868991029841026,-1.3691819228722206,-0.9410341623657917,-0.1427010065092766,-0.7636279739602285
0.33604044808009287,0.5310697093727926,-0.981969404622271,-0.7889996376923857,-0.46068206258237643,-0.8673045822027506,0.20065501275688638,-0.9748422088331928
0.49346346485871617,0.1404805562330501,-1.123085025294577,-0.8807815113788542,0.47267741241052996,-0.9103381798686072,0.6980831282731151,-0.5157831518407427
2.1636192524020976,-0.18771269661100376,-1.4030565887926045,-1.1382982005033746,1.6101489100423425,-1.1817990639480298,1.1127959383849375,0.007499435757346724
-0.1642911939293868,-0.09222086806808451,-1.5458330419980701,-1.6594668757287538,1.2475795525455946,-1.2425624250240748,0.8352144903428228,0.42012375005138825
-0.1575086637324488,0.2163928004970147,-1.4737924082087164,-1.5632203631828576,-0.17615784914496704,-1.0993579632448558,0.607181042428202,0.7579853112487924
0.8917224753235081,-0.367877551513051,-1.4631488227060445,-1.542431843118791,0.43103042240704476,-1.1377866834929489,0.6934714252418592,1.0018082365986154
1.9658302862156711,-1.0182523263811694,-1.4720027581155404,-1.6826326281050468,1.7433913343500629,-1.1218745151745733,0.9347384953411563,1.566475721200907
1.883476424865421,-1.3872126238009561,-1.2975895591043183,-1.612207466853497,2.401597988794894,-1.0793073173613008,1.5244747554414235,1.508857993951946
1.4375931363790004,-1.3463091365699746,-1.4591713560358657,-1.4924919178559375,2.0530471455610684,-0.9449381767331392,1.930652003526682,2.0363765745820497
-0.44362820963229327,-1.2330035823704566,-1.2820919547477818,-1.1949298698175421,0.6089709399843174,-0.8966635181019547,1.7027436735375714,2.0279971442586473
0.9897025387904819,-1.3115736805612241,-1.2197087172455783,-1.1790742655554918,0.33851322332540645,-0.8561529263558715,1.7135598272775852,2.0333328090939986
1.3529030744931965,-1.529874464587888,-0.9368415149304203,-1.1212177321571692,1.4083165118291434,-0.7942728332384293,1.5154571918213513,1.723991050924133
0.8138236046049911,-1.4335114176478643,-0.6001508994369715,-0.912232016605505,1.3216201472650122,-0.9886498985616903,1.748474192200414,1.3306790387915828
1.2342920575347913,-1.3799995789320598,-0.5648722738057379,-0.829455452191666,1.2600905552906343,-0.9629903270403467,2.067044593440597,1.267054157574598
2.5266382748620115,-1.501089347635604,-0.613023212789275,-0.8141320863906795,2.293718998839912,-0.8631666099461874,2.3961494248915765,2.257523022542987
1.0911903877895723,-1.5081019333420642,-0.524711952626511,-0.9084256771278975,2.2273038973098154,-0.6656626949070131,2.1796411395021824,2.267331829089167
1.147708860920974,-1.4623450743329813,-0.5751485686376512,-1.0665991493052702,1.3903204131246842,-0.5499758244302322,2.0019468846994957,2.3250626205486458
-0.5262171854979139,-1.5259804817106442,-0.7300986056138072,-1.0304045551368046,0.3871656584706594,-0.6803707127934203,1.523339988681564,1.9565980677594428
0.33770922273489135,-1.409178860820501,-0.6083496157731995,-0.7547001658642313,-0.08589432485970885,-0.6635540420523744,1.6611909621471417,1.6547338995112606
1.194062771635619,-1.401500902483695,-0.545244703868076,-0.6591593719369945,0.9052552459333827,-0.7060555497455645,1.7861882493957413,1.141756791223669
-0.12883629762274587,-1.3576928593307327,-0.5355585153251126,-0.6078934940845122,0.5683176880848774,-0.7974961969000017,1.4916713910657087,0.6648852419322316
-0.10313246966332286,-1.3103616790484398,-0.597639377047466,-0.5183603546883685,-0.12281161143894603,-0.847572280747287,1.1777845261974293,0.27671150905827446
0.032845563104340295,-1.306927975016193,-0.654181902211375,-0.5594739842481091,-0.00562115619778115,-0.9843062656984081,0.9785598952031299,0.45313150105251915
-1.8744165891311244,-1.118417077945116,-0.3569796869435933,-0.43403884038937984,-1.1185275400708161,-0.7815860498160903,0.10723461516765638,-0.26855838471441384
-2.0049700122946046,-1.001141957340668,-0.054132325733275984,-0.15469240568853243,-2.332487742924052,-0.32291236597129525,-0.5199441479324443,-1.3674578501389796
-0.42522016208516283,-0.9186838131376955,0.06641229472421728,-0.07432868352222345,-1.5074667189320958,-0.2873740110068193,-0.5376820836550379,-1.445766170281579
0.2052641547748505,-0.8635531735992601,0.17300150844898018,-0.24926652766831342,-0.21502612367851848,-0.40633881847570275,-0.2801510420611962,-1.5905592499010024
1.368891620259918,-0.488075075166271,0.3262604130038256,0.12171696573170923,0.8853712734003427,-0.12929174764621174,0.05969274106972015,-1.2976904255385162
0.6823852609660719,0.08983287652334417,1.178799256676449,0.5878605779725343,1.2172246445539225,0.4601183289680961,-0.21558272090831532,-0.3541576393426174
0.5183088370747149,0.03664115976287625,1.093507081129283,0.44984709195274664,0.6736736259338634,0.41570523878051346,0.008098398372504203,0.4742304166398004
0.6015604329763625,-0.05313005146111094,0.8039352079193429,0.3073587474339695,0.6224577513944656,0.3282716889510913,0.18948481830882455,0.9111523142383037
-0.18407900492510273,0.14030673536420854,1.1275587359373551,0.5018418122313428,0.24246802672750067,0.6016739687332516,0.12368801536113104,0.8635411930374347
-0.056224722661339696,0.2917506187456753,1.164373825365607,0.9797285216386693,-0.16213086841883242,1.1374425881237609,0.5557372180248764,0.4886444171076131
0.7574689977980237,0.2948281707866566,0.9457641265908369,0.9378255244093054,0.4072244089147055,1.1552511796780478,1.2016337624215232,0.27701572493212223
0.42934500117217095,0.3159667098683771,0.9979872882464221,1.1171532147463843,0.7450428726147098,1.2522956993841134,1.024922876838828,0.3545870748880525
-0.9222525540007993,0.31023375599624264,0.9695298882969106,0.8257620159727126,-0.24763918924299902,1.223973151456361,0.6608282081449209,-0.18093558376823607
0.5464505381572381,0.29485953919367464,0.5605115638040054,0.8653662790578291,-0.3509039509379848,0.9597871955217343,0.7467737633047916,0.17356726644153098
1.1477946055273072,0.18167919226591261,-0.3605635873415217,0.7997059884140648,0.8442910783772278,0.4077021609200358,1.1469978808566426,0.525092576160835
-0.36211854092700907,0.4890550243185695,0.24971926621966067,1.0067370285229131,0.356602424910004,0.7901348807801853,1.0176467740822506,0.2182500113380494
-2.274329294249931,0.49767870436103845,0.4089057084785109,1.1221265639636422,-1.6841668159879393,0.8406505831234051,0.5676539652571059,-0.7980587240669249
-1.4293759869320757,0.4538375634388251,0.06467925898245375,0.9614756131505524,-2.2570839079740184,0.4688050893860442,0.3239442082155269,-1.0900463194778571
-0.6967597663413057,0.46715197279987597,-0.17985101748510632,0.8209428298171706,-1.3209283530788856,-0.1453044723791746,0.28361030151083677,-1.672806599025631
0.20584804205334872,0.5331892734568906,-0.29048634679987306,0.7353845303068484,-0.3288924704240665,-0.10046338579382559,0.10574554371321347,-1.911220769911543
-0.8932486454263644,0.4294073709736889,-0.4604309739186241,0.6204967057242868,-0.4190529565062982,0.05351425567887587,-0.041216670579232804,-2.031560132452688
-0.7041749360555879,0.4690990776294084,-0.36264972478942936,0.2659481434993217,-0.9778844935045856,-0.18717434430234356,0.04821098962927967,-1.334561647442958
-1.4575946523087113,0.5263487029043584,-0.26653141345729653,-0.17732111101473455,-1.3263319629185293,-0.5419414174355618,-0.6750876199304511,-1.2029838642982875
-0.32163663844702595,0.3697199725274043,-0.4295339151688161,-0.1572425013366545,-1.092085588491184,-0.5842524237805138,-1.1758873484329335,-0.9698337351552304
-1.1262149121184466,0.7546769976986684,-0.3429612345905954,0.3642180270000213,-0.8866653564166329,-0.026451338114431084,-1.5643432732465108,-1.3481099084291936
-2.2294945524576133,0.7394624056575623,-0.09575479825165768,0.44880717513715696,-2.0718686435400158,0.2073499054304766,-1.6302746555047338,-1.7177223045398806
0.17033281460176486,0.40665995291492735,-0.24063848188941622,-0.06577848497874603,-1.2822531691266217,0.14658654435443183,-1.3967220189118839,-1.6044596478322752
-0.8587760072555274,0.28172412291725196,-0.39048021425417667,-0.10858310703390822,-0.456660537906437,0.18935081252795094,-1.635330075308967,-1.4347264813387701
-0.23220776560849662,0.2383909173939288,-0.5295711659292451,-0.24103588120505412,-0.6998425469335458,-0.3282064843413055,-1.7305961930757554,-1.3661417937597722
-0.052356729950017944,0.014570306124837782,-0.5609673223472522,-0.13485709627753364,-0.19706011748838886,-0.23650307670653953,-1.5875283002017373,-0.9931469094950838
-1.638985636817483,-0.4393618090172979,-0.5592366257840163,-0.0817918869537399,-1.0540206294346846,-0.054442908898692875,-1.7915963983294123,-0.8180823588162073
-0.3295612872886721,-0.3729342750903122,-0.6009000121553011,0.027825393834909687,-1.2372286633755143,0.019951152094410455,-1.5490476236031403,-0.933186327950719
-0.014994486868629258,-0.26010896244921833,-0.34136781843853475,-0.32285780213270343,-0.2531863304141534,0.0543980404482897,-1.4545424682470236,-0.7123084532889536
-1.3868068804056484,-0.39008881550114444,-0.8954079104966958,-0.2915788973176234,-0.868370944049502,0.0905730842689469,-1.523931700910533,-1.005189422857213
0.5865119191326005,-0.5619207545544133,-1.1009142278043453,-0.2470174223818949,-0.5154348127547319,0.10259437624399152,-0.8991609852517084,-0.8275192392648124
0.07585341001732841,-0.5515520607542578,-0.8438953472671376,-0.3674994783188309,0.36375694463524305,0.00495359237102572,-0.8728181747056314,-0.369588307360234
0.47000866895339066,-0.4733080894539378,-0.4508658264796166,-0.2993306322340592,0.2955383522357501,0.35985204574440854,-0.5965138896617356,-0.09890382422802761
0.3271600696396493,-0.4612027029603903,-0.3604595535167143,-0.3097464781111752,0.45703113778715876,-0.29963734580893614,-0.4885671482700998,0.11977703900834107
-0.1642149701343017,-0.40721861022199984,-0.23086824507786405,-0.34390855378171464,0.08282596063453852,-0.41058138961578144,-0.5055424033845504,0.5369283629899855
-0.20108151656185744,-0.432248686868469,-0.44464314144105394,-0.494858665129238,-0.22980982791073745,-0.33398670959992405,-0.22074446637442002,0.3795795067216769
1.1293256451326912,-0.8285517383274126,-0.6341248273652007,-0.5429165793481076,0.5691232257327087,-0.36394140435741207,0.0574582785655739,0.7654273027815683
0.5008342226344284,-0.717282117325725,-0.4926303337236291,-0.7297507959348429,0.975948093119276,-0.15636062489762664,0.1498507575334708,0.7431370720386541
0.7248419698570973,-0.6937569740152997,-0.5870504684180402,-1.016893621079977,0.7621987406631264,-0.23959000704178737,0.5766897613724461,0.8515886320964958
0.3847137695394977,-0.6965163513300164,-0.5772471505978006,-0.9554743452222803,0.710863360201588,-0.31351160447891496,0.4798159095487053,0.9690317743653554
1.6749074163058464,-0.7045411256251755,-0.6379933430601008,-0.9092613175772042,1.2856813420820756,-0.3151210124209291,0.7270787712651705,1.584044811232427
-0.916022821651154,-0.6986714283527777,-0.8662180055367723,-0.8284705477218133,0.5082965374962539,-0.4319377529631242,0.3872660189625315,1.076110645165092
1.3790092535496994,-0.7117962878493018,-0.7344359875579034,-0.9104918229605814,0.3136741713530379,-0.5098917131560673,0.5809689104338792,1.3528210961910916
1.1090950840215217,-0.4111575122828413,-0.18602978011852214,-0.5954887353749141,1.5462901153283573,-0.11191570026723507,0.7941758230510065,1.5991103023111688
-0.413284120924356,-0.31312874215078373,-0.06062575283054963,-0.5278825940338139,0.47308124548014424,-0.20933414834915326,0.7121946057243863,1.3605558793084755
-0.05543550771384337,-0.7672726382430374,-0.08450184020616781,-0.7192552586078027,-0.24863024583386745,-0.5868956931508986,0.46125301355666565,0.6566920558222559
0.19344881291111768,-1.1028664836209257,-0.624210736726881,-1.1899379295676988,0.02184983271442304,-0.9541965254139054,0.5663498309681922,0.8449800046021012
0.6473209824499111,-0.7587703383217328,-0.13383282831311177,-0.7376843673706851,0.44956712757138617,-0.6785016604408759,0.6017584403395039,0.6574612482721554
1.5109700428387551,-0.8208275890492082,-0.3661146366327329,-0.9214677750312159,1.2610777930004116,-0.8302458378307825,1.1378811350815698,0.7243131662241409
0.08750554419719582,-0.7043297181394662,-0.2495201650047053,-0.9184492247828907,0.9795729978271484,-0.7467142811342433,0.7052182795795283,0.9474439773994574
0.13517827568138818,-0.8472685206967856,-0.49754073902040036,-0.9129543366994626,0.2538371309545748,-1.3534282302135396,0.8966600482006708,1.0837461050657842
0.6445933549811809,-0.9092049302157146,-0.6240989236170936,-0.9565290827199561,0.5049668913376539,-1.3836456854513568,0.8498445901660774,1.3151348628543957
0.49249697357183686,-0.9756229280447962,-1.3503555416898003,-0.9086492677594165,0.5755855415635679,-1.4630448282861088,1.0723712288990748,1.2457997206569662
0.15377406367767119,-0.9552534322570985,-1.2362932785350427,-0.8354289102372813,0.27829175833495595,-1.4882041442775953,1.330004148452298,0.7163460988600421
-1.8974187987862317,-1.0501120795300123,-1.1619854699776655,-1.191315695188256,-1.0273474037798755,-1.5457390886059075,0.8480137256192058,0.08314176968397925
-0.9642496918741503,-1.0726842628860493,-0.8011961425536411,-1.1921307655768387,-1.646019880452233,-1.560322295264158,0.3112037765880461,-0.3216938218804848
0.13725585581906247,-1.1514922643211656,-1.340926682589267,-1.2705418369445445,-0.44086337933614267,-2.051709658909894,0.1653131591265606,-0.48329045459583564
-1.6616819316413782,-1.3083216032474452,-1.1132644552088888,-1.2474686786172196,-0.8538573775054374,-2.0024420688482363,-0.9222956781764959,-1.0520750826417926
-3.064511374213243,-1.2522605847112316,-1.1748443949567429,-1.2637853815698035,-2.808672360684045,-1.8525523740791119,-1.3536740040499495,-2.061871135605899
-1.6786990370930879,-1.339698694569224,-1.05919610672774,-1.257282982260869,-2.8353132831502514,-1.5594156873889211,-1.7260926561718677,-1.9702865859011796
0.6810520826316406,-1.2955747167643954,-1.0684153250005899,-1.6631987380526032,-0.6288047314668939,-1.867305280214242,-1.670670084676004,-1.3819522982389376
1.030863257723422,-1.0810440414057627,-0.7206676139169123,-1.5845116386549896,0.9481175221091692,-1.521406373292123,-1.755615076811549,-1.2240795212460374
0.06474983991203166,-1.1078291409294465,-0.6655342019362679,-1.3231056424896146,0.6507027764077903,-1.489980219844793,-1.85905992220179,-0.7918620707385845
-0.6106968368971529,-0.9654680858059538,-0.3340769175598086,-0.7546363968999057,-0.3141077077085027,-0.872952921912589,-1.4939561775325052,-0.024906847086457726
-0.970445493500791,-0.772164068607954,0.12711777268946453,-0.940755865669836,-0.9683681334705918,-0.5476554472654821,-1.4573656677027298,0.14037527433353297
0.3053838836456951,-0.6636366639175705,0.40007328379899676,-0.7204570701284017,-0.4123116324938982,-0.3171235504662044,-1.3331961223960338,-0.04487669314042204
1.260682335085083,-0.8223866276267958,0.09574319085267288,-0.8998974435203331,0.964448495996456,-0.48903459472134947,-0.5858590337401939,0.17975366985513186
-0.493851321597925,-0.8362390709830325,0.04457980181811956,-0.8252655925410988,0.500010252341593,-0.3708479625211324,-0.09178375673378787,-0.1044888965473673
-0.4888341880532893,-1.0851524537342827,0.3161788001625452,-0.6374654094903023,-0.5893128301953932,0.0004982863036038553,0.31251656886353835,-0.08469764609549083
1.4852658926679951,-1.1373831401943062,0.19754697326259507,-0.528527105405241,0.6015889403069703,0.04326255447712297,0.38909383845850415,0.6718515228651599
0.6110689751770774,-1.1107947988890847,-0.24048287228446522,-0.6079592434592671,1.3123229658625646,-0.008172809547248003,0.17488613951675527,0.7689662030742388
-0.8212697502369559,-0.8326659856546367,-0.2837733532338221,-0.47758152998556813,-0.10967461899907312,0.07204998633161154,-0.0013150433334214312,0.030413594988357724
1.3247150799421925,-1.0852916446978027,-0.5371381312915263,-0.4444582337382454,0.3057750278643726,0.15435970679462144,0.395783140691034,0.803577789976716
0.7986478808439241,-0.920783109223195,-0.882575502759302,-0.3247426847406863,1.3277783798883267,0.23377906197401396,0.7634412029261722,1.3202905412992287
-1.1934967497316464,-0.7979367269670391,-0.7403064412232352,-0.043605278746532375,-0.21163070802252032,0.1771794438939493,0.4099314654601245,0.359904954951936
0.33191310960576126,-0.5898934686298497,-0.3026871117715354,-0.0777254799246375,-0.5309738320562603,0.13386944241513182,0.2043955124924847,0.30514139424998143
-0.015964788036749417,-0.5592186422870838,-0.31682902133828494,0.035070936288124376,0.1861156559672228,-0.009466399604251524,0.3055159685396507,0.5653689839759168
0.1297658678960725,-0.4529453707439321,-0.36010338028716954,0.12836694654145087,0.09031093151497828,-0.22118565662921608,0.3284523803515703,0.2262515559945884
-1.124581968760126,-0.41142114731607665,-0.0666924704617466,0.04744235644535866,-0.5942791939235331,-0.24610747757117485,-0.20686663922123846,-0.5306204634392342
-0.7447227705238395,-0.3553001167264301,0.06631770153210305,0.05779116217597876,-1.1288049963114204,-0.10581864650637383,-0.4553348713465741,-0.3325098894890959
-1.3692722890454023,-0.17368093548486027,0.33646017755697055,0.11055469778115969,-1.2899402541120775,0.09006929157877797,-0.5404407678842823,-0.9586353029339131
0.6327429987402613,-0.14251073260259525,0.2940401922343094,-0.09754167390037577,-0.44168765665608595,-0.23943235075359015,-0.6613508058877043,-0.7664145056632896
-0.908113218160696,0.4181635715453224,1.3064184689879923,0.34910032890601644,-0.16520144813982005,0.26027239271178554,-0.9863328296922758,-1.1953923166562797
-0.06967796107131288,0.3945065563485528,0.9668006229541236,0.4127567366908852,-0.6215800509338588,0.4548465283952932,-0.7973408154085083,-0.7525178039364342
-0.13677618761482008,0.42707507387466437,0.7908894196383732,0.3210365728016592,-0.13720107782988872,0.3198533316263505,-0.9552088250512383,-0.4982806815303704
-1.2929530003999385,0.5021974874377448,0.9304109263115997,0.317347412924211,-0.8489317276991515,0.3187365995849529,-1.317556201838982,-0.39630386781344396
-0.9171432144536549,0.41676421314863704,0.8980671520172534,0.44181293321114146,-1.328183919968141,0.3047900817828837,-1.4780399817581378,-0.9345578915733708
-0.4093157676827926,0.4683777610253133,0.9817169934716051,0.6069796012707565,-0.8622200644398541,0.38276425432046757,-1.2543568281788071,-0.9566491122292586
0.7489099941989674,0.1837833305792011,0.7178434971561992,0.3171377283413639,0.13158689066813217,0.15667907334213957,-0.8776499531410916,-0.6940572714196305
0.8089089787687342,-0.18046496273154566,0.06900309321761296,0.3308915859611038,0.9166858862748919,-0.06605085842583551,-0.39284022668954827,-0.5255024101744973
0.19675383207890065,-0.3315329195472981,0.022183183667931587,0.14502700991508713,0.5631403578635654,-0.14179156688062428,-0.3608665922880396,-0.16788015153832728
-1.19509077136014,-0.2800807258344285,-1.2530163782830048,-0.3096189689854205,-0.607149868938292,-0.40310686456765793,-0.6139313702760911,-0.13154606457659684
-2.868605081474817,-0.2958576080943299,-1.2597911254056702,-0.35902694905626265,-2.393305590551127,-0.3991993130399983,-1.1805344203532575,-0.6972839597578198
-1.7677449635586564,-0.3601021541859791,-1.1798634072865022,-0.3407538047514075,-2.785122746348741,-0.2866995082225393,-1.323591577993602,-1.5348712930827837
-0.2778635759564638,-0.33272548011053843,-1.3890972121693792,-0.4347440227626577,-1.2798164884085566,-0.31803369550175375,-0.8688566119315159,-1.9342945187687062
-0.863306423418753,-0.23106285596048243,-1.432408883943122,-0.48625653387184503,-0.7371113575913649,-0.7641615770280783,-0.9397136356694521,-2.100227265870272
-1.9071051274848192,-0.29819504002787234,-1.6174293877200787,-0.5392528167661692,-1.6488808391531544,-0.9503273773410633,-1.3639014958151874,-2.289089624351945
-0.5256664075031818,-0.33356125095595024,-1.3962839289351405,-0.8568104247242835,-1.363632650735834,-0.9897414493903895,-1.8394900495061115,-1.6157110127934713
-1.0866789718866525,-0.3845651082020661,-1.1025365960355116,-0.9485148474188799,-0.9180154132888808,-1.0485275378519598,-2.2469323818152165,-1.3891707016275696
-0.9281428769920183,-0.5181813387304062,-0.9325252117552996,-1.467962520793198,-1.2323184304310506,-1.010735506460048,-2.6142928219285384,-1.4997148671670824
0.5233354035979801,-0.42289299872580827,-0.4548899157512404,-1.3349084232972368,-0.3471729212899159,-1.0087092189098197,-1.7816994466450577,-1.2082066153290332
-0.8788046112092067,-0.4391421334026688,-0.4673540778148675,-1.334004316692167,-0.2947686855556117,-0.8440897779838004,-1.3759833314783922,-1.0418016198308517
0.06902332392607644,-0.24943108257458294,-0.039559585966176446,-1.0334342314558471,-0.49514406912111,-0.41686650239990375,-1.0968403069894617,-0.9188384020917071
-0.5229113655239214,-0.25067637959657224,0.17195321553408469,-0.9893260006983188,-0.2729271376702481,-0.21508161276583337,-1.392575560134036,-0.7001136074441892
-1.2603937455491645,-0.20130294438367072,0.2181313102854054,-1.0585324079690848,-1.0005220965993398,-0.032331698697123566,-1.40506551287495,-0.6695240079774454
-1.013825291377072,-0.41940972214998345,0.12835593037050988,-0.8845655418508725,-1.2966258495424712,-0.13103767313265308,-1.2872204634467177,-1.0591889396647507
-1.006384641257366,-0.369892086868655,0.24574782078990653,-0.7684086606641531,-1.2257571223136612,-0.3354379559451248,-1.192036099459239,-1.114824827791993
0.53820251923353,-0.8573408125913385,0.3971879619946598,-0.5776074341562225,-0.35513254261203486,-0.23206697236652624,-0.8614089181335812,-0.9042099036060194
0.22603479509001478,-0.8540561449364786,0.3834073802529106,-0.4155923714261828,0.41709717496126486,-0.25266739402430755,-0.53332319975336,-0.7747957242129471
-0.12494351741158591,-0.8773102673385101,0.006905841223753575,-0.40477778078639987,0.042325829864854725,-0.25976192699318623,-0.9009741879641462,-0.5393279007886388
0.9344388724195778,-0.9998641326522801,-0.10742204102460597,-0.5549289855888921,0.4995061058672067,-0.3247698804437738,-0.48335640784754563,0.04990513167729097
0.05496583362603436,-1.169318963783471,-0.8249610222856861,-0.5153794349326111,0.6393616406107088,-0.3533516516915436,-0.5039995142667107,0.43839830200124663
-0.12882466405690218,-1.2476377612799547,-0.8206857672843193,-0.49890415024671747,-0.014925085626182928,-0.531871122026959,-0.26742201365465323,0.13101920815385448
0.5734591452791651,-1.0742296695150146,-0.876620457694857,-0.4963946381087896,0.2546420662184621,-0.7316246710246408,0.17899059192316505,0.3366560034348454
0.5521669956640041,-1.0125254364608482,-0.9953588536213072,-0.4829505126207106,0.6898790148545094,-0.7923880321006858,0.5651319174796666,0.5978652093036907
-0.773931599041795,-1.0339654435071917,-1.218502871075444,-0.47883864958473854,-0.05973251577623812,-1.0157344403802016,0.5259198787355281,0.08820932048810343
-0.9289893170561229,-0.9761236800777161,-1.469447882524035,-0.4618165690820566,-0.995582360597426,-1.1826378762506178,0.21286289934909278,-0.21318145406454853
0.15650158419242802,-0.9758244232983789,-1.5540902678566582,-0.5914162957500033,-0.49692631774645857,-1.2267816369458635,0.2188160821319364,-0.07301929549890267
0.7271593346480564,-0.9854026259175168,-1.4176557548637942,-0.5151730496979071,0.5349907484454635,-1.0685669827278592,0.4268509414980348,-0.07668652805589844
0.9259872301748717,-0.8894761140589761,-1.1633317725024572,-0.905362567492038,1.0462115086215145,-1.109064941758542,0.39201233626634097,-0.020556139365020973
0.47547860590017893,-0.796011752480803,-0.7129121654810378,-0.9239526934902929,0.9081630058382927,-0.7935300295728842,0.4328962387927375,0.26823211299328475
1.261135939100633,-0.8037604565944079,-0.884483986062721,-0.9412212061773599,1.105775817922438,-0.7530194378268008,0.6589086575300328,0.9525619281566193
1.354277993087065,-0.6599493789440225,-0.7398475258231096,-0.659939839063385,1.6463160891577007,-0.5771669863667233,0.6504585320012406,1.3598014851384161
-0.11190243600402051,-0.5903627041205847,-0.4276968161682706,-0.6667021285746013,0.8481238250728276,-0.3527948015966929,0.3951911141974485,1.1092190972384977
-1.3854769933176558,-0.6317733900763884,-0.2720165728680356,-0.557631308016047,-0.8268424364531989,-0.28115214601780214,0.2157061974345816,0.41001471900336006
-0.9074268332697342,-0.4882595936656768,0.3870397046500226,-0.06440069221221713,-1.3546220598026877,0.06809594641127852,0.17916510339113864,-0.01490136784604167
-1.1472811918515617,-0.47730092298883253,0.41959100238456637,-0.0577402653746856,-1.2262411141752585,0.08938611432992292,-0.23387474249148313,-0.7650291304941199
0.17641486868553385,-0.8054703826515685,0.1879816720438748,-0.0845560271057745,-0.6240976846738461,0.16598079434578047,-0.3795609513571969,-1.0632429881343894
0.031585047161752894,-0.32228366650674617,1.0469334201703342,0.6317230821004307,0.06193743152302462,0.997354954106237,-0.4573735193528097,-1.099984396286977
0.4107186872019521,-0.3579843743650844,0.8614285030397747,0.5861994252740916,0.2501791000282091,0.9677287099491603,-0.42345488796961694,-0.47978977910944204
0.491442341586904,0.003643245293849973,1.5095702590046622,0.6054146116865369,0.5686787482892441,1.5844275572809532,-0.571049331653532,0.088901700539249
0.21408852078356946,0.006425100915631615,1.4008301424664769,0.6881521239844828,0.4529059754246407,1.534351473433668,-0.7254268913727718,0.5714284284687703
0.018887716850888733,-0.09203703611613535,1.262110490707278,0.6578500807046557,0.11696128295036054,1.3976174884825467,-0.4476494904154378,0.49449318694701605
0.6987226824560882,0.08241663514951113,1.5925126737977253,0.7764863341334589,0.40083322887877476,1.5178107011969675,0.11385980090838171,0.7622057699023742
1.4506518093990617,-0.07773641845215992,0.6621154621086179,0.4836562668419872,1.3028111881733524,1.2151308402027818,0.703007606412679,0.904541520209763
-1.0147253567023322,-0.31473895684602365,0.0666757877472825,0.07946717218306944,0.2108717714925128,0.7380487634764875,0.898698912228423,0.42949362079826403
0.6295554567680866,-0.16974039750650965,0.2978618862087837,0.16076892334767406,-0.3114864257537835,0.7095392513608083,0.9805254625728805,0.5155067126394863
1.0310956830710662,-0.13855235140494646,-0.550303968914112,0.08749739834306165,1.0197052027672253,0.8651909802783737,1.031749824156317,0.849555365813547
1.4449023272697423,-0.3251587234712845,-0.9031704314978537,-0.24181243345649964,1.511265331547001,0.38588849327519814,1.313580994141492,0.9632713980023296
1.242739199727575,0.24979993430860928,-0.6155472494067963,0.15952688082811706,1.6673108944584656,0.8465667363997323,1.2983098658516765,1.134961096033054
1.0697009734282263,0.21903216432363637,-0.888142800558846,0.029813773420115312,1.4945791753605466,0.6984355156143479,1.470713980752562,1.6669039830595644
0.7145575300737363,0.28803909765492536,-0.805759306774574,-0.08203143210898177,1.0960223273990286,-0.11115580032684783,1.6594598912705212,1.498297547386253
1.0645354159469937,0.28972212502766054,-1.1178357610742178,-0.6145938112086448,1.078454030499575,-0.15424851910077803,1.6277138714895216,1.4899786818123968
2.2614876375760034,0.2180929861410541,-0.820398479657334,-0.6715882544742492,2.004447673934834,-0.8538482979763206,1.7687238808178467,1.9165436123866781
2.2474310200033343,0.1829080235044012,-0.18394416111992898,-0.512811029861883,2.672664404491943,-0.825449953756165,2.3722979835292928,2.140459344540172
0.27253534180194355,0.1514864709754668,-0.08033628159707804,-1.0967846247054704,1.5168747953384767,-0.6008655393674074,2.2654627805320406,2.16794946270418
0.5697538171653377,0.1608786845768156,-0.19497020060112105,-0.9980513463122828,0.4408625118957262,-1.150475067059238,2.398409277616411,2.2375276996002067
1.0591042696027713,0.09212197568740293,0.22858296109749432,-0.9348610892029091,0.9204808840537476,-0.8816710956828331,2.195781899569283,2.263952586132022
1.7205053948042077,0.028186648473505823,-0.6622354912395026,-0.9636239758450701,1.6788134737794518,-0.5303199087938895,2.562448659260156,2.066754986378465
1.8025455826371561,0.04459300502294841,-0.4229456277274109,-0.9130847205213871,2.1519545053188307,-0.5951712165735117,2.635647185190408,1.9879133934983404
2.2361525636673716,-0.2516995742461519,-0.47919978168931315,-1.030378283963479,2.5443051138448856,-0.7028438924002632,2.6810901777381244,2.352805174606311
1.095360045087936,-0.2732847607669471,-0.5298858469518432,-0.7637083615611454,2.0953242275028687,-0.49753489625998754,2.7836385088384463,2.5223554983732894
-1.7654470995952913,-0.1115529398987463,-0.27053793411417804,-0.10287632025674077,-0.3384856113318481,-0.8660160452319076,1.822039917628807,1.5497484668195534
-0.7418201663397452,-0.6349090285867872,-0.25144770266860783,-0.19460768328214068,-1.4346347212122434,-0.6390566803478698,1.1068514587250917,0.7137298354411796
0.7635393500851583,-0.7124068850464221,-0.548096430760144,-0.4255839018951827,0.06425032398545072,-0.7681771803814631,1.222264916360251,0.37535477609889667
2.502558399462122,-1.1027451853035242,-0.7091254840513997,-0.21053308445480526,2.03635639536057,-0.8229627405300264,1.4698294870857938,0.4657872391855362
2.45663552863587,-1.2176109932060297,-0.946650083494757,-0.9142732203384991,3.0846385871025155,-0.7795819958449669,1.8319161900301113,0.9390872603359112
-0.20441264097895503,-0.9795976699092154,-0.5348755772538686,-0.6153852778149466,1.3893861208323441,-0.5887521970061451,1.3232169170507269,1.4563475370257564
1.3002869998024407,-1.1950566290547477,-0.6555050307622446,-0.6730009569381579,0.6911937475791897,-0.7400921275032378,1.3138844916428285,2.2078697137598806
0.328208524778879,-1.07907821360245,-0.8053052706732653,-0.6759921137247862,1.0329890362359253,-0.8008554885792829,1.0769212852055277,1.9788594420161347
0.5019409749421574,-0.6204404833244797,-0.42577623560842204,-0.41972112579587456,0.5394895660098352,-0.7154583324724089,0.9412199871562786,1.3980055528584483
-1.1012486775215318,-0.38962092817719846,-0.09749859605932353,-0.12607457780992085,-0.3482057248279896,-0.45979238511244536,1.2199834429732535,0.2683120793249904
0.4795197444699108,-0.38573778007065623,0.005467638776602387,-0.1387616830745709,-0.38181481785489413,-0.414253972636993,1.5057276799130488,0.46226610533016244
0.10550850732790523,-0.136531799787367,0.26679454884259246,-0.2095939665511119,0.37343569157732376,-0.3796352793536682,1.3637023306271014,0.06474652230102591
-1.1513684677379847,-0.5899095480714429,0.4605664372134457,-0.2999166280254127,-0.6186228513201938,-0.30021592417427556,0.6039915611670423,-0.31290093556974985
-0.681278422738644,-0.46096655318206775,0.6808304700067971,-0.2817176190093277,-1.1062149193561148,-0.38716437773232143,0.020685213677441774,-0.7184687481320849
-0.5604774488328926,-0.5135456678516562,0.2026380675954311,-0.2749278975092552,-0.7523609350797895,-0.42035810071847857,0.05132011410741299,-0.4348805349809155
0.8762338553032019,-0.48574356085740183,0.2989598101015109,-0.2936996144030865,0.22444428957281434,-0.294167380040552,0.009843725120724943,-0.18820980632544132
0.3054709878360155,-0.43013771475955137,0.45655359946868845,-0.2099592933874895,0.7799584610201813,-0.12580360226984635,-0.03623301163623386,-0.1497252602894847
-0.6120519416846829,-0.31565185933192685,0.4171785895023966,-0.4029301076651637,-0.16646989838693926,-0.013433072239984939,-0.224409311120735,-0.09651828897586738
-0.454637032438774,-0.4436142113210439,-0.18017182959124162,-0.47867440938921946,-0.6671991667762083,-0.2460013627618112,-0.14869932102409478,0.05484353740420828
-1.749169420517159,-0.2844627505909701,-0.05774597429293559,-0.026673849565452247,-1.3644919086054084,0.04526862968271044,-0.546471050542286,-0.4319779149603398
0.7057473937668249,-0.3206365134577863,-0.16739995317422446,0.2676105076377933,-0.6519146999603096,0.12186330969856786,-0.2516773953263897,-0.7257136516975013
-0.6570502895492039,-0.40381576854788453,-0.3801855451349788,0.33172288711398257,0.028794935395923805,-0.03309968357536674,-0.1304896257995826,-1.1177305313879367
0.9228684908962993,-0.3867119257139519,-0.4190293207228529,0.015324432257730626,0.16462123453397323,-0.2222215392920508,0.1675940589966867,-0.5462003473516157
-0.5145490207427197,-0.34869861646314426,-0.2648294815262214,0.15314934823724086,0.23947579900976704,-0.2481034466044418,0.18375578908021825,-0.7153396256437389
-0.5699890004356082,-0.33284845670519886,-0.3282023165749461,0.31024171020122693,-0.7004188906611433,-0.30052416243004587,-0.060042383420477595,-0.32972231165511157
0.15149946528793629,-0.38597788696610286,-0.27975888928241516,0.13138604077976374,-0.2885898094350166,-0.3123029062694022,-0.020277003021120316,-0.40943469322293113
-0.916501111013547,-0.4435372808844265,-0.5942025655915766,-0.23351469719386994,-0.49715816086763215,-0.41208619867428004,-0.04883329876840228,-0.4684164209997306
-1.383056831573085,-0.44426548879117506,-0.640080091846131,-0.36706522678255415,-1.4279772159441895,-0.47197537584461535,-0.2157144424252011,-1.2268049048957401
0.29453488652443666,-0.6538852242307313,-1.4768982919403986,-0.6487685918681423,-0.6860692926934527,-0.8088747363154726,0.3110955928954748,-1.070277581885842
-0.18810411173791347,-0.6550499720088319,-1.6462508917096323,-0.8416495270463641,0.06019074444237821,-0.9496486636516498,-0.12980200234541947,-0.8106955529907114
-1.9258562595296111,-0.9133110567327237,-1.5450229371371036,-1.0020480848060018,-1.3065554301760203,-1.1256981854719739,-0.21842477032186577,-1.414455783547374
0.26759160613287886,-0.5322533860209273,-0.9550066354921928,-0.2599085728531558,-1.0577982561508965,-0.6969069372525767,-0.3408739147310455,-1.0406569205646719
0.5268409756100069,-0.663704329205745,-1.4051261699879287,-0.6438737631514371,0.46468518922924945,-1.3416828367428408,-0.2794428379500776,-0.4931943425749599
-0.022891539765717093,-0.8343461739748814,-1.4033830198864676,-0.7557111047774563,0.3456577179646516,-1.3470037364694998,-0.3624408333417814,-0.4056215766333667
-0.6897492204475881,-1.0199812287065866,-1.3446582728064163,-0.7623811858280984,-0.4239884033001383,-1.1550834816373134,-0.4627683683579411,-0.731638993911602
-0.14327676523307534,-1.1226795572049428,-1.365054434689423,-0.767051829135206,-0.5992593488789357,-1.228525035889225,-0.12023779541247755,-0.25716923395150204
-0.45930252976428826,-1.0212186985019152,-0.8921590352646562,-0.9169275025960657,-0.44799388861728395,-1.1060786520559844,0.1469495430877166,-0.5315797400454593
0.519429711328706,-0.46118209852408465,0.6416033144795795,-0.3971996497007968,0.06335546408228605,-0.1286687863407654,-0.16506936532724478,-0.4367923919820491
0.9464705097653346,-0.47335468555978494,0.8169388099757143,-0.32985537453809033,0.9162615854545626,-0.14868406062119893,0.2424506263394959,-0.09216093334314096
2.057443165094739,-0.49638219926272775,0.8149615881444054,-0.3585570361589788,1.7569227178259244,-0.11919930287660667,1.065172636089086,0.8816244638744541
0.21678321759965485,-0.3620461343083093,0.44471197071295404,-0.16329873213113996,1.3467816934635286,0.27737195205969817,0.8939700965103096,1.210144170624019
0.2504374333111677,-0.37960554342118225,0.7990918600383207,-0.3013116035286777,0.2147535084103401,0.5911483902616171,1.0686413545699924,1.5429346956162888
0.7151808001217218,-0.5175341601360969,0.8208562443869155,-0.3198609385370901,0.40827471593315295,0.6751508945882839,1.4842684099076182,1.5149864541006948
2.0370828429741175,-0.5241279713804001,0.612767107266292,-0.3656426865531903,1.5615950992312813,0.7408410146704945,1.8451463796896803,1.7853458206620407
-0.34006275168933825,-0.6001346006269169,0.79138620829929,-0.2504829018928576,1.0333538575135957,0.434028739814522,1.4841580524621174,1.0356775649330978
0.4534736141904902,-0.607115308427974,0.4331449327233627,-0.04481994289258768,0.11790764416400203,0.7766300869266176,1.5148131362253043,0.9852012879714728
-1.6488707781905567,-0.5098288515984292,-0.516913013748097,0.147434043997284,-0.6604819488994209,0.8568781482362777,1.2884712768130726,0.3962599769282041
0.5160093786996229,-0.5679708746551215,-0.5941393979869517,0.24530003006132065,-0.6193277932282512,0.6960950103230594,1.0511561070638198,0.38703678227501104
-0.9853500993893718,-0.4151390559710921,-0.17294632350366537,-0.26279789973088064,-0.27609917314779864,1.041625041955487,0.3540667932174995,-0.5753212577668199
-1.478344111425072,-0.06182588270519633,0.16291709167069926,0.7556231536768346,-1.5654210369554054,1.6833114003493206,0.12803558197719378,-0.9574895065159942
-0.11336866592999088,-0.2072689505882533,-0.07307193990268786,0.7520544373086591,-1.0051942048485967,0.6156433096411442,-0.09260487556053572,-1.2310862674113867
0.13372027113504412,-0.31776305261710386,-0.31937647247580114,0.5223642394070855,0.016927493038410308,0.39015540344694827,-0.3957340943583462,-0.6916431650093176
0.30780756403070253,-0.2542920906228972,-0.25413193104768445,0.544909787138401,0.2938123525845435,0.48232874809461,-0.7077449342330753,-0.7445798383983679
-0.710943001586208,0.3964320683258695,0.2646603279164908,0.8567844939071861,-0.2420110467770942,0.5118893021316047,-0.7351845251379677,-0.7394845922881459
-0.20115576734798601,0.9033558018369656,1.2276327817368498,0.30965652778291824,-0.5856573727562844,0.787130905276067,-0.8186290973018685,-0.39870483856777184
-0.944460342974718,1.2274765442584479,1.7713236345726597,0.6368708740018166,-0.7357929917095866,1.0393304355301536,-0.6354061155759788,-0.6644867891874562
-1.8240414392063367,0.997287277602974,2.0508392308390535,1.0793475241080255,-1.7227396748375992,1.2112414797852986,-1.0263738858203835,-1.4106371522591317
-0.4574759256852894,1.3489949335964508,1.9529606839151892,1.0603890327374579,-1.4301504516586554,1.214821591329779,-0.9588136641279889,-1.7146402382081662
0.7376247012763155,1.4131419207643512,1.4389657921885615,1.1232032594830947,0.14803383734338688,1.2892156523228828,-0.4992059191281714,-1.1420184436961132
-0.15905906311960874,1.3699016508867343,1.744305748242062,1.1464489088526622,0.3493409246326055,1.2586293217953735,-0.5212304703591187,-1.117256435673048
-0.4201919043351304,1.4216797629186557,2.0695336935707553,1.305611061813785,-0.37813916399697284,1.2991399135414565,-0.5121557144867256,-0.9411848682059041
-0.6298301531018141,1.27353040924121,2.155592637274352,1.225727262796954,-0.6736755316667625,0.9836302667865994,-0.6136833955854392,-0.49078037821822484
0.3745530112522075,0.6918142448690324,1.4951517750845627,1.3089996665399912,-0.1736486520630992,0.23322675965670728,-0.34467196758565793,-0.20057886893618565
0.4897880128274301,0.6767557205806933,0.5479465350533931,1.2755355675616658,0.5171545836933443,0.2933079541011292,-0.09922302613301508,-0.3733382302720246
-0.8402737723537362,0.7684630096919705,0.09657396092363008,1.3366683747396837,-0.22338414609867738,0.49587000838663375,-0.0810612875886052,-0.5509798363237195
-0.3486308622420729,0.6033237742345585,-0.17882866794860383,1.0876740081168395,-0.7345288627596914,0.46874655780468916,0.300068886444156,-0.452383394758172
0.43958998713390834,0.6074404516420677,-0.42326588162165313,0.33380173058144336,0.04435967126789788,0.05686950488922874,0.4322845655830856,0.031243628659941104
0.7628323059181762,0.5955081512844738,-0.509106524292433,0.3669936765284159,0.728451081543551,-0.2758509533271676,0.4109356894434851,0.2524263208827225
-1.035423274508022,0.7447264061352027,-0.34910819940105114,0.6375241630772878,-0.19122333118997842,-0.2830768665362107,0.2868063969610318,-0.14314918144961336
-1.4457171342539277,0.5763427929622802,-0.6202059538053875,0.5650207510664291,-1.5297169341620087,-0.47495770729634773,-0.08329840783829844,-0.3335691331979746
-0.8863400867974676,0.604648966079016,-0.657363781697592,0.09406842821359053,-1.3938338561583714,-0.569111861718796,-0.24506776258417684,-0.4814968713418286
0.8952525538494286,0.5827138468705776,-0.6559536025370427,-0.09539955894309866,0.033460473984596,-0.6697162806247017,-0.1753045316672737,-0.39295979698775474
1.4753605672563959,0.5032988849486869,-0.8624200076134912,-0.5691049280234389,1.4719638953238634,-0.8638502925036584,-0.07599769168525404,-0.2610675794420094
0.49440680754021143,0.5329506995823038,-0.5384823350629404,-0.5546531600792342,1.2555932993318004,-0.659271046223014,0.08214701062966584,0.30432776408067164
-0.23662803834260956,0.6797973492376661,0.4263279903055754,-0.3291956800153649,0.2156060981237938,-0.1073830819815624,-0.12361901147282829,0.8227726431560944
0.4414159378569096,0.8301839328327444,0.5096427102474794,-0.19975814887569093,0.17340278207816123,-0.04701386162601093,-0.19301729832845402,1.3083962427217712
0.3133576310750924,0.9435525588730435,0.5005719474477575,-0.35453921150392265,0.5298845539645552,-0.12331394671873046,-0.40064568515963833,1.1265961838785379
-1.897748526665986,1.1167382649370678,0.5351622711044135,-0.10474157474798537,-0.9113795068198546,0.2529316902288038,-0.6700146445292919,0.06309912038341116
-1.0593870775384386,0.8222476295418815,0.8576754529218249,-0.1180205717664345,-1.808325163629925,0.3682112819610752,-0.5445058079816786,-0.42997370984677186
0.11610380332880338,1.1293077141035415,2.1542796934050705,0.5586245712042658,-0.5629778486097173,1.6985019037459208,-0.48791884137262115,-0.34822036200795886
1.0116338384723764,0.897500843459967,2.2553869173572787,0.6075881106231056,0.6994061098717194,1.8066015653532066,-0.44561001408905615,-0.17465786752521556
-1.3085824238919985,0.8063108763454129,2.504450836917597,0.5787182212209959,-0.1894873161187789,1.6254939042865517,-0.8761024825585176,-0.7490200002895608
-1.3025715109314164,0.7123973679200767,2.1648080357488517,0.6293377399967419,-1.5809563790965602,1.6535435855616563,-1.179775353667025,-0.7493836020716054
-0.8066494219254721,0.6909156486935338,1.28381985710863,0.7911376955216092,-1.3133221409396485,1.653760868266543,-0.9429497446271883,-0.814852459844265
-0.038929186429621926,0.9732041007019935,1.7573768762003783,1.3623596182872806,-0.5250811941468182,2.3046741619888476,-1.0743339813861172,-0.9702419351504135
-0.899036281064162,1.067309250611518,1.953219066008127,1.414501573760064,-0.5100947002858821,2.7124981344952355,-1.1887126007034208,-1.7043549885186888
0.427849109140027,1.4162411770159922,2.3541169762580583,2.1461369592621318,-0.20762714847847497,3.096194125895427,-0.8088392194560375,-1.0322262438316097
-0.929144919192561,1.4116842895817883,2.2320047534869545,2.092577270218149,-0.20635560148648785,2.5211832393850377,-0.9324278368844591,-0.5406964646546348
0.04277844374303888,1.406284454850631,0.899981169797929,2.1041074197204233,-0.48518156355521413,2.4274282787692427,-0.7543151954176563,-0.1606537468065204
0.1349526826994859,1.5779060970128762,1.1876523118653002,2.525488332631597,0.10504117610804654,2.939738956278394,-0.9785994965582784,-0.12692468108902183
-0.44352892588174997,1.568288339407217,1.0866245239374175,2.0903362582914706,-0.17068112081918382,2.5387938341799487,-0.902015727279586,0.12374317187449993
-0.3817389656464162,1.558936505073983,0.9607304074796297,1.5372929273617926,-0.47394974656482713,2.4174389169573054,-0.7145900867273923,-0.16069242984333465
-0.42680422161052606,1.8131878990925765,1.3622978113571607,1.7710331460162243,-0.4681902758825101,1.460071106879168,-0.8756016472278336,-0.11886030001410806
0.3561262477468677,1.920427416862006,1.2590598760110239,2.010502662633763,-0.034359030710539494,1.7825701824107725,-0.6998217847739726,0.029634235877215115
0.8229026990821607,2.116970750377575,1.2827507398760045,1.7713605750266228,0.7516136705781646,1.7761982407627983,-0.4469803404800632,0.33158922270562663
-0.12425558324522544,2.2155908869086693,0.8855931731963919,2.070546149434433,0.466793513233841,1.8376437684704654,-0.44394283836099097,0.3954949668862217
-1.0832654052464399,2.630917150272064,1.6297882348414148,1.8857926544386265,-0.715902765694451,2.410724376067671,-0.3470208755933946,0.0926013054116461
0.22356047347650698,2.711637259046608,1.5855757380182591,1.8097748855873377,-0.518247149261024,1.7969260001918157,-0.2558531821911277,0.21536427235620326
0.341789198711749,2.4722387795580136,1.2044236170169922,1.7971367208791085,0.3226630122634755,1.5273337473744235,-0.07842806202893422,0.09500049650383348
1.930204751793041,1.9070617582936336,1.0811133959201358,1.6930523373385347,1.3547110120821093,0.8973654957860243,0.48962473061434864,0.42098866032671634
0.2196076418766271,1.8151542072183948,0.9896684765663428,1.593163836075554,1.3148802670751942,0.8668852800678787,0.6818078741765848,0.44256775431575274
-0.3321772356242619,1.904646739322846,0.704281279237539,1.0937179109481174,-0.03167675720331177,0.9449403019840256,0.6803733663261436,0.7908500062431778
0.9060480416859179,1.7084126905134278,0.1648692898764844,0.9003962728308461,0.35201553216433484,0.5257716457394398,0.8902636747689554,0.9362715628650858
-1.441355353161932,1.7264575297121567,0.11848916863020485,0.40013238994987727,-0.34240318233017775,0.6586627586657519,0.5563667320642793,0.34406121564782605
0.32056599920897033,1.1267788612803982,0.10781177725957815,0.6481071646071566,-0.6818146735482805,0.7509169526919761,0.6011012792636156,-0.22590058609889344
-0.5096028437117303,1.054274151876328,-0.7084460066343807,0.7245130992676905,-0.11580216737940324,0.42362856209776256,0.8048921313399525,-0.41022272450020547
-0.030556099368169224,1.0614989024492176,-0.5626728215699296,0.54131347073557,-0.3501610387606511,0.07363160229974472,0.783183773028529,-0.45086700753988745
0.22753682752590537,1.0338165573976748,-0.5393470483289492,0.6279474195263869,0.08161732858243882,0.07290901097884048,0.7791920419751595,-0.6096600878093149
0.07200257979131264,1.0506012139666712,-0.2814203734387819,0.8089945087859112,0.14350575865733145,0.05738087720863795,0.3898186850431773,-0.12090667878637569
0.3573875246578142,0.7911534327438455,-0.025342181711954882,0.36799425239942374,0.2526815198330567,-0.517695699421834,0.3410111427112478,-0.14832221207176483
1.3808133871467974,0.6506204319840938,-0.23572080140346144,0.2638970514627204,1.0895283687130846,-0.5039007742045698,0.728701080064376,0.528939421935694
1.163618718145738,0.21707404496978244,-0.27136346948013534,0.05233806274421461,1.5860362182346084,-0.4923393130701007,0.7632039096910566,0.9308525430403936
0.6630483299926163,0.14318204600296613,-0.5867278063191402,-0.3104061963508326,1.13564497529434,-0.5222940078275887,1.202034260690244,1.1192812783598072
0.34810384373615416,0.2663133776336444,-0.6214762500593078,-0.7804983471118313,0.6256803214532561,-0.4339407963170155,1.2573841151283396,1.3440949690698145
0.1270494918340236,0.28786863161502985,-0.11694555737916898,-0.3145686443242871,0.2841926833538996,-0.08768817336368372,1.2953476730682478,1.3654589016691085
1.2545666815485284,0.2112986526776566,-0.4026357616011875,-0.41416893817107037,0.8578544116021267,-0.22537466505599707,1.4779723525204191,1.282884899300935
1.0647500273303514,0.3320792494673731,-0.2485001576923796,-0.19018959599040297,1.428316765189514,-0.11431288434161967,1.5371296538176094,1.3117413324323928
-0.9709528966562271,0.12635183090828933,-0.2932943346479423,-0.1425421604433513,0.07898476689937077,-0.2234898639182536,1.1375186098843715,0.8032688203029192
-1.2097776144167627,-0.012505186647609927,-0.2743052881156395,0.09594913201120288,-1.30463718493083,-0.20967472635634868,0.858246327127205,0.1335450069048598
0.40465303446823636,-0.26297722742097557,-0.5026399418344819,0.009177182916122413,-0.5729154924677078,-0.380378083019213,0.9252331743057719,-0.014880869586859819
-0.9212791343594741,-0.2663054256507867,-0.194365111206126,0.30374685715245214,-0.37537043553078536,-0.11577827932806888,0.3593645830895252,-0.646578918976083
0.9812839380506487,-0.7620929860575069,-0.19262474787080566,-0.04122355185883648,0.024799604702429145,-0.2578660090658904,0.41481082829901467,-0.6502036435072629
1.3728118906040399,-0.779094892651869,-0.4772282270827078,-0.14771889958947487,1.3575645779594958,-0.36379233831568697,0.7256482230275783,-0.010950197832439468
-0.11346024409531369,-0.4930339656745053,-0.4507558212899422,0.42301346190693856,0.739625052155607,0.2668054435901668,0.6623084480637452,0.570991904220238
0.6424637532231279,-0.4066632000023383,-0.2413977829280918,0.42459985081786766,0.31053412099426103,0.3734861986036767,0.5452837937265816,0.8211065864535619
-2.244102906001145,-0.3210482347351529,-0.3510441481276477,0.31462956291058153,-0.9650499944621781,0.4570177553002157,-0.1984932892558117,0.41261383404780294
-0.1717242422427142,-0.1436637450499649,0.015443505180008487,0.5399651076712951,-1.4820532851276254,0.9847721800406951,0.17353900929380547,-0.08009897520760387
