cyclostationary_mean_tg_1w_0,cyclostationary_mean_rr_1w_1,cyclostationary_mean_tg_16w_1,cyclostationary_mean_tg_16w_2,cyclostationary_mean_rr_24w_0
-0.5544842170465856,0.3671633566813879,-1.7149671538733915,-1.0455876949783296,1.4123354774915893
0.19795866410371055,1.1097458222413747,-0.051369277189850425,0.37866113162648185,3.349162971302771
-0.1293263431935643,0.7459524067141556,-1.2003533584326456,-0.46058844074487726,1.7523516856148218
-0.2867230553645149,0.2658676550277689,-0.6494934859368815,-0.03940400112546857,1.7938777141525304
-0.15099839171034735,0.4897413405173379,-1.0992814840339384,-0.29578672075474244,1.3445079651640321
0.37107140751392764,0.2566123714322094,-0.3769193511151367,0.37398231545435867,1.5606475514683484
1.8759840942539,0.01850744342473706,0.20931575590063,0.9262891145234357,1.1743354551834324
0.5627264875897605,-0.3725817535781988,-0.1997712910849887,0.6656547272666041,1.106450352783949
-0.36218930417268014,0.5762595028862604,-0.05623875186052695,0.6216274819110076,1.4439790143864994
0.5204576731055206,1.3099720569885034,0.09652195946814,0.7820036121235158,1.6752492190219819
1.0338534030209303,0.9019645996495986,0.30760681533668277,0.9608460954117266,1.6035448616673886
0.566068213172913,0.6355898726752276,0.2453123513205973,0.8747681034850117,1.7749515733928658
-0.31155441234406395,0.6345523323041857,0.11933821750632885,0.7751603187805186,1.8399653543256125
-1.0313226427086837,-0.31979424041478133,-0.16601946100341222,0.5160545646653824,1.5577243854741936
-1.8183875087892338,-0.9296985842411251,-0.4446669989293711,0.20966517257518413,1.4274214455396548
-1.19029151620764,-0.018293478307320473,-0.45409649547336184,0.17599827975952406,1.2909524954814824
0.19312142678179756,-0.8502039349553576,-0.37182833027569373,0.25852863790522873,0.868511476878667
0.05530926631873681,-1.3486679732144868,-0.33896096893925876,0.2534996410721692,0.7475043495042399
0.04361508577247351,-0.9256119456368171,-0.34908170159192053,0.220752466138134,0.5292078282131574
0.38382325081244106,-0.508076056318956,-0.15156256823225983,0.3669273485662385,0.4416351766430051
-0.6406877101213072,1.1520520602279405,-0.3848495674157134,0.11879891366980393,0.7396941048847132
-1.50213786967119,1.6743371784344605,-0.4272048701562946,0.013836995990976876,0.8229617235935375
-0.9138763865712238,0.8975370549233771,-0.6308662468601849,-0.23223496803888163,0.8441686854756454
-0.142060600668573,0.27012792283702663,-0.8533754753086651,-0.49995755015939797,0.8072738928410665
-0.332985898651252,0.864511509684315,-0.7403735224757387,-0.5116912541792017,0.9522748705248668
-1.2568887962757829,0.9035717285100493,-1.0291421006530697,-0.7703501063223938,1.0429895770219586
-0.7216442149153712,-0.6168060523454896,-1.0641306546587819,-0.8455905681574579,0.7209734908895312
0.29665132543655587,-0.9135425984634725,-1.1955204719093775,-0.9860633547351663,0.807175510501359
-0.07267161348857996,-0.7140384071174161,-1.2009394763983539,-1.0262645541235715,0.662173596887659
-0.04524187860213219,-0.584388209323752,-1.1086619448392716,-0.9877190985934184,0.6352794700827463
0.28820025814443434,0.054457158566674525,-0.8241683344169924,-0.7816861573248732,0.5896968197174398
-0.4502060047351244,-0.15624823392797701,-0.757671708310252,-0.6740062632646291,0.6019127402899369
-1.6291113537523758,-0.6739131213393671,-0.9852232822120862,-0.8678972698558777,0.5590168454364485
-1.983650393915583,0.49334097037605484,-1.2797528988461058,-1.188764238135462,0.5052867930981382
-1.0173881470120878,0.5296760576558078,-1.212125182745744,-1.1176300111044428,0.25765028595615663
0.48740883849510963,-0.3378135640016519,-1.1813024215491232,-1.0800850360525518,0.2328543271121687
1.3341754472136511,-0.2169718722152006,-0.9559005179158107,-0.9272249209199716,0.02795125577341657
1.1375445372075987,0.49237754003151585,-0.7245124866551821,-0.6692868614657149,0.10875455511668342
0.5644635112087982,-0.32681351863927915,-0.43578505225004033,-0.4379069498879556,-0.05109067036962887
-0.14034082584612553,-1.49435346331407,-0.5057326505135427,-0.5238611095751982,-0.12783071677097851
-0.6149387148840166,-1.1224693503220524,-0.5331620933645465,-0.5877663502801206,-0.2546416748934282
-0.8675848453993381,-0.9344628002306031,-0.6031532686559707,-0.6833185847429872,-0.0545747633752493
-0.3748704877100886,-1.2823758486977836,-0.2761586815581806,-0.40964187583525963,-0.22664954678127652
-0.29176005669593763,-1.477539309920093,-0.43757786624036743,-0.6476012567330415,-0.1953930100944327
-1.8196109447085391,-1.0062765922616304,-0.7273287295359502,-1.00180714823167,-0.27942679073820176
-1.94569893040906,-0.7177133233522631,-0.8826004570256848,-1.1283468044276272,-0.5811197568809138
-1.1603025020128606,-0.458718778667963,-0.9782621493884939,-1.2423355192896781,-0.7732749607560847
-0.6121110496008034,-0.57422243111687,-1.055509116369229,-1.305858255061282,-0.9000584788433146
-0.4734750211483103,-0.20178778649940182,-0.8985733343964913,-1.2645333996080064,-0.9261981702041503
0.651098540181274,-0.12960673811481555,-0.3441869080181576,-0.8213064594089875,-1.1388061111867294
1.4302970973047884,0.7985895823952385,0.03562912560196874,-0.4912370256706087,-1.1149244295871283
1.3809866348890807,1.440530631964161,0.28925946082106846,-0.27334826249475186,-0.9255531875797058
1.008518805724725,0.2649338686938311,0.1591551102204858,-0.31988881630957083,-0.9476314587136835
0.2587568644187597,0.32796973980794814,-0.006522676886652888,-0.44131218502013847,-0.7824326229740262
0.9115631827078563,0.4530695819743285,0.11747055171123505,-0.33190322600043515,-0.7417234792211232
1.2609931709066184,0.044299850077107156,0.15559635286015985,-0.22832939090123672,-0.8132159700247962
0.3367196046163062,0.06826703264817505,0.13728307297089393,-0.0909573485305281,-0.7872792601400568
-0.04293698805645573,-0.3242620162982476,0.21350397197774448,-0.00091571131284184,-0.8508547945053399
-0.47764242672431745,-0.022507162671347735,0.25419432016251525,0.0009055574305762889,-0.9059242012649946
-1.0895484300070215,-0.1705154727444675,0.013450190990117267,-0.14148234860905132,-0.8993622831311763
-0.47926427542510625,-1.417194338577811,0.09784993492573267,0.06149785902907886,-1.1027265037257021
-0.989920976052697,3.5190903104349407,0.1562433146749513,0.14480938403627733,-0.20714424749303037
-1.2501344393084968,5.768562532026921,0.3083897093853528,0.24202598553858287,-0.25774771019940507
0.09868793043107228,1.910451722872995,0.4912093245571721,0.41942652881452336,0.06053085908167132
-0.1358235868829017,1.0970412462694334,0.380059895664074,0.3361148221220003,0.2837520760575836
-0.6743238619004616,2.2624743487622108,0.3978512863525829,0.367878378921981,0.6496346866994952
-0.16569522354963104,1.3434676715385276,0.1017535346277292,0.14438361739219094,0.5899267396290129
0.8965377069450007,-0.22885065074896596,0.16597436645441885,0.270237332255374,0.814383860814574
0.3704493603408028,0.30949093405675904,-0.20610627667237388,-0.08872033437202065,0.911446874888523
-0.9672155397302861,0.45951080199210287,-0.29456050026528,-0.26040811103019984,1.1070259777906795
-0.8833828101574144,1.2157231601406544,-0.42502247481164596,-0.4373883139151446,1.3554153764464094
-0.5904281970930798,0.3827688108335896,-0.6452719153614952,-0.6774162742366646,1.3413923500961873
-0.39754737404718266,0.3157945211681708,-0.8053192980078172,-0.8901583124715837,1.523333178533744
-1.1860466929175122,2.8308347291603053,-0.9163625635261677,-1.1594652090892645,1.8973820876179113
-0.9326296918775211,1.1233608928246392,-0.9669024318367179,-1.1672384108798066,1.7558454383432123
-0.23065538680968242,-0.8872271867669239,-0.9093485756261204,-1.061629998301091,1.58081779696382
-0.5057708232931,0.8141908016887829,-0.8326741183720018,-1.021261871354977,1.6457429002999164
-0.6163243947853982,0.8039890271833136,-0.8740591876914636,-1.1345401186829667,1.649627231338633
-0.29366829731176053,-0.6133546425397789,-0.6370045909799097,-0.8823747145432869,1.4382814489436684
-0.9208739949717787,-0.7783870844153002,-0.86059047536216,-1.0242181357838198,1.4905497432396295
-1.2548266328205315,-0.5404092021675474,-1.0298455398478887,-1.1692043773221403,1.4155801476854997
-0.2645207071469502,-0.3623122213342127,-0.9049714366900048,-1.045302894415521,1.4548774851272268
0.1362137586882387,0.16233383057375939,-0.8963346313413798,-0.9065767298755083,1.6174855959561325
0.07648962351872632,-0.7427401616673608,-0.9452794616390342,-0.8499825545861689,1.383537443011882
-0.3004841895664262,-1.910004840529426,-1.247395322287079,-1.0849080064577468,1.3728589453199553
-0.41988481665627364,0.7735615677305135,-1.173529959963098,-0.9716577577909886,2.1218381297586006
0.1534668897226242,4.339905437400815,-1.0327120161856778,-0.7541229573713512,1.8138799677668307
1.025979263711012,4.706307172956052,-0.8136213320490823,-0.44187737613825445,2.3241832886107696
0.8215058844750787,1.7532555340379445,-0.7743034259049835,-0.3580029910306372,2.174198544998616
0.1896112486916712,-0.555115925204697,-0.7049909492063082,-0.2965846635449388,1.9821849259214446
0.6206540503992379,-0.11257107808606882,-0.3799829340222443,0.08870973942102693,1.7636808504539994
1.5087474104184548,0.4212234448713282,-0.15401677009668502,0.3134084240649903,1.9399752866243534
0.5735774921670416,0.2134803360074676,-0.26071774780871004,0.3881217772660404,1.887352449405976
-0.7175732911276619,-0.4803567889775081,-0.3146574781454245,0.42381368688768234,1.8262451599842122
-0.11586798554166554,-0.27915865416852625,-0.20810371304918512,0.604885651497614,1.81487899238815
-0.5301846479890995,0.08399953256009603,-0.44527782440868063,0.46515007719136586,1.6455232545974665
-1.4495883937281282,-0.046180022565732275,-0.36842944151906376,0.5202218438360893,1.7102828648706574
-1.7853347325183342,-0.33273173361287534,-0.5710787954248475,0.3493780544263802,1.5466740200125833
-1.305529469502107,-0.3725817535781988,-0.5985637470913802,0.2541609490912254,1.1272804387705821
0.11499661118902085,-0.46231840852667966,-0.502154286581772,0.2386377558087166,1.2228258103158995
0.8424263647690682,-0.5552290900388174,-0.34596146265131283,0.3153533773020942,1.1559988707784348
0.2215740358041521,-0.5635505873004389,-0.2915835819206422,0.23876962559445683,0.9280044946622161
0.22120234418440812,-0.5876913990764567,-0.12335555347713287,0.39396664180503493,0.8362465305277664
-0.34972671653801046,-0.7613206040263254,-0.4013604534499922,0.08653840354061877,0.8733312633739352
-1.4143052970100705,-0.8587647017311175,-0.6665625112132428,-0.23867755533068524,0.7548329617189551
-0.3489602882102081,-0.9387823560610633,-0.6407789740132551,-0.19380346287671293,0.7357379078622764
0.4375203091274384,-0.9296985842411251,-0.6052835019640349,-0.14513002779922238,0.6412387867235707
1.437362790876404,-1.6465479311699442,-0.4480447575872151,0.013308537079662989,0.3093576012763354
0.846199909852298,-1.7877169445115024,-0.7945842807844912,-0.2719728605766076,0.36054316880016996
-0.4270711719511262,-1.046728903235994,-0.6764437754343692,-0.28746228104926624,0.3977173438349998
0.6087393872250457,-1.1651355512944896,-0.4037964801453664,-0.08776168355857422,-0.23292156979956494
1.9324434460449753,-1.4489346042143787,-0.16166679315856333,0.14283004220244436,-0.9781515386679667
2.231173789470575,-1.1386041618064182,0.2648533615507686,0.5213424652020114,-1.6937895191854813
1.921634647325454,-0.6345924587062078,0.6649021637632369,0.918566341941311,-1.6754748662388825
0.5640184686388592,-0.18103274421990642,0.8315042227432202,1.0801240636305067,-1.568251358517139
0.22582967293807532,-0.8371817445841173,0.988020996429133,1.3365456452789835,-1.7613531810176348
1.2683486378925501,-0.9828248860971274,1.0449717431334489,1.4539994246579162,-1.8601150079659285
0.7868331592802799,0.5307771209067094,0.9493198754223563,1.3740122746382373,-1.6981757466697145
0.891572798823399,-0.2443714077280214,1.1735548478658204,1.6514459591780242,-1.785588448419398
2.4118055276162194,-1.6557227524510147,1.432637529852798,1.9428297424905938,-1.982967009972634
2.1308772263172426,-0.7055051669229286,1.7704652192282944,2.2715007593307477,-2.0589539942553228
1.0833665997605406,-0.04546433145264618,2.0388520737461007,2.5519599619808124,-1.9541391825827794
0.1934062942017058,-0.6588836079645604,1.8964899923982963,2.386817736155176,-2.0056669470792303
-0.3731778021602286,-0.5285727722203553,1.8311249107061498,2.3599782331943735,-1.9504058441287495
0.7727946215865193,-0.11829966549978742,1.7349946603408646,2.2295733185241264,-1.904467226124252
0.5641767536572952,-0.43320375525764676,1.8143619702807685,2.2738826441842916,-1.9214921092930937
-0.5706478654217818,-0.22578037822241345,1.7083028477311752,2.220047668085996,-1.7851307220623922
-0.5573393009954347,-0.08374321885610628,1.5129723390199792,2.0167356632524256,-1.767063995547379
-1.2773804397816004,-0.02842537764494381,0.9538754153330604,1.424601771434853,-1.6614035952514965
-2.296256656088545,0.37869275937592495,0.4519436780567574,0.9107790339006113,-1.4944035528577677
-1.2645574943110232,0.21036771489434195,0.22731197480146778,0.6260187817568746,-1.3989085941500035
-0.039091605295611426,-0.4411864638266836,0.37190698364725955,0.7011858074816336,-1.4125075666178637
0.7946486781716019,-0.14417465189597523,0.44734230484073817,0.6827522524007484,-1.0831486290728276
1.1269184919830124,1.4397277733437126,0.39324549959195126,0.5791841574406935,-0.805004291872421
0.7205438884917122,0.657147067765396,0.49562331190925607,0.5642784681745082,-0.8472188113400065
0.6380781519046601,-1.0062765922616304,0.3591124582346703,0.47052224371865087,-0.860540666342933
0.1396962538771388,0.03623973770261167,-0.056769358318194095,0.006065187296548165,-0.4726323422157556
-0.5523372903286282,0.7342832536839274,-0.24926404161951024,-0.23294271877146291,-0.32165803284107747
0.015441921256842678,0.6914497757945263,-0.2868213514222292,-0.25038272311003906,-0.19351480255597128
0.4258589718216232,0.6369471448748967,-0.21260950289127342,-0.11642278543061675,-0.1646689038264955
-0.4872063032731146,-0.18410936903444503,-0.34626153094211565,-0.24429216541546617,-0.02232463548106771
0.04065692096295563,-0.5427807230156432,-0.36068507094620395,-0.29306021024807927,-0.07689333828504692
1.2271020590229194,-0.5942342557020068,-0.15479606473590007,-0.11904076015481468,-0.2449812594046769
0.5849894943426177,0.46174892479249324,-0.014477724386587268,-0.07417004890298386,0.1132473957690729
-1.4244278900223544,0.5126731001466925,-0.30335689920983877,-0.3493123363945681,0.18718536129970462
-2.1509183045940317,-0.40686081697982596,-0.21769794549183538,-0.26481265836624196,0.17359270942229565
-1.4025319495382562,-0.16462690178147257,-0.03752622415921146,-0.1514396205757781,0.11127475858887183
-0.4301328611011891,-0.1769948064901577,-0.004948395049943866,-0.06776257059172863,0.2088208461696406
-0.22831923988752023,-0.327289940238227,-0.13152296359777563,-0.14610847830711007,0.16174944662206073
-0.8705946629907932,-0.058842249951100746,-0.46126903628583565,-0.40507025557086845,0.24152195079721325
-1.2753683659157442,0.31092443371225975,-0.7307475273229588,-0.6711554048079128,0.34848139689681307
-1.0813716335664036,-0.4936775368840889,-0.928991773769803,-0.7904380893380961,0.18017540762231107
-0.8185249185227673,-0.6291654873368602,-1.0749769880185511,-1.0222867391124726,0.2944117263414741
-1.7907518947093575,1.1509785235583114,-1.3141629383701177,-1.298595494269289,0.46523095277923504
-1.0076622147956606,0.08158566312542712,-1.1662558914826506,-1.1246660279176612,0.1684196825450533
-0.31773592836960335,-1.5705597448524329,-1.4124246759190124,-1.3862889171294455,0.071099662006808
-0.8413811993295249,-0.5322994478387914,-1.4440150721217897,-1.500219126308272,0.11027191871134798
-0.08547974103146769,-0.6277108133880728,-1.2689443341747597,-1.3352292553452798,-0.06672443361928705
-0.6612884102030471,-1.0615297342433057,-1.6260470085573597,-1.6597519568112438,-0.27796795166718175
-0.9928642692062928,-0.8562597828353165,-1.820036829216685,-1.838028814223981,-0.24818844846386745
-0.18388090550293892,-0.9091108188785934,-1.8494487811699332,-1.823650500201597,-0.245793261507626
-0.8325743542046303,-0.4768863223078395,-1.7167783002052723,-1.694693830946927,-0.37064046031634806
-0.37374121188855164,-0.15014580260278781,-1.4175609744219848,-1.4150839434260805,-0.5280945149714475
0.37443715080337797,-0.5713871932457982,-1.3119287019785257,-1.2675157428998485,-0.6659393412301642
0.3281851187219984,0.42363519687666845,-1.2416705519320395,-1.2125075300452968,-0.619837437398414
0.3227189557632423,0.5722787357483853,-1.1708541077790238,-1.1499995901583202,-0.6115276003602433
-0.3540451361210913,0.6055393156429284,-1.1045162359922565,-1.123151768389466,-0.3746910359095535
-0.6035336151524444,0.5840685822503473,-1.0201897319984494,-1.0040325246856294,-0.3852982522687841
0.3642524795890419,-1.1036030550037192,-0.766568036059562,-0.7791728796102545,-0.7408862737626769
0.9724704627948934,-0.6194104904197376,-0.5800803020428863,-0.5778672759232802,-0.6050398914454715
0.42466497284199106,-0.24244454703894353,-0.2901506647385601,-0.23441919522676782,-0.6179388559277087
0.3543144940274128,-0.828061976465592,-0.29147076896377705,-0.24160929453933644,-0.7264281333067549
1.1284230639144923,0.1009601414826382,0.058433448609417966,0.11932718688971584,-0.6215493307684259
0.42974824725682265,0.5801873342909191,0.023861060796305504,0.07289995760541092,-0.5599229905205956
0.31470171029615795,1.5312307172571813,0.17235130186367428,0.1925550296439897,-0.4201156924565313
1.5350592433237773,2.7469421791589173,0.5553238803407899,0.5510597847634732,-0.21541469318720508
0.4601541573125207,1.0884656574883729,0.49797758717775,0.5102088039352978,-0.1704281645263373
-0.5718822963117676,-0.8772075111837196,0.43920846731979607,0.45444650921367885,-0.3380718148613916
-0.039132397395003585,-1.7189474276802705,0.7055179372313064,0.6835871538307222,-0.8003779437183933
0.713855175813187,-0.5449387364064326,0.74027578085384,0.6734361878776399,-0.46742594347960315
1.7517248221693975,-0.07367601874796977,1.0899380291030827,0.9407505998539815,-0.4949994676474793
1.0783223857403803,-0.19129710052553386,0.939433760765017,0.789782702780426,-0.42220189550821274
-0.2701440848826459,0.12798065714562923,0.9502848260510067,0.7628733863001842,-0.38477992815569967
0.46971701496450413,-0.5558876105600298,1.1769189676103131,0.9526831575259735,-0.3915574845603939
1.0948312337111772,-0.6161708235468926,1.448638333935704,1.1222104078580226,-0.40290620908082597
0.7111311417112589,-0.12490604500519711,1.303612541406766,1.0336425612883087,-0.24361601069211286
-1.1485477454657997,-0.16594182539456853,0.8760861383820082,0.6573242643589019,-0.3624533995812657
-1.9074706451301848,-0.621506745455108,0.6799943707444192,0.507138975243694,-0.34513208566528797
-0.560231252503565,-0.3974191996033447,0.6341722132732178,0.449403563191262,-0.3196717234545343
-0.9562250118592874,-0.31456418997299884,0.1704640270696427,-0.003963235723960827,-0.48383245454208346
-2.6988705744251287,-0.3725817535781988,-0.15146987008863882,-0.28470286143857176,-0.49443026247757516
-2.40197057875539,-0.6439938449254448,-0.5272051422150955,-0.6294432245536172,-0.7682054940285462
0.09389189430725844,-0.9165705224034518,-0.5284298675417805,-0.5897013925400978,-0.7960806688910211
1.4979224177959267,-0.15277141497032232,-0.23598156132175255,-0.3740523311659478,-0.5926014183297502
0.8343477392305957,0.43574689263658606,-0.10550284783368157,-0.2953750990375777,-0.6571705847210203
-0.18042755993558857,0.758697213843342,-0.2345094871370014,-0.4219645042421072,-0.48743272087689277
-0.714572198077219,1.309228839294145,-0.44451414404266254,-0.6366013582887512,-0.28455440541150967
-0.10996430614877747,0.60243092938846,-0.6997849410281021,-0.8237098348440229,-0.4315662179788846
1.1522634237411493,-0.9660336715208778,-0.4562213219376136,-0.5398672181480574,-0.5718929736270836
0.38339313983319806,-1.3638774680822294,-0.5694819840186435,-0.5959460180318469,-0.8184723307456089
-0.7662677335682787,0.11489282646520069,-0.7930561623962019,-0.7892054460444481,-0.9110038455222247
0.7548012204525972,-0.3351667773408309,-0.7296218959611865,-0.6411521435081398,-0.9855489316566655
1.2062915267337875,-1.4588441734724933,-0.7284462378584534,-0.6584088798067812,-0.9671239039215968
-0.23506115342178613,-0.6798419234596067,-0.47171973652504195,-0.4524290243615909,-0.7970310729330503
0.5752027258992526,-0.9236215620678795,-0.05640709275713864,-0.11092624676315273,-1.0416687079541058
1.278090303492616,-0.20462725922913066,0.0032146849620452436,-0.03249193846153514,-0.840917289135612
-0.4209554903466907,0.415440745374766,0.07273733529253733,0.031020711702512204,-0.86064822978983
-0.20729683528965967,-0.4435791589680659,0.6310598752350394,0.5472851999993118,-0.8626942167327111
0.49696441217712595,-0.8495962327380331,0.8071904668617168,0.719831823470512,-0.9025552233588063
0.0736514516703454,0.6458382306259274,0.6423187997547567,0.5509771622525205,-0.610887271088407
-0.5211917792790025,0.1825658678090765,0.2758251240900181,0.26421809774910326,-0.8456959444712051
-1.013942665283746,-1.165199074174349,0.12053528138505858,0.1567307382521106,-0.819918960078312
-1.1781345679895587,1.2747570898236098,0.010099153777520837,0.047911333580012816,-0.583281979367929
-0.304267705548746,0.5938129920208263,0.18551224884630893,0.3045523693653604,-0.6701745166376758
0.2432343881360551,-0.0317179802510055,0.0725223413079353,0.16675879241907135,-0.4454188973323814
-0.3007282298622695,0.3253017788538404,-0.12166856358941233,-0.08736532575518492,-0.4693624999979944
0.030131126605989874,-0.8843644223145799,0.02149302815393509,0.04087564730519777,-0.45500351002055756
-0.6382226306870356,0.22082781577790725,-0.09271949036325781,-0.056336046710664826,-0.1928096640361516
-1.0582607982086987,0.3464972464336963,-0.391335664404843,-0.41028702626414293,-0.31951263243459993
-0.48096080260635826,-0.525820114093101,-0.40133109428446057,-0.5438283461642345,-0.37272785408120185
0.4141508864252199,-1.003003987599228,-0.154290748926655,-0.35445711028124866,-0.6716357592746417
1.0810034077005755,-1.52545850015204,-0.27189594724973304,-0.44446709667756207,-0.9339188482282202
0.9795683894161732,-1.2369799284158194,-0.1995972540671484,-0.43806674249437144,-1.0318988439008063
-0.2788857008525806,-1.161832361541785,-0.2265213908986289,-0.4225083724285292,-1.0439053769713647
-2.42608735930993,-0.9768537353903148,-0.7829962436737732,-0.9040080225832029,-1.052532031588278
-2.379595934562379,-0.8493827252807269,-0.9193621830448645,-1.0792130633926822,-1.2512013033980092
-0.8469630095863411,-1.002155251343325,-0.9533128475737392,-1.1437565433317933,-1.1528377893134716
-0.5452074403855011,-0.6000974175130579,-0.8801551351281948,-1.0803319851046103,-1.095770611526306
-1.3996551276747384,-0.05416061370544027,-1.0449770266561869,-1.192091521762445,-1.006231096895825
-1.5269602178171937,-0.20134524376971244,-1.0392402773567675,-1.1027164619250562,-0.9834271100526005
-1.1701516893367372,-0.57422243111687,-1.2998776117399158,-1.3909823387289242,-1.0855396204732686
-1.1751462084342905,-0.40163076653804336,-1.3918159084954338,-1.4503007754090698,-1.149417195910573
0.16068497620856625,0.2337441346827145,-1.1729308968334764,-1.3075352166816028,-1.0426847014799419
-0.017882744450907363,0.08702745650007547,-1.3519098942567709,-1.5210650928226244,-0.9961282410670173
-0.8063583722094132,0.9362436630512257,-1.172524969593086,-1.363050639522056,-0.9821138558437842
-0.46169995822324006,1.3321394246302127,-1.2105945701097085,-1.3323415836604307,-0.8024282085099322
-1.4303233690729562,0.016093573990068194,-1.4995379027064575,-1.501845976340664,-0.7726068024145785
-2.0390428630743695,-0.10709634692186361,-1.9242017901190807,-1.8280506113309825,-0.9717436182487073
-1.5148924414666565,-0.36446988182011414,-2.1554610577976545,-2.108557742507925,-0.9262987921878384
-0.29624074806793427,-0.01954276161122805,-2.2053420936247523,-2.1504029805152305,-1.059338169431061
0.12050050209569914,0.6113664811553923,-2.0169862885720957,-2.0348453298961076,-0.98151030912706
-0.45021215118447716,0.3658928990841938,-1.6732187998992234,-1.73830970315115,-0.8197179149558655
0.2484515687822768,-0.4512866017243771,-1.3898023043207846,-1.4258461749478888,-1.0987108663664604
0.44441861791258125,-1.6806237213560202,-1.41228092171069,-1.4121367400728297,-1.1886345567427297
-0.10826099911240582,-1.6041569960102324,-1.3112952404622316,-1.3353215981356608,-1.249856459505982
0.5723557375212391,-0.20855932549244663,-0.9000372832491816,-1.0060553006106205,-1.03332055791917
0.6250386140672272,-0.4785802657707651,-0.7365660347501023,-0.8823559366665185,-1.0266020090210126
-0.5075552761489949,-1.491833722412968,-0.757218317478644,-0.839291187737721,-0.9852518213644517
-0.8601780159042429,-1.851648488231641,-0.7246760543239049,-0.7642611472351972,-1.0618617915746351
0.2452612453719369,-1.726021406162425,-0.8047008782937414,-0.731639798626199,-1.103999309457999
0.9575983146995722,-0.33785591258822506,-0.5409305091670515,-0.4389486231378614,-0.9649181795169413
0.9888898674341539,0.3549097931564503,-0.42030267225185974,-0.28120176230257693,-0.9091599575706644
0.7860097060622709,-0.0976272029641098,-0.2609733591075024,-0.15847280053146054,-0.8562809738235889
1.2393909766900464,-1.1218341215234553,0.26110347007794427,0.3374349295857743,-1.0357968837327018
1.8579222361400773,-1.4491251728539576,0.716730309801694,0.7865774215903362,-0.9850899235713887
0.681509961694134,-0.4040255791087543,0.7586755625110477,0.9334495917721451,-0.9561930066317201
-1.0921199907021693,-0.10239777124157386,0.4259776455232267,0.6978064658419557,-0.9623616285659703
-1.4881049027071835,1.2323661546638982,0.3187251455655875,0.6105658598078118,-0.714934700137339
-1.411995252638483,1.9105745337740572,0.18798964412806543,0.4875272711047902,-0.6620570192975178
-0.5020754031029918,0.051153968813969726,0.1561632699353656,0.40792979780162913,-1.001350456506291
0.5712004206421215,0.6071739710846515,0.28049470896060097,0.4665465156949424,-0.8112486566498611
0.7084438685311407,1.1549529384082005,0.419084787077564,0.5427174756255365,-0.7934362351908008
0.9402623842651252,0.9684497631400979,0.4002436045184757,0.5044862959622833,-0.6957122402015069
0.6172706299958456,1.3517679945068626,0.440134938092503,0.512666238664087,-0.5075029775021171
0.5530951426474445,0.2553842624215884,0.7195684477535519,0.7118951023186467,-0.6154335113918388
0.9964062318697828,-0.1465144113041411,0.9628409583654166,0.908348991427775,-0.5675156428095375
1.3161444517089764,-0.7609077053072373,0.9936875456983859,0.9446115322947134,-0.8097494825287629
0.4604905967014301,-1.910004840529426,0.843391249789643,0.7440202387956907,-0.9485000449737684
0.3333648335651909,-0.946299230177795,0.8758363453113608,0.7530805986771143,-0.7959669537521273
1.2349240734847209,0.07411113759526818,0.9537042494679255,0.8832972263110005,-0.716753814210391
1.460061689957135,-1.0704211728992243,0.9282719324808316,0.8235689140137756,-0.9870096049534045
1.4017783000263537,1.435323520340106,0.8817119441771923,0.752083247967494,-0.3851591692448652
1.1772335475931865,1.9065862379985687,1.087619909855839,0.8916582886377254,-0.3881531118431065
0.936444676868507,-0.7181558660819524,1.4512033129852746,1.1201472680633282,-0.19928033589731473
0.9409059297626354,-0.04507684188550201,1.7353388593237469,1.3926328324975135,-0.09052339526461131
1.9604226175699007,-0.1922614719497742,2.28975501277145,1.9149205342687488,-0.22300001245829565
2.7839707892245342,-0.4337542868830976,2.5260505804803244,2.208695976477537,-0.2637179936480023
1.5217909272610974,0.4002799513815824,2.4343740579996362,2.209365394508199,-0.1440167953805589
0.727120423693114,0.25356327319894345,2.4548370449785817,2.2551719338514267,-0.02298798192730033
1.3662289556120255,-0.3974191996033447,2.5137072049153484,2.3470685355573444,-0.025514417168290608
1.917672643488681,-0.31456418997299884,2.7737330306186245,2.579937972426013,-0.07390717264119423
2.0649725122164586,0.22391926259774636,2.859984434755233,2.757772522688933,0.07468146976921022
1.9290313741909955,0.3582489792077423,2.9263092928554912,2.8945401040165666,-0.22733224897417667
1.6633374072217542,-0.29584611470767147,2.91483104658324,2.856952483683999,-0.2872542567940684
-0.27629461349557843,-0.36169816682890216,2.7270882247054367,2.733438905051304,-0.14001509067995568
-1.1626364423986937,-0.2303963741588856,2.5211045364958893,2.539026067497217,-0.3829027101098478
0.46953043200563477,-0.49183537336815736,2.570745127737302,2.51283211262321,-0.4957905974958496
2.407850562921773,-1.1131103126893889,2.745711799541765,2.7570486399843106,-0.7220581767605243
3.356280780103686,-1.271853989458799,2.992904113912484,3.0346262428809294,-0.948773620274722
1.8366584544688502,-0.38164435110485057,2.9189959917083073,2.937650516465571,-0.8775817194021606
0.9457827664509789,-0.32529955666928945,2.9839989846863895,3.093694745689058,-1.020618398072633
1.0144732969149577,-0.42710555879111495,2.8858718826175505,2.9819647609502247,-0.8902678766555009
0.4709730783663737,2.087172374642703,2.613530053139043,2.7083102131168437,-0.34840605015695486
-0.17956214822015618,2.692439548239288,2.211465811749141,2.2197324270352183,-0.23403627104674773
0.09104198075565965,1.2186663869074876,2.3466283066502203,2.3097506227649185,-0.11758077809553082
0.43441752812189516,1.607722851754913,2.1737591216783083,2.14398314558971,0.3012984388816684
-0.8318225969529625,1.188217753161401,1.8292049274264695,1.7541485928846257,-0.1128367754264306
-1.3153618138642291,0.5516973226738399,1.3908716725859465,1.3674419955735149,0.05905457314242113
-0.7859934874318012,-0.03783735101082404,1.146436449654984,1.0720276054632694,0.0005697443693004162
0.22030031971588726,-0.35604463052138824,1.0309852231963312,0.8978073004158068,-0.021373402515870575
0.48069898219990587,-0.6137781284055102,0.8577685527438228,0.7884034460810879,-0.07930317185454158
-0.3363517534449845,1.1393898328425724,1.0118005730368946,0.8946629057196395,0.1390202754841564
-0.558966543694225,1.3419219481286082,1.0218805474581714,0.8805953417524579,-0.06648865372192253
-1.201428715671711,0.10900637293153445,0.6161984814830322,0.4859390560313446,0.1902978567656938
-0.8960430666946331,1.0449736590777594,0.25596288138973516,0.09238514113156854,0.25035986210328603
-0.33781353418638543,-0.3678175375887207,-0.27133888591991934,-0.42099619011618294,0.18214632066988248
-0.048039033667160676,-0.6103267185997994,-0.23604592131717006,-0.3484127436724451,0.13062634607345483
-0.0004341661584271005,0.6780443307147993,-0.5014259068787027,-0.642988187426332,0.2618168497694666
-0.7031594933085471,0.44792211127636344,-0.6064906042589403,-0.7617337011811097,0.27847038780692657
-0.10355528657117126,-0.4649863694807874,-0.619376761469798,-0.7806257011262804,0.15479349413072938
-0.13505010063629366,-0.6529929195722366,-0.6295033245504034,-0.7296019628055275,0.12965483311523643
-1.0609060302245281,-0.8122447793805245,-0.9395027282206886,-1.0319961255999026,0.09985961499048186
-0.6669648762903274,-1.6314358380513196,-0.9004463882414822,-0.9997391523559558,0.022688623296922786
-0.17914255283631375,-1.533716474533802,-0.8412069019965467,-0.815938063118042,0.09629842278508571
-1.1721103668603448,-0.9195984463434316,-0.9355063575574205,-0.8876432460387162,-0.03359942785480481
-0.9143452386524745,0.20706452514163717,-0.8953086063332399,-0.8331173319665138,0.3135466296103639
0.2830119602583931,-0.016703641786387117,-0.9178353156798378,-0.8652010487942049,0.18785105827307128
0.33199211626757263,-0.9779318598234896,-0.894763453637343,-0.8769401755324412,-0.15085844516402083
-0.1629187962237178,-0.4668687641539635,-0.8631600925840767,-0.8063094870224691,-0.2938650738311634
-0.13062712035343518,-0.46898619348262044,-0.7785124649501984,-0.7629694010323086,-0.4470019083565622
-0.0001782800379394644,0.22861995570736462,-0.5506399799867981,-0.568764945339597,-0.5513532200160991
0.09204980760770358,1.6724971323478572,-0.5386562752732701,-0.5511742985422656,-0.2974187972943176
0.8523764898700903,1.160777986491336,-0.22277238876214012,-0.31553547025375883,-0.38096618525394965
2.2036603323237913,-0.21438860843423924,0.05536276378728512,-0.10230387913764645,-0.34969366322852097
1.6874626811288356,-0.08253628413877187,0.17869497871547807,0.008067224413556855,-0.2658009596485753
0.5390924467080698,-0.03269199774218758,0.3546250681063539,0.12375874723649442,-0.2035415421581634
1.1495155356535376,-0.3725817535781988,0.552685283551707,0.19913594479088,-0.4626277035488658
1.9799684682511856,-0.6439938449254448,0.9312374372948146,0.5736311247332518,-0.48135120173717144
0.8933174094307539,0.01704853461729241,1.0345975180500573,0.6739206579310634,-0.5703178465097584
-0.30589030772102743,0.2835058413354811,0.9658201958702151,0.7171484159800164,-0.6145474620291572
-1.0877319271570511,-0.14368764315038413,0.784224825415824,0.4918982533488819,-0.4921564441960174
-0.9517153285396582,-0.20617298263905026,1.016074042710425,0.7426922034617264,-0.5782925053158835
-0.5916656273584422,-0.054988528572945124,0.8612771469253595,0.5456098071692751,-0.6213964185955052
-1.6368610203337346,0.8022739094271015,0.58623091122065,0.24226043999970748,-0.36434291521527074
-1.015379717197443,-0.2847507850255092,0.5414311196852193,0.198027937777808,-0.41003779754376524
0.004053948000608771,-2.0583455870071448,0.6074796301498453,0.2760885298707279,-0.5780815294138444
0.49495741631326845,-1.5317620872634519,0.6674826523106614,0.36352131695365636,-0.5211135226418464
-0.15991707061318897,0.2905124149840069,0.5493599694893923,0.2696688441191753,0.0109297792905607
-0.4227593302192403,1.7541007412449667,0.5894305743431488,0.20419489590972026,0.20498824480567154
-0.1655195539427205,1.6849666736643178,0.3752368418835423,-0.026753541707383404,0.3887869258037886
-1.3507162127098362,0.7387086809808203,-0.2333614688859866,-0.6244554723440149,0.25457947968411154
-1.1270876701136237,-0.025979746770345064,-0.2521093294571631,-0.6633987319982041,0.4032900802842259
0.5307478209194795,-0.04477616692083266,-0.22262829660421407,-0.5784622171775488,0.48465076779579674
0.4062417868331569,0.5564043680714442,-0.5039046535748094,-0.7535336651260923,0.636902165985561
-0.6777747861033551,1.4125382162393165,-0.9114859082076905,-1.172445382500707,0.9214034941276856
-0.7957443249774706,0.9822977509495139,-0.8902677965718216,-1.176117163113133,0.7889272702794551
0.09768523879471398,-0.2586852299897423,-0.7454050565611846,-1.1215354973637162,0.4503850795393172
0.7070906680208465,-0.8412112125965516,-0.3759676475824793,-0.8085793211352001,0.42204577251760933
-0.2157883418039507,-0.24526072804605736,-0.4893060451330567,-1.0008364588810779,0.5861152453419411
-0.6088791507385567,-0.3240333339307525,-0.33281886209324246,-0.8409764739889694,0.3842273241928211
0.1843542668010519,-0.08813053242508329,-0.06464353656295999,-0.5605330245774564,0.5794777118434956
0.468670676609844,1.6820869697773444,0.04288545483403934,-0.510382519833115,0.8038489089955758
-0.42841327560860043,2.111776903441697,-0.10989751335332755,-0.723588885650516,1.0027357249670368
-1.3856775975082367,0.34469743150433807,-0.4039983331104631,-0.9721494349934033,0.7535818957720486
-1.3397535682424284,-0.9464262759375145,-0.445312744930256,-0.9612003335532998,0.7385598442079394
-0.005151233779250783,-0.5076525704532246,-0.36738203887032705,-0.8086962263292206,0.6799795501085363
1.2901369184089162,-0.6461218614007449,-0.16898044291737505,-0.5524290773300807,0.6407031528892868
0.8473627329400836,1.07098627838031,0.09224478074430385,-0.25289234424239876,0.8855684019466283
0.11848122213306458,3.594760882353154,0.0660014121681254,-0.22500806187143238,1.0631891768175261
0.10832742979981488,2.066485090101725,-0.05598796415822156,-0.3202125987620518,1.1945694823762507
0.08038449957157075,0.38295937947316866,-0.0718308766396098,-0.24418465358655447,1.4550743047475876
-0.9902749865332242,0.3738985464709576,-0.16882311544100767,-0.3485783544406524,1.5940580900528192
-1.3227827075731946,-0.08166637358958186,-0.19946061296409584,-0.3424191388405888,1.2604566995364261
-0.31563136286392196,2.051926587117581,-0.28685680084591664,-0.416956457544003,1.4901164051533236
1.1652086491942748,2.0402828432392965,-0.0953811996106125,-0.23984830152073458,1.4226869466564458
0.583631925411935,-0.2085847346443905,-0.08349990437053997,-0.22175605546984686,1.2577210597955661
-1.1199275925247512,-0.43146746320814816,-0.1885048062613847,-0.37001985518573005,1.2050866889904348
-0.6425163953191491,-0.30658148140396213,-0.24140346048722944,-0.48328536130690125,1.1296655175933694
0.019420539419312613,0.3669727880418089,-0.28479306220545764,-0.5095261625846056,1.1043279836358701
-0.46721231575590905,0.42009908989781136,-0.2560529047199586,-0.4885599610639157,0.9127104062872202
-0.25803773734678187,1.046900519766837,-0.001326425876205937,-0.2484089535666962,1.2378820274135103
-0.22023234898493074,0.8481586029790974,-0.004854198540603593,-0.2086400459394214,1.2931526461136642
-0.32192599982255565,-0.3725817535781988,-0.11817586777790144,-0.3224903304046562,1.3224978054871144
0.437191324034782,0.44908669740712487,-0.19869507168347417,-0.43197937923022817,1.3659949640719855
-0.0355558933767412,0.17651001992911766,-0.3065812375780988,-0.5274481200286251,1.4863878419914685
-0.5047868030991235,-0.7432165832663086,-0.3620596473333436,-0.5822187807276162,1.2901764303445677
-0.6308526148450371,0.16020581409845916,-0.5013835975231641,-0.723363816439695,1.331980594523463
0.1886393192059538,0.3135923946663675,-0.2873763195346579,-0.6228955893204717,1.1647612319364893
1.2867772558394928,0.20403660120165767,0.07008971386990685,-0.2408540836461003,1.3361687511663172
0.6316845702287939,0.7174920391076779,0.167038472934243,-0.19660501555329327,1.4129265994211522
-0.6497247492618214,2.370738510336439,0.015240803258089458,-0.39045471447508956,1.869224946173438
-0.4367834396572337,1.5338457424780723,-0.2142857999530917,-0.5970530428181582,1.8676618830218683
0.4045952079899522,-1.190142391665928,-0.04955718622959406,-0.4403484060458138,1.4042174674119847
1.4539760172244494,-1.285934894494368,0.36971271486419127,0.01234576628419086,0.8962922609317407
1.184819027418338,-1.3225875961734193,0.3259079128216486,0.0698871898411717,0.749866310819229
-0.4575998473153142,0.15283716003473297,0.20993235864795112,-0.026026147384900968,0.9457636442201408
-0.016553741471717724,0.8295463991802029,0.40633667744579893,0.2232357474335903,0.8210729637679245
-0.4865210938463953,0.1133047544687081,0.12162023320224376,-0.053056908767972144,0.8689594021473055
-0.5134493537197943,0.3579101905151571,0.37066330997170976,0.11429032111525929,0.4478079751785666
0.06286386406268152,-0.5374448011074278,0.2508525407446302,0.01107508317804407,0.35208472201793867
-0.4696908050441028,0.8944879566901108,0.14137413431974558,-0.08944965861660932,0.7377130456504051
-0.12615395080142933,1.3331769650012548,0.24642969291820135,-0.026470246759660174,0.7725063490731048
0.022401636312035095,-0.35943251744723925,0.3132918636775465,0.008869139021078559,0.8099303881290402
0.17775380504174582,0.5455779519140214,0.4863819692343066,0.1523067725413433,0.7538498794509888
1.124885661407991,-0.28765166320576907,0.5334368967245926,0.24735363799894597,0.5649597738867462
1.503038898677636,-1.2138576001468855,0.506343003941472,0.22566657976339352,0.20208573466203042
0.8461062283972278,-0.4707669515480209,0.5580068768386098,0.31787840240441784,0.1336593640697022
0.5444235230617602,-0.3771765752213843,0.7563356089133195,0.5594832187583616,0.12026078465765812
0.6982095673114896,-0.009294403660528402,0.8347492200981188,0.600903156596509,0.06400347915567203
1.2120624579815755,-0.5028460058771733,0.9568308889953396,0.7441013070850708,-0.04549613717396381
1.405581296523308,-0.38626034704132256,0.7982449576486432,0.6221524273016134,0.04942960624080587
-0.18933998030272486,0.3674174482008268,0.5803504164340886,0.47266888605124296,-0.14776394812491989
-1.3960839066597472,-0.07343133802554697,0.5316623597425725,0.43014046496573766,-0.13587997400900365
-0.11409776499055217,-0.6806677208977826,0.5830133787707299,0.4110061306965049,-0.29865783403603313
-0.11068642333908425,-0.5133061067607386,0.6648614542667305,0.4742532692798134,-0.3357767068392522
0.18965641052590376,-0.6228619002254486,0.7575786352729422,0.5851470686741461,-0.8671154809068614
1.637783976524845,-0.9950212790301913,1.0696065121486078,0.8332728578556381,-0.8602083112135079
0.8475367632807858,0.9370923993071292,1.0756682319311377,0.8584568749680942,-0.44465609198729805
0.5192863690500801,1.0931681151224317,1.1882649345888445,0.9703362195849587,-0.3679927194974505
-1.0432326097845108,-0.31547256715499267,0.7708740748301249,0.621700904125963,-0.2368559246293694
-1.5107894251340603,0.13100858108560867,0.7173808052949067,0.6308410797991963,-0.4079017395350098
