cyclostationary_mean_tg_3,cyclostationary_mean_HS_24w_0,cyclostationary_mean_HS_1w_0,cyclostationary_mean_rr_4w_0,cyclostationary_mean_HS_4w_0,cyclostationary_mean_HS_0,cyclostationary_mean_tg_0
0.723001496938004,0.9157949608186055,2.7020044115728994,1.447307133279932,2.6443527823352446,2.8708792480914704,0.2854358811553868
1.550126592436975,1.0550080730925087,2.7156598911959633,2.8417459382702996,2.598304795717275,2.501196251363331,1.3229507897376862
0.0897082374729638,1.1959784017890354,2.540322628099208,1.7728908625992141,2.617691146209708,2.5239949196331666,-0.1786106603379175
1.3034096608867336,1.3311851618856714,2.5062295215599457,1.7526300894736269,2.666534995802017,2.4337333054817,0.9349897701161578
0.5818935411649636,1.4690274000113999,2.4778144818142005,1.2939155079931022,2.6668623195783625,2.46766225932679,-0.003431045563711438
1.8290814036694236,1.6097463595503556,2.518176585777741,1.2166179693847108,2.592584856791594,2.5129014130142777,1.536911604410843
1.7277321830973316,1.7723423789613904,2.741796094262114,0.2631514572422154,2.678694820573736,2.909572980755292,1.4257231016634713
0.2475720803157292,1.9215799844763282,2.8233402947256105,0.35813509889356904,2.710133881632868,2.6744191849117085,-0.171170152727082
0.1092247834828274,2.0772480673923255,2.7557561214243473,0.6616225324940938,2.7826635528820387,2.7755449011127014,-0.1588833341589733
1.4903645220825703,2.209272827289541,2.5970050283491846,1.2402534123283027,2.7599466651555042,2.360757858453129,1.143099083390104
1.76495856100833,2.364583836318036,2.6081964655591667,1.0968334501758312,2.818740108519418,2.7991119490587573,1.393856560904867
0.5275330354781791,2.4871343129224073,2.543490267544446,1.6773444462695706,2.6750456429585534,2.2348977655981335,0.11419985027260371
0.4485161939267634,2.597354037113763,2.1422540150816274,1.9462014391467648,2.533455996374271,2.0072676611506597,0.09218845871372126
-0.6063926140082394,2.7230550321542792,2.168311300641938,1.1752338335018053,2.428364463949699,2.2861589166165124,-1.0158737760353926
-0.9963963070907781,2.8347535993560475,2.176684419551469,0.8199895345224594,2.3565924441982844,2.023160221654934,-1.4444410377518482
0.6266234264930411,2.908817228910899,1.7152249509876032,0.5880790626411215,2.0576655085209574,1.3736359826022024,0.37615686415768135
0.9802550424012629,2.9264960116973304,0.8383683693938393,-0.19688631642370247,1.6518906410517542,0.2899310190807246,0.6544739674681103
0.02542897916240401,2.9272190040698436,0.14231818698657803,-0.5609306087558765,1.2324394689765577,-0.0025493708867161124,-0.39564157857812
0.5707146577353283,2.883375134200745,-0.009985932161761977,-0.6936413499197304,0.7528331468355068,-0.011270094509428586,0.4052045270934627
0.5190466302877339,2.7885563082078613,-0.016663621504963012,-0.9696221177561882,0.3266238529996873,-0.015823044687120563,0.4155130439688162
-0.3599653289235626,2.644055548876337,-0.014972688479253394,-0.3280968313345459,0.038106926003320614,-0.007929054754243044,-0.5647803342448096
-0.5741543295221002,2.4925621380944416,-0.01302514953161542,0.2064209049734155,-0.024876750959165313,-0.01196635055832397,-0.8174936608919379
0.14735315785087766,2.357673889963037,-0.015967338243700422,0.43742210307048346,-0.02715093006264117,-0.013753788755126112,-0.10538696789886565
0.33193563413128785,2.2363402892723134,-0.016797775663108576,0.5492422794399745,-0.027629710544596068,-0.013609655769773821,0.032574938139270294
0.22389586769063927,2.1001019067620503,-0.01703585202575861,0.8562029111776033,-0.027299088144718143,-0.014226510971397741,-0.08345853108540262
-0.941011081607927,1.940548840891139,-0.016588335909424625,0.8740462407922588,-0.02829390789430118,-0.012724162951255783,-1.3798372280844067
0.6073249147351938,1.801278603257282,-0.01655442287450561,0.6776529149096056,-0.02875023765829218,-0.014158125019099434,0.22052219461650777
0.9611770058383037,1.660289334656081,-0.017182572686340634,0.5373592666972984,-0.028793939961820263,-0.013967376905189496,0.5329151988515034
0.20328663002287148,1.5246164924695969,-0.016773854349647656,0.6653919568145044,-0.02873990745871718,-0.013349348063147656,-0.23784600148324375
0.9111947957079825,1.3865608860443337,-0.016378633600400424,0.4458096181527313,-0.02852457197423378,-0.013184620252818665,0.5502001852306019
0.320666067900773,1.245729424772841,-0.01759639520067748,0.43341805343789586,-0.029158399812138386,-0.015756497160980983,-0.07416812962675579
-0.42729368941540186,1.0832295259481257,-0.017071691459226178,0.4174115298583935,-0.02874110734380404,-0.012144785811407812,-0.8445478899666782
-1.0212112935408737,0.933862152224416,-0.016847856678161934,0.30857972114453874,-0.02902336185772176,-0.01531471649279133,-1.3003511116108577
-0.8566422603396286,0.778146774564064,-0.017804499894487187,0.6615886449314717,-0.029168214912612962,-0.01403799089495956,-1.3459773494234393
-0.03981283715581614,0.6457299080800318,-0.02175301960369963,0.45264047535785873,-0.0312386252540413,-0.02312832439949317,-0.3184720866771051
1.4309640560496584,0.4900570372561055,-0.024917622680203227,-0.013135578677235426,-0.03218302160073989,-0.020300566903422943,1.1605549875131178
1.1234760304402338,0.36728894039372983,-0.022135040070146054,-0.18747844579992853,-0.03332090506072284,-0.017624220146212382,1.0841296576271124
1.2454260094370413,0.2557149795102968,-0.030218491810181578,0.4094265472865438,-0.03771576336474426,-0.03625923432846377,0.938139717446877
0.24808747372157702,0.12302828828286565,-0.09316113494219479,-0.5618024174363273,-0.06450852450407847,-0.14200433946503208,-0.1557833930067701
-0.46521973550021195,-0.0019164100621537259,-0.2023728553770992,-0.4741804524564575,-0.11242827464470904,-0.25212826807576155,-0.6049129232546582
-0.2768966562176129,-0.10391341704191155,-0.37751001981339183,-0.914339362266966,-0.21041401566012202,-0.48807174695532746,-0.5152820789592419
-0.842204102244104,-0.1294323715628272,-0.3407641864535464,-0.8953128619156737,-0.24423800181369337,-0.17956497039587707,-1.2021266925999725
-0.46935837582356305,-0.167996565073221,-0.4463485858693765,-2.0576986548230467,-0.3827837781688488,-0.6964348983273573,-0.8386790248468609
-1.368660378149199,-0.2255458954699774,-0.8828885408287425,-1.6301335615704295,-0.571780953053097,-1.0414952551157677,-1.67234015625142
-1.7550455328629055,-0.2906061959297224,-1.1280958845301627,-1.7131226582962689,-0.7669430150840238,-1.180619720353841,-2.218186933932999
-0.8946940716969614,-0.3452807060756968,-1.100995170844144,-1.4496623744874626,-0.8721377316477936,-0.9880433045780653,-0.6295549732057281
-1.2251903917417797,-0.41613629988217704,-1.147947096025011,-1.5561354384307577,-1.1023007832786813,-1.2729741800384502,-1.483715559282518
-0.5952090217105649,-0.48381231928263035,-1.2759556760911575,-1.0369302436135635,-1.2160164103344344,-1.241685392621094,-0.8640920412156703
-0.5472222100937555,-0.5357889776548195,-1.1176532794714236,-0.8995090294509293,-1.1983121582628449,-0.9616162105996733,-0.8689049810933813
0.9511197780295035,-0.5846285273975335,-0.9567053117445744,-0.7500666888431848,-1.1426854916089344,-0.9248518025830557,0.722907407874145
0.7463300293474627,-0.6243601133146602,-0.8576030317935354,-0.06580868657125767,-1.0940875966331025,-0.7672336897914279,0.43792080997328614
1.3796833426532056,-0.6540905524395711,-0.6927692079875051,0.45141792881804105,-0.9496222956379314,-0.60018915640037,1.098398426346355
0.7044026319466261,-0.6613462952069122,-0.4072991651697988,0.506027300589951,-0.7295281130403107,-0.2042520039152546,0.4862590948209517
0.4734740737753569,-0.6964128269762542,-0.44419218815465633,0.7888104752709447,-0.6679896581720601,-0.6717807780229998,0.4866928412474398
1.0810425630702687,-0.7354448312178636,-0.7140781505752397,0.911553736161288,-0.6288744540795471,-0.73538439827269,1.262395521482121
1.0300241400481687,-0.7600649423665844,-0.5988770853716646,0.2788559447976334,-0.5635295629519819,-0.44205624559580364,1.2080326500540728
0.14633946835250022,-0.8244003164016476,-0.8103771589140498,-0.06255607056042091,-0.6826583798256715,-1.1513370443770377,0.23425763542180958
0.4977295328908821,-0.9010852309769539,-1.285608857682813,-0.18723149386398633,-0.9332072615494115,-1.3810143473844416,0.5944501698387431
-1.250408120971417,-0.9612699944932662,-1.26141489974281,-0.011624980560353293,-1.0250379410278057,-1.1048188290208005,-1.3144272124684193
-0.7099966965652219,-1.0024542175110946,-0.9513743913905165,-0.13873449131917154,-1.0329418207461578,-0.7695076163207311,-0.7031521068039902
0.20333497132657588,-1.0373145844436948,-0.7254414522092564,-0.4872090096668703,-1.077042398147619,-0.6586481186138297,0.22429531619388174
-0.8050428524804463,-1.0547467757918545,-0.506941664498629,1.202443424673186,-0.905262823559858,-0.33786764071692776,-0.9317384674418011
-0.2914176642789376,-1.057955123728955,-0.2215467460773469,1.7627565084046792,-0.634705473467846,-0.09430992876147277,-0.4216978124284185
0.7031906990892479,-1.0534927954016202,-0.082308309490052,1.3821827284646273,-0.41642291110725516,-0.06257320131093949,0.6321592017989281
-0.06373517678155888,-1.0408036385177548,-0.04564899272105828,1.947891342276116,-0.2599118787160617,-0.021894566061568334,-0.1861470043137138
0.06376907388595844,-1.0147442678190786,-0.02244764233832849,2.9321256992676523,-0.12581013720191733,-0.016664097749777083,-0.1405822088138971
0.07181298557759551,-1.005775293571369,-0.018896540035740043,1.1443104102812032,-0.05836493217227758,-0.014857085917528616,-0.0626641173511627
1.950537788797128,-0.9677526191876824,-0.017428738501653555,0.7275384566734596,-0.041485364605791476,-0.013753788755126112,1.824375509237127
-0.4559488631514137,-0.910320815628707,-0.016797775663108576,0.880568711016492,-0.031299197852460256,-0.013609655769773821,-0.6993519619483292
-0.09591627252770202,-0.8451924551366528,-0.01717367512814624,0.44092989423246565,-0.029768662525676583,-0.014498489587351036,-0.3325506023355309
-0.9318241702737627,-0.7908506231439603,-0.01748484759314988,0.7775608769295309,-0.029265549460667718,-0.014226510971397741,-0.9949050597505756
-0.28658272502207804,-0.7200909925452537,-0.017110504608270422,0.7173277454329532,-0.029035575978624883,-0.0137573955809293,-0.48766436005865504
-0.35122404382688605,-0.6524359251534196,-0.017076591573351403,0.9679725581545447,-0.029119421582282024,-0.014158125019099434,-0.41778780481015404
-1.33441752243976,-0.6004357553161824,-0.01677545311468215,1.82422733794484,-0.029026446435297993,-0.013161048285376243,-1.4480489899477043
-0.06341015804056531,-0.5515338897600711,-0.016204744431145,1.5486404258186783,-0.028721507012200363,-0.013028301540376094,-0.18368074009507349
-0.44370948500162477,-0.5119681684658884,-0.017517533000970965,0.7639025052033672,-0.029043716367407355,-0.015756497160980983,-0.620996802684708
0.03955601482398122,-0.482210745653662,-0.01783274547129945,1.290471693838453,-0.029021923469895565,-0.01365277174285543,-0.17224308416554854
-0.053267351933894334,-0.4749390383789117,-0.01677305233372036,1.0617015316231047,-0.02891856269621843,-0.013662313828539137,-0.19225299862867606
0.3208214469637627,-0.44002341976014153,-0.018039783012777002,-0.3194918431892882,-0.029542467079654546,-0.016158883895383943,0.13740833910126313
-1.2475808687620211,-0.40094041777830147,-0.01729852579062747,0.22586397441206235,-0.029369409561489444,-0.012194130137145907,-1.6061660267586946
-0.6134430969960474,-0.3762749388002173,-0.01673161655014011,-0.11757684686215109,-0.029215041108771687,-0.015040066867171516,-0.5503424433595298
0.38695423909235294,-0.312182192968948,-0.01902357134959647,-0.1770768745223883,-0.029855572867325975,-0.016731161610477902,0.26164259438867016
0.7978849275095192,-0.2365468898960752,-0.02866567026741648,0.18066177070842787,-0.03414390709881686,-0.03407690807815199,0.6979101229027953
0.2984881989847669,-0.17743886122476105,-0.03741198766146148,0.053822534654192775,-0.03787125474640197,-0.034029454013097975,0.22874906351270885
-0.34214346151605535,-0.14248921592837632,-0.08874349069406975,-0.6855226850652422,-0.06370728575778824,-0.13551202592290862,-0.4836047927073038
-0.22810930574797003,-0.12041501593211668,-0.19786072334154897,0.8033607623673049,-0.11291661069459669,-0.24953875816599674,-0.18810092081986415
1.600723502577769,-0.11364998294768346,-0.2308094155068726,2.385942404077752,-0.15178991284915574,-0.2001613307128731,1.4872756077744886
2.349484400408762,-0.11900480321338384,-0.1924329906470075,4.382639300447905,-0.18168161407505792,-0.17294509774111103,2.5293839448154554
1.412361344037989,-0.12572785512116813,-0.17251615988411922,4.827605446468357,-0.2091382178335516,-0.1602230428081875,1.10067163802045
0.08891092432727737,-0.14162128770056545,-0.23028516941328303,5.204753916695914,-0.2418601805457308,-0.2868890679570793,0.03152312147244287
1.7034694097534138,-0.1594985672855284,-0.3122756104642633,3.9341674330733083,-0.2579273687974049,-0.3223915416272859,1.4691039052066246
2.1585600683749595,-0.18729868278240375,-0.4207142544259693,2.431024743727488,-0.3215194915618806,-0.5013207871231707,1.9148688710801327
0.17857997469792888,-0.23595696560541274,-0.6930027792627591,0.0022698044385812363,-0.4664155591416788,-0.8595074373077971,-0.009258645284400716
-0.24031102153706305,-0.29415605231627817,-0.9654683515431132,-0.08412982605525758,-0.6510589029100446,-1.0391570263282612,-0.08757195217884285
0.0547300351033277,-0.33937131227752354,-0.937527672170239,0.03378132922484089,-0.7601089347351301,-0.8046001629745839,0.29099706390348906
-0.45549132687676064,-0.390806222260665,-0.8724647129903395,-0.02447605888043114,-0.8842862186852319,-0.9102330511995579,-0.4376899393340719
-0.742413953106783,-0.4337682674258326,-0.8507788210444562,-0.5586123787305304,-0.9395123425309181,-0.7617574066494807,-0.944610266416752
-1.1389450108251558,-0.4373117872303992,-0.418993158584342,-0.5628375966475052,-0.7708590947702262,-0.05773162457151609,-1.3625115980114162
-0.9287656396289741,-0.4403180687795782,-0.056880337704891266,-0.5943912284894194,-0.5626071794868229,-0.046618470858716766,-0.82488079952928
0.49770315160850864,-0.435913561318603,0.02351542767403903,-0.8541604121288681,-0.37298004627443365,0.10186029179340565,0.536228590347542
1.015243963516144,-0.44969645343604486,-0.05730854541506907,-0.9441355840768655,-0.22631320461761367,-0.20437074176237927,0.9582851693451842
-0.9886140740393479,-0.4246843896967389,0.14073824394410467,-0.9337060209056863,0.03561630461645454,0.49410533471410967,-0.9669273671306465
0.2650601403064907,-0.38109777219516966,0.665231028690959,-1.024900915412843,0.22044798659235304,0.8316557675825738,0.33202590687771
-1.6316167251282037,-0.37129897901317493,0.5132814608415514,-0.9755076872054016,0.270433763122746,0.1924780813201075,-1.6698258604754068
-1.012710169864198,-0.3373610551067669,0.4066933518877778,-0.8345173665454645,0.3800222257474237,0.6190448040414871,-1.0668142595120822
0.4553229257613214,-0.34588385842468006,0.2355117950672722,-0.9495064432949734,0.3944084467075516,-0.14615157679008536,0.4669625696215531
0.6363755037597087,-0.3595351752187223,-0.20544979314409048,-0.901368334138397,0.24033706217481446,-0.2525361835355358,0.6229057781064814
2.159892084488837,-0.3699544712812829,-0.2429425159044339,-1.0749960304308361,0.022377241171954665,-0.22115242593586087,2.317428901878588
0.06382261934836575,-0.3683564306206228,-0.11640305757140405,-1.1413860676975565,-0.017337235346979753,-0.002868181050466653,0.12737537313903127
-0.06136413064845992,-0.36082316664529707,-0.0035927583587566964,-1.1158368340375227,-0.1460754949343679,0.001738881855010575,0.0785733955349701
1.3382862942598044,-0.34734803378780305,-0.005722859182988692,-0.8217327712854714,-0.1160489433621293,-0.007138812824510224,1.2829154887545393
2.215890436568305,-0.3365310860912474,-0.01406754186660587,-1.0729397747019,-0.06581493390703497,-0.014806525916442518,2.2429266097229466
1.8315033381582446,-0.32678527293975673,-0.01802169762849744,-0.815446204597113,-0.022538828134255163,-0.014978607973087652,1.8397053783720392
1.2631437297812793,-0.31745007541581594,-0.017490081121462008,-0.7370002941619092,-0.024734286269498782,-0.013753788755126112,1.5195281146208022
-0.3966284155697508,-0.3011159220802187,-0.016725639336695377,-0.2558662917368362,-0.027867369916363623,-0.013466811485432365,-0.3594534659514545
0.9665761639673929,-0.283112434158649,-0.016963715699345593,-0.7506296101530129,-0.02932534606447473,-0.014226510971397741,0.9627372454358744
1.11564148322765,-0.25525202097181504,-0.017110504608270422,-0.38438221002168194,-0.029107192595137443,-0.0137573955809293,1.0292148930103358
0.6593857972188301,-0.2066146901574252,-0.017076591573351403,0.08648338381987998,-0.028935664838133014,-0.014158125019099434,0.6630696030131238
1.473469486615609,-0.1484343924519266,-0.017182572686340634,-0.19369276674598257,-0.028979367141661296,-0.013967376905189496,1.5249190780764437
2.6190860280325845,-0.10315809709651266,-0.016773854349647656,-0.9940578904546962,-0.028954978794795503,-0.013349348063147656,2.881108669061918
1.2489209541618187,-0.05166896377936407,-0.016378633600400424,-0.531299182356428,-0.028739643310312292,-0.013184620252818665,1.4283819765828776
1.3454470993854555,-0.008817345034895634,-0.01759639520067748,-0.28891454544139533,-0.029158399812138386,-0.015756497160980983,1.3134748107593393
-0.2993457979555733,-0.005241371988121334,-0.01777927640935777,-0.9199868564530235,-0.029031132942972823,-0.013546769013716169,-0.30102384830173573
0.20894189886307443,-0.0023958074582583317,-0.017981467611621314,-0.6708846575915407,-0.029487892624620038,-0.016158883895383943,0.35948475664218105
0.9407544668183601,-0.006974340466453478,-0.019374757408130727,-0.4581405997058558,-0.030102099629664366,-0.01630459310912408,1.253764222756991
-0.20649651507308778,0.0063333811306207155,-0.0237045365177857,-0.6922665311973474,-0.03250289593825657,-0.024728387492898938,-0.07920250273661263
0.10150272633872957,-0.018771591203805248,-0.02319363559058497,-0.3924200265721866,-0.03240736644769788,-0.015288200637525815,0.08789108258763358
0.040594936463250526,-0.06246020503666822,-0.018560470256116568,-0.26383777487761806,-0.03282684697432365,-0.015558025635042435,-0.032242369605620234
-1.6100315881982348,-0.07051314731944405,-0.004520760499581798,0.07531148660031174,-0.026710968751551885,0.012293825161765155,-1.693523448779308
-1.6850412483599186,-0.09957271816671533,0.037219416953660496,0.7018998275108173,-0.008907761399425689,0.06644841976231373,-1.551471837223332
-0.2653939828405086,-0.0753961520041222,0.16765116977484976,1.0077663284339122,0.052779141139827145,0.27028043550444775,0.015357298112069208
-0.02928179253052956,-0.034450015074573646,0.37366205395545066,0.3957642785770608,0.1553868188024116,0.4738624552417526,-0.02389871286043369
1.6662909109584214,0.015254222184306785,0.5841243496122914,0.7224395861393422,0.3019465597128382,0.6865783208459072,1.5622115097794733
1.7134582636153939,0.049561972500088834,0.6665772822141144,0.602210409091578,0.4317929668518076,0.6380082243120359,1.7060090298993604
0.6365055964577829,0.07713061043445683,0.5879065194185216,-0.03405295141211637,0.5272861240052501,0.532221459544024,0.5057461892148634
0.575789588463755,0.10094278212362039,0.49739651118219025,-0.2947671795442701,0.5653000015144617,0.4598906895957459,0.631160076368504
-0.35320479179228836,0.1368975303990418,0.567863910198098,0.10222633222148636,0.6048514628208383,0.6716076477768708,-0.2623819476037083
0.18939684667655401,0.22656309623880877,1.1431499431003898,0.23630823514968616,0.7962470369081606,1.594103358706169,0.3684367160340288
0.3149007650554627,0.3389384926477807,1.8091768697676673,0.17999965356399167,1.081139208844656,1.9840814356539824,0.4296334346933408
0.9841659672262808,0.4816131641762767,2.2833486892126547,0.4982708296506738,1.5030602064124783,2.5299441674448713,1.0670329902025932
-0.7227341414441667,0.6011158661642514,2.358271879779784,0.4802201024544702,1.8561238779036042,2.1332530189779417,-0.7921933246792507
0.3796721224856851,0.7121312603459389,2.091244888993669,0.038146294077175645,2.136600905956364,2.0047184297898633,0.5462653618789339
0.65513885703115,0.8158189618637719,1.959451534824895,-0.5176955226018464,2.1939044808566304,1.8742056584799587,0.8646986277462917
-0.6961396904193355,0.9400607536610508,2.0726439603097115,0.0189882813858782,2.24332111688062,2.2276198481268,-0.5905812983507192
-2.1505582425919494,1.0691085154645723,2.287098368917159,-0.19760160877287744,2.193664496797941,2.2961764714963513,-2.1604253146274845
-1.817213006185549,1.1810527807062285,2.164910341717543,-0.039135586836578515,2.16314724611988,1.9851880395034518,-1.8451572803270684
-0.9385729475884926,1.33799023025243,2.3959181508283156,0.3231572421558096,2.3232293155616364,2.7504236529167767,-1.022398272488221
0.36711194904062233,1.4467266269282442,2.3555692656703817,0.6255780862529432,2.332443779696702,1.9044274423381284,0.4404176750749811
-0.48002672573012634,1.5587941049608662,1.95134985804547,-0.11271759816500791,2.2773273224729076,1.9522713082421,-0.48025955171662726
-0.24910036148909634,1.6703076119696827,1.978928561866656,-0.023752911325639628,2.2076187721328373,1.9591695778172409,-0.28345450856730436
-1.2717393904254968,1.8003125551185077,2.1644720393038854,-0.017151100917190937,2.2771571985875365,2.321380664411958,-1.3640285902430238
-0.33101464978862605,1.9245751536666635,2.3132137246500197,-0.4268960083790461,2.1691930209741423,2.25618321250499,-0.2965295019968053
-0.8955229663538046,1.996608710529292,1.7991539838119686,-0.18244103621877972,2.0409287716102384,1.3067347082353618,-0.873197194922574
-1.6931257371173387,2.054996727800773,1.2094972891346814,0.4960605431626155,1.8568453492255348,1.0907564867119897,-1.9064603740683541
0.08094705630273259,2.0717354243548964,0.7454421989680214,0.03001048991326262,1.5255053169272033,0.38940739679884634,0.03566244893456824
-0.8593060203493565,2.0584221655072943,0.20891763202924846,-0.0692536852015412,1.0450211612489249,0.029850522653723538,-0.9197829401606515
-0.3209708422640436,2.0315774988661928,0.00800492224463991,-0.013574515358678726,0.5717619588949079,-0.008065484443419224,-0.29882639230025604
0.04815373808266146,1.99337711491981,-0.014462452689347514,-0.4959319675236561,0.2957386372743892,-0.014662703620020345,0.05837746841332026
-1.3955459694832384,1.9585692690067134,-0.017286886990508666,-0.8853109390677796,0.06518584541690928,-0.013666804891259826,-1.428364151130398
-0.10224585614828346,1.9302164004561977,-0.016714379281736885,-0.6798620255104225,-0.018749975602085855,-0.013531324386249367,-0.325446672085572
0.11944683765495773,1.906026954741938,-0.01713416178545252,-0.7342561658035842,-0.027923314698381246,-0.014498489587351036,-0.0020481306988324216
-1.015851028028803,1.8701991492109953,-0.016563715019023643,-0.46999627256851495,-0.028813918136867855,-0.012401436631622825,-1.266812250256177
0.8130614357421909,1.7806002331605695,-0.016189372034144365,-0.509138492361925,-0.028623879083249173,-0.0137573955809293,0.8790454205278683
-0.42547189154784915,1.668203884742978,-0.017076591573351403,-0.5880212229177496,-0.028725684557979615,-0.014158125019099434,-0.50470761986732
0.5250809392985887,1.5255353941566356,-0.016870480084231244,-0.19205738024014418,-0.02868781588625025,-0.013349348063147656,0.4334107012028407
0.26968788072824673,1.4060869155026652,-0.016378633600400424,-0.19047248981345996,-0.028415152119313388,-0.013184620252818665,0.3050370140290093
-0.039407716746853255,1.2949610949002799,-0.01759639520067748,-0.2700136263355289,-0.029114934667449067,-0.015756497160980983,0.02871675407359775
0.2569409677110066,1.1913008728820318,-0.01782788003182232,-0.2532157719326988,-0.029091153877156075,-0.013643123625107282,0.28807766511158384
0.883349667671807,1.0670750455921612,-0.01676818689424323,-0.6193165398993787,-0.02898779310347857,-0.013662313828539137,1.140195885752056
0.29063727032828923,0.9378799325007294,-0.018005595467841917,-0.5616182186248094,-0.029558710706052514,-0.01609117974189011,0.32578856698505804
0.5683562104000702,0.8257724411592043,-0.019314242085914306,-0.5784344076249278,-0.030196206421423958,-0.016252401375064972,0.5249201227149317
0.6626733732703264,0.6685872010282826,-0.021511232663669895,-0.883336031369485,-0.031168934832657477,-0.02043806617015578,0.7316815710070855
2.209563613669737,0.5596342248088293,-0.022204381501268168,-0.5362943957409264,-0.03199691505941689,-0.017624220146212382,2.215620607963636
-0.427355622896638,0.45138197950378534,0.015237503701753889,-0.08732310725642742,-0.01794565925019707,0.053591420850354336,-0.5210163310477116
1.4471053879767661,0.3394599384642592,0.0119481526334092,0.055242876446557385,-0.01961557434329592,-0.024138560427427586,1.3518576007218925
2.185242663392465,0.2034366798130082,-0.0824909189054293,0.9525858958635385,-0.044093233996415786,-0.13304767305627094,2.239445821675511
0.13349472792097658,0.0672927887867696,-0.1873265272982531,1.180348965112655,-0.08821609925616104,-0.23133372946469258,0.07429409617692517
-0.35954281202579946,-0.029184066757452467,-0.35084156249044945,0.6474129340303116,-0.1801429666941095,-0.45608838875462704,-0.2294548405228197
-0.26084361544171736,-0.12922935054793594,-0.6043442768476808,-0.15249098211210685,-0.34495921524611967,-0.7318790351986572,-0.2644663029290186
1.6238571966075173,-0.18191904974913742,-0.662503800194594,0.009579393212049927,-0.4596838754095714,-0.57090015800423,1.6417878147213252
1.093442371640128,-0.22688600764276473,-0.6811976982420821,-0.9102750073207078,-0.5935789140152118,-0.7682732014740982,1.2792538727259022
0.6277313975078334,-0.26197256036402333,-0.7090202304028399,-0.8166193198233497,-0.6769886095891036,-0.6251942810823297,0.6218258711447833
0.7287767227107627,-0.2730967688111376,-0.4276081197005115,-0.6162251774960038,-0.6261230500497234,-0.21291481816663435,0.7660677936019541
0.2715547486286855,-0.3081524006722461,-0.4296041027389916,-0.10699922450043377,-0.6051321600038628,-0.6291229796004456,0.515053375895793
0.15573220084282868,-0.35658985645888663,-0.7553212685550882,-0.8556405178718662,-0.6660918416355265,-0.8550198135227997,0.03966740862047929
0.02870544517535671,-0.3885581690152021,-0.7203679298210707,-0.49545690186481645,-0.6230603035085123,-0.559339435534535,-0.071892678826849
-1.1699662204873633,-0.43965879445752815,-0.7408745954728013,-0.7765723367039711,-0.6807023166567255,-0.8952399905145053,-1.2031807769900524
-0.45734027434803776,-0.5078437060017086,-1.061466450714619,-0.722226885009549,-0.8882154821147694,-1.1917673079074445,-0.4278549244791068
0.0456621301389638,-0.593398740264177,-1.3724982871027616,-0.7600458854130892,-1.0742082974707985,-1.5093036602397356,0.25621543397362484
-1.1181480927409402,-0.6687903654034886,-1.4450532336777147,-0.5813293429688418,-1.175301592608019,-1.3357728920038305,-1.0155622551417387
-2.501769256141271,-0.7563405909219878,-1.470934318140822,-0.7703651881143795,-1.3853266227163936,-1.5612061449022738,-2.490925023375972
-1.3036147646326077,-0.8534787257052264,-1.6726374570886868,-0.8484887203174954,-1.5610641234249198,-1.7345100927010741,-1.0206611399216061
0.5368602211891711,-0.9234029026721967,-1.5132628240263455,-0.9112432354983347,-1.5715239254899482,-1.2464067759798125,0.6715977849818016
0.8325980629195445,-1.0048994600584178,-1.376572130633242,-0.7153141798796053,-1.560935222835587,-1.4651428039166539,0.7909909681102495
0.2098293607245307,-1.0862967027801198,-1.4891498634883802,-0.6408118511956402,-1.5878756442861857,-1.4695651045539093,0.4146648045432695
-0.801812639183192,-1.1553859274755873,-1.3907675648350748,-0.3444094436322237,-1.5253114771922713,-1.2721578575481005,-0.7702736074244426
-0.6258889440218384,-1.188814520489746,-0.9655752440869473,0.25323319641689546,-1.2919551299449217,-0.6305538886460361,-0.46348293815245006
-0.030557961207933235,-1.2394920835757834,-0.798977632602214,0.38114774338867974,-1.22638484535106,-0.9430784314007999,0.03963625842249921
1.222319319730199,-1.2839828646753408,-0.8666559105189542,0.09652737483632497,-1.0779339108478276,-0.7646188628226139,1.344689983050583
-0.8209832865101109,-1.290961061859149,-0.46683852353487243,-0.04317996590975993,-0.8010497523810957,-0.15275502151374806,-0.748749800182054
-0.5475636031870313,-1.287061995864229,-0.11274344915397345,0.1160428167132138,-0.5482611168617286,-0.06441268987748856,-0.41405644367911654
1.4548766505009711,-1.275600455966373,-0.047373987261143065,-0.5463098237095119,-0.42132435659185447,-0.023478260508210363,1.702544463821436
0.31657071272988246,-1.2512224863034813,-0.023384179029567433,-0.7467078706391748,-0.22771102416236108,-0.016939165982131677,0.48324380944292367
-0.8864642420701595,-1.2112368975638572,-0.019004714045745493,-0.8225625049595259,-0.07122003221776747,-0.014799876801455291,-0.7585638593787672
1.3825612076995635,-1.1803113884839824,-0.01801182815471885,-1.0030811268204494,-0.042482541570111984,-0.014965939667626531,1.5858769460130038
0.7515804042611396,-1.1376203012659771,-0.017483682615414945,-1.191405371867518,-0.03195020940692544,-0.013753788755126112,0.8704291104451517
-1.46781057371017,-1.1028171513859781,-0.016782238380501645,-0.5736276142367327,-0.029903481227497305,-0.013577807909470009,-1.4600031783366099
0.3106572841327331,-1.0916655942109181,-0.017010561208938024,-0.40703469319643265,-0.02934117817989456,-0.014207178420181168,0.43474768859426377
-0.17770145862425007,-1.0566140401712398,-0.017100751074056588,-0.25571294606782163,-0.02912464155798189,-0.0137573955809293,-0.03631277990337914
0.4902932582813531,-1.0082098842933134,-0.017076591573351403,0.0876067904986249,-0.0289557449517992,-0.014158125019099434,0.6923854990703888
-1.6551941807156931,-0.9762130329444998,-0.017182572686340634,-0.413460368813881,-0.028999447255327104,-0.013967376905189496,-1.421268029212284
-0.9766679345078731,-0.9251481671351555,-0.0166411347441389,-0.8386433730444389,-0.028896396452579236,-0.013086618526391551,-0.8362408271441506
-1.6404607144472607,-0.8569134138043439,-0.016057797990463165,0.015374666854162266,-0.02860769752357063,-0.012812172217496627,-1.617562910765635
0.49033425147483184,-0.7713313958545591,-0.016343739719455873,0.0012613522775017818,-0.028585904626059012,-0.01365277174285543,0.6056750073772751
-0.5181932370979109,-0.6959563028095103,-0.01677305233372036,0.6336048446613886,-0.02848254385238189,-0.013662313828539137,-0.49706565493655314
-0.25423361672964134,-0.6085301848488232,-0.01770084175823571,0.9055963888774229,-0.02879995363314967,-0.015487869086551836,-0.2076377198026238
0.06699117813710055,-0.5114126919394766,-0.018990817662229025,0.8531864862761838,-0.029450245348018825,-0.016215514281116217,0.151671540738146
-1.0232425830747593,-0.4393815225427997,0.0018329221728642683,1.0794597035150044,-0.021427349038841765,0.025713883767835424,-1.0253460587454035
-0.9455689123872468,-0.3569090691216899,0.012461587820668104,1.235867807477741,-0.017586732558101965,0.004822281258469507,-0.8879582563561356
-0.9255973465791493,-0.2754887876987458,-0.008462456664989801,0.4689461890978163,-0.018007752819702898,-0.015687712078918257,-0.9675665430034597
0.8324750885358586,-0.20745262964476097,-0.02899400819729309,0.024347635615975593,-0.022241349237774932,-0.03580484516160163,0.8081041822882864
0.6627150774951089,-0.18070166384056635,-0.09254205679632109,0.13915395104152703,-0.04842975396082031,-0.14126572803617068,0.6200781913153182
0.21463838853435516,-0.1445858417366597,-0.21627039212877625,-1.2208254302209882,-0.11249775944061205,-0.2802380449568044,0.07230920016924285
-0.8836238822533328,-0.13032452239037234,-0.39413885389372244,-1.5802335122632345,-0.2167407845356091,-0.49266172952504567,-0.8691961176922663
-2.675474854128136,-0.119772152160264,-0.2365221618198379,-1.631538549124422,-0.2065308367313051,0.030671920902191268,-2.549884384584114
-1.891042588331919,-0.09165698918283596,0.21879551048926665,-1.2284102811287285,-0.1121843023347868,0.4049065649807382,-1.7473647981221714
-0.7979175496335936,-0.08642426407749122,0.22485507540351815,-1.2150964358358056,-0.07237700832720215,0.041614080335728096,-0.5041298012476204
-0.4072066332290218,-0.09086835985339936,-0.031891806769643316,-0.8928893393830518,-0.0345343152270714,-0.10055269195467849,-0.4488989005021762
-1.4995099798620253,-0.08777671081416916,-0.04666427901563319,-0.4860877889884582,0.07281280644156317,0.012436885019972517,-1.5369408929023258
-0.9427120389067224,-0.11340271352236109,-0.24450439009013047,-0.5765172712188832,-0.036449756058701835,-0.4920662391832325,-0.48533971012637767
-1.242774538887563,-0.1530655083916502,-0.6256217308980906,-0.5700969744306201,-0.27775696774113773,-0.7396528062229694,-0.9997136718029186
-1.3662122376483865,-0.20124941944635114,-0.8199216860699476,-0.5848247294278179,-0.47173989358089596,-0.8747225450054242,-1.3720731763270317
-0.4605748433618512,-0.20421277237261284,-0.5075795288262802,-0.2759247585218377,-0.4740136940854427,-0.12499861597535432,0.12075929726399132
-1.237001170127608,-0.19453014514730219,-0.015335576519582237,-0.40106423008085895,-0.45486677827480054,0.09384478629690969,-1.029849634859147
-0.5710700947912518,-0.14937964272714546,0.40460940924641337,0.2534612156709398,-0.20014072421024215,0.7026161395515942,-0.478611467945051
0.08671146614001794,-0.026930486311533053,1.3820397999000675,0.5712315814243002,0.3866408888995874,2.0194570491835466,0.11690785654652049
-0.9475171771900741,0.1229687867758624,2.2931492416351795,0.5907194455363216,1.1039337250782448,2.497882669923505,-0.9460954593682942
-0.8616729589882172,0.23441616389145592,2.2028609830218016,0.21681050039801755,1.5212318906154993,1.8422138141072577,-0.8600980963220325
-1.291552856569828,0.4414141030025639,2.7232418334452633,0.22596688571932738,2.246952302777501,3.526201033208452,-1.391109996722286
0.40615469984707425,0.6233884221411037,3.34764792413358,-0.194071150616872,2.7487824062316077,3.0740165010308447,0.3824254487142351
-0.37561594996778125,0.7275101481043815,2.4425404125077037,-0.5036130118207817,2.6875580096546523,1.7418416528626917,-0.3130678866330876
-0.7161472513081585,0.726901407538255,0.8545707335171481,-0.38006677359410423,2.143905928907482,-0.054906684267651794,-0.6796839326104159
0.591575581059542,0.6742417561278141,-0.5038650594105764,-0.5550621601202245,1.5539597851754403,-0.9366692065372567,0.8293939165061435
-0.4566079407450508,0.632176312159638,-0.866122794697804,-0.6471362774748534,0.644308733623796,-0.7699826678151552,-0.3837674221683858
-0.5956700198022584,0.6103606057792715,-0.6040331744654989,-0.8698261515866205,-0.0972625514710702,-0.41875581133309214,-0.441286861482898
0.7038486832742692,0.604084640334337,-0.2913389592184802,-0.8067574234580966,-0.5000182535955151,-0.15162029411562652,0.8850610207370266
0.38662112885517586,0.6083195993137431,-0.11309159850897552,-1.2285866475189755,-0.5036945812067869,-0.0662377042457121,0.5448570517101662
-1.1936369598963545,0.6228185626377293,-0.04603154496019131,-1.2073155176161325,-0.3118455128385337,-0.01899713702791814,-1.0898008459962671
-1.1251150984222567,0.6493030012274198,-0.02007999591413049,-1.4692690378845852,-0.15426027963536446,-0.014873993042440569,-1.0200099789824761
-0.026720980792398374,0.64620648314288,-0.01805568715945705,-1.5362949483528825,-0.07004640563228266,-0.014978607973087652,0.328921626574534
0.6597889532147737,0.6207957413441472,-0.017490081121462008,-1.4421764821080878,-0.04129253425242619,-0.013753788755126112,0.935856246942495
0.43093458407680013,0.6160779468132318,-0.016797775663108576,-1.0003659179924593,-0.030351256288404595,-0.013609655769773821,0.6617428216145922
0.11352597417667583,0.6206448646392316,-0.01717367512814624,-0.5956290732676787,-0.029426149457771143,-0.014498489587351036,0.27499865800602924
0.7904066235258281,0.6175843112399553,-0.01748484759314988,-0.5434234117199379,-0.029290712180447674,-0.014226510971397741,1.260781919083999
1.0196489577532342,0.6432762943685476,-0.017110504608270422,-0.07879391683569555,-0.029035575978624883,-0.0137573955809293,1.3347633677769817
-0.5390122821855177,0.6829628659246169,-0.016649279280497403,-0.010854091068549671,-0.028943626350020676,-0.013312271373530261,-0.48310096250472334
-1.5283701064612176,0.7311761158540879,-0.016287010841617374,-0.06375679366000594,-0.02882559842101359,-0.013039929261195892,-1.4527636663758507
-1.205559662246205,0.7341967797878458,-0.016182865714387967,0.14748403416402783,-0.028536699426711973,-0.013106132429055251,-1.0385052872767042
-1.4778240782786183,0.7244334412917925,-0.01726884491709935,0.50346638258818,-0.028741061458148854,-0.01518584908045503,-1.444820320216578
-0.21972202379036873,0.6793155321375662,-0.017490603563512463,0.00935141567711066,-0.028697038925287223,-0.01354538728580321,0.1332536756631681
-0.3755298714144658,0.5568823402293624,-0.01671884977325891,0.4622158854576022,-0.028769473383871064,-0.013662313828539137,-0.12309232010414665
0.44210771748139427,0.4068182685312038,-0.018039783012777002,0.7016064032457647,-0.029418430549330625,-0.016158883895383943,0.7041314732335331
0.6549859871629814,0.2947329801529763,-0.023655273140186443,0.34688873780644736,-0.0318452403919469,-0.02477558456265686,0.8689726903851472
0.18192297930879542,0.08746442618833405,-0.024921362776467636,0.5262354770431171,-0.032567640149711315,-0.018662063758778564,0.38473373333298716
0.07582328627867817,-0.09468984995811265,-0.02101337800137528,0.6961387994931655,-0.0332950300694037,-0.017041343183154613,0.49214320457499056
0.7230783130578964,-0.19993322403956662,-0.029602108339239725,0.21226463972128032,-0.03790283245959906,-0.03562166333019138,0.8098619029741118
0.5041696155100076,-0.20035758504419002,-0.03887626376415639,-0.539814147616794,-0.04191039137593946,-0.03538656439799367,0.7670019923100825
-1.7077013651067587,-0.15688621854958842,-0.09270685414770523,-1.1526221747574734,-0.06647264931220373,-0.1420100031022635,-1.429504111412293
0.010666251524309318,-0.13065457366081798,-0.21745520474506483,-1.4049329687109868,-0.1216322708912283,-0.28183757031215173,0.24819449571073723
1.3464021447559094,-0.11865502246291038,-0.24405119687736937,-1.3398516243704015,-0.15877820312784957,-0.1946097531910081,1.326306558462114
1.1834705758328072,-0.1515574785960628,-0.4751569859789214,-2.137781844506121,-0.30623998597759083,-0.7382413803091402,1.2054117362074115
1.915292585417955,-0.20196610160071862,-0.864177613173853,-0.9433811463928905,-0.5011738110713281,-0.9625635284663019,1.9019919335162048
0.7730136832028601,-0.2643748726063063,-1.0640375887522298,-0.4414323795600062,-0.709451554143327,-1.1327093742250385,0.8973504544175553
-0.26903502584255334,-0.3164464760268739,-1.0528842816711828,-0.34244604106850024,-0.8481791578936005,-0.9404084162726383,-0.02416733248170615
1.2595230637954935,-0.36545677123093995,-0.9286566186300539,-0.3213390594345226,-0.9940329801535787,-0.8872614479914427,1.1822362096569927
2.0694443674143264,-0.4318960047349401,-1.0544038183908928,0.15039764687689153,-1.0893588679815422,-1.1883466574328365,1.9950962198236717
2.414273671606444,-0.49625833259289476,-1.1879642872718077,-0.5781240944388989,-1.1294333821769322,-1.1505048290745845,2.3875736199767226
1.1973274139949073,-0.5589061026804574,-1.1503881191626706,-0.10580132609515144,-1.1263928449024845,-1.1137562707307125,1.1186609545877537
-0.42294608082046453,-0.6421279770938612,-1.3144300327434415,-0.15634439239167727,-1.239552884298791,-1.473793263984686,-0.12578875363571282
1.1148315419736412,-0.7351758342296553,-1.5907923684043566,-0.1341807646190767,-1.402464123280243,-1.6597398692715986,1.1828769501684688
1.2350723493694054,-0.8154849065725703,-1.5661887825623786,-0.026520455261440777,-1.4528268679488143,-1.4253854999588456,1.453363688754865
1.7287327273870554,-0.9074508296741227,-1.5538976827031625,0.051410858003032904,-1.555024602328033,-1.6351925173805548,1.9220410987176273
1.9386890986687497,-1.00779371485311,-1.7350579462079878,-0.37797668289318276,-1.695795238887868,-1.7831932120043565,2.0151764313691225
0.41299333912468444,-1.0786267628915127,-1.5475774383398366,-0.41982430324831016,-1.6514670612298568,-1.265213170710202,0.6512277061525799
-1.617119122995838,-1.1600868680000471,-1.3880836320203205,0.03600501716425352,-1.6106635032029761,-1.4693792312144127,-1.6268639536258664
-0.7267627233403158,-1.2381142164764878,-1.4636445116985135,0.10450399669957275,-1.6070380532399107,-1.4156791114320664,-0.6123390227012565
0.7676380425256795,-1.3102835999422475,-1.3917342209386034,-0.17833234748491825,-1.5404155168589126,-1.3284739053567232,1.0472534230847403
2.033402234125719,-1.3486612433413445,-1.042520878237144,-0.43218782440144193,-1.316475552841845,-0.726421169013359,2.3524189258918358
2.189315774720717,-1.4005292513336405,-0.8592503099652193,-0.6246251157317563,-1.2518537003539494,-0.9664627901768669,2.515779078359088
-0.1022432017997126,-1.4407230791423715,-0.8743812136181713,-0.839805994693165,-1.1010825669708648,-0.7565384450690572,0.04094335588457316
1.1106206059367263,-1.4468360758341,-0.4609034540657802,-1.059031445211073,-0.8351986597831333,-0.1490959284225767,1.2033928015276583
-0.04818336372098302,-1.4484687698472702,-0.11177260349870022,-1.0388724135889194,-0.5710008863723041,-0.06615030500357097,0.09453803561276307
0.256849557547269,-1.4418148713864931,-0.047429794682253126,-0.25998650346242,-0.4237516198765872,-0.021850371590675332,0.332622323823186
-1.421276063479903,-1.4269370498697516,-0.02071957457952431,0.4568318900181553,-0.22453335312343753,-0.013285533661427956,-1.353904434758997
0.16511609946183878,-1.4170824163418556,-0.017249508351855528,0.6656114601138933,-0.06976606344998512,-0.014972641258565397,0.16943345663668408
0.023830643104703772,-1.376784514159197,-0.01810546776526582,1.0526399296581486,-0.0417920913949913,-0.014978607973087652,0.22503107939319278
-1.1728815958065977,-1.32356379595575,-0.01737652558805306,1.2178127603295494,-0.030851881390072396,-0.013528660575468835,-1.0686984322645676
-1.0623517196674213,-1.2609122707541702,-0.016998804429630296,0.999898680286516,-0.029277957854791602,-0.014232226612188327,-0.9143211322693251
-0.628704314898876,-1.2086830272003033,-0.016168545642748035,0.38371655347397804,-0.028987472318303682,-0.01188521422355541,-0.4337538107016028
0.5967782942431614,-1.1596060822068968,-0.015928613925329,-0.22144879075701232,-0.028735092536840003,-0.0137573955809293,1.0392989677990212
-0.1649581059168872,-1.093187800711515,-0.017076591573351403,-0.6234985425039874,-0.028563564779835578,-0.014158125019099434,0.04545675339037767
-1.1154937537652865,-1.028841200475067,-0.017152441321399505,-0.1122331286811842,-0.028641419959606586,-0.013907596688224307,-1.1351752439557294
-0.20530237002848348,-0.9661278008822558,-0.016698766420353544,-0.5104236933731123,-0.028439597654326545,-0.013260196073907033,-0.1972989511484645
-2.0168159236416483,-0.8828496931045393,-0.016314002046160504,0.07299746253231952,-0.028701003007484217,-0.013145591929122893,-1.9887177190302154
-0.07489035658885836,-0.7897962295599253,-0.016512180733997257,0.3384434115003865,-0.0286792101099726,-0.01365277174285543,-0.03879826687358617
-1.3140974880261505,-0.7094934995363319,-0.016665366787318312,0.38994611366752885,-0.028531153753542735,-0.013449694372824672,-1.1465208426500286
0.5722566463208885,-0.6176812950577611,-0.01780377857800132,-0.11585804809113107,-0.028947512585957607,-0.01590471757232826,0.6461323203939436
-0.9914407801698271,-0.5174495065181387,-0.018672631701967094,0.3219912374483307,-0.029345559667069275,-0.015167013957846682,-0.9166412954897636
-0.8493573384579336,-0.4466709656451352,-0.01879843757737717,-0.060481822250126244,-0.02997647707328872,-0.016147875729124937,-0.9339191425462628
-0.2697351050394244,-0.365580251066446,-0.021461556477771742,-0.38057730973004583,-0.03138958430738488,-0.020437276481645505,-0.14491914825222185
-1.296304086149933,-0.2877514665071689,-0.02208802173690407,-0.30873241859409645,-0.03221068911724419,-0.01739447830632849,-1.2238076460005776
-1.2773628671967776,-0.21643152379872174,-0.027902503008593597,-0.46713806521000245,-0.03555205937940748,-0.03193891966361744,-1.2979621714122171
-0.5874900932728012,-0.18441430728949862,-0.08974715106400458,-1.0971604984542862,-0.06161147242825198,-0.13960032364035604,-0.3815844854309452
-0.07836602523421411,-0.1448680599706583,-0.19501275864896342,-1.304363214187685,-0.10853802826041349,-0.23984991771194214,-0.028523434875935505
-2.095459398530477,-0.12731335096666033,-0.34107342458843676,-1.4318170750512902,-0.19387586016360245,-0.42831972657679096,-1.97017621288624
0.34091238751646596,-0.11937597009512266,-0.21984917765070508,-0.22737660637266188,-0.19040342488875556,-0.00026686957968439666,0.32690522858163623
-0.17716834964515515,-0.13466678353547915,-0.17384137916320866,-0.5892230989340981,-0.25453773965935783,-0.3371027069222489,-0.13890003680220442
-0.4829908595100074,-0.18144031218434079,-0.6061508794934076,-0.4108573657411152,-0.40488533094261214,-0.853924835638962,-0.47982515905897943
-0.9193513394389121,-0.23608646782477807,-0.9362663539090957,-0.21364775830469201,-0.5623739646578537,-0.9889596500609261,-0.7182451295964282
-0.976811821689716,-0.28984365544038243,-0.9982327936896797,0.006117949668636849,-0.6778601210678384,-0.976520400874631,-0.6500861931632409
-0.5347738818688043,-0.3518825350514957,-1.0640267687501566,-0.9573431440364418,-0.912920196706394,-1.1187159384697427,-0.29970461593730163
1.4561454818539914,-0.39879664475341686,-0.9991005495486759,0.27286449268947377,-1.0204098232499836,-0.8481113583412058,1.4671890617761267
1.1679417618340597,-0.4176877456020778,-0.5996570032545636,0.4184325591216829,-0.9110399073718538,-0.32899258946282134,1.1763406488967407
1.5097009107478512,-0.47156444899523114,-0.6486205531168489,0.2585607227010197,-0.9028998336892122,-0.9434571321900497,1.5849736511087722
0.9258721009515825,-0.5251285393872622,-0.956292878758889,0.5827194254525268,-0.8960617630540664,-0.9360482151957807,0.9047510169521314
-0.31526240268959294,-0.5681708993939878,-0.8553445881202144,0.38414021036119417,-0.8189327633869921,-0.7436979146883004,-0.2560948778441181
-0.08114793258341206,-0.6284828314917539,-0.9147216549355759,-0.4214108602559898,-0.8636998896332159,-1.0531139747387406,0.027019804650658407
1.5639268816424392,-0.7069870961848467,-1.236636203357623,-0.6144592698053751,-1.0850256360474038,-1.3795850958008844,1.6470309890945372
-0.36653007067468746,-0.8220684008521212,-1.7449560644191657,-0.3007943112967354,-1.3182693745528125,-2.058309213803887,-0.44773126211907366
0.26482151402344906,-0.8907235400519291,-1.6651744672093791,-0.5576992533654875,-1.377810514398649,-1.2228928833471842,0.2460368750137769
-1.522103675995684,-0.9727421667595666,-1.3705601776449483,-0.4967406834005747,-1.5300803466889246,-1.476905853588231,-1.524680008631135
0.21312038235402841,-1.0565667100362637,-1.5181444704670974,-0.47380947693596803,-1.6252710819201361,-1.5153262988392202,0.34821181076337915
-1.119403217877008,-1.0877350657634137,-1.0666690344461898,0.13522987440182374,-1.4561681599132665,-0.5861142213638307,-1.124448540190998
-1.4025152026493894,-1.1286832177537884,-0.685753211360912,0.6024254353524567,-1.1829322301087548,-0.7637841725892817,-1.5003963922810273
-0.8532654349145805,-1.164121658598971,-0.728324414640622,0.403833477143722,-1.0651357631447276,-0.6703169067622133,-0.7870677598436426
-0.22976443798284735,-1.1844635618222388,-0.5404523216790428,-0.01323651204453079,-0.8366932956091514,-0.39253553795770146,-0.15904125231026867
0.335638294459093,-1.1907272219494514,-0.27596027121436334,-0.11367769329382572,-0.5491998583662309,-0.1473738974384473,0.3801937977707555
-1.2344158432041963,-1.185722320067272,-0.10285315116019436,0.5997208390208016,-0.43722021708849107,-0.050217531687628485,-1.3081586671911734
-0.12941544058365426,-1.1736501778229045,-0.04027303977591631,0.3226064001715801,-0.2824737681295964,-0.023624422401912176,-0.11445467164499361
-1.1981202769464299,-1.1509005658351266,-0.022469183058973975,1.003706877623836,-0.14560489124046633,-0.014975787383535567,-1.16096366395293
-2.3722082333222945,-1.1514664950068656,-0.017055659929207986,1.8769052690816843,-0.06638556832875848,-0.012896523079679941,-2.5000094475582952
-0.6611906096804926,-1.1333220889424225,-0.015888076137513914,2.1714441393671233,-0.03828213303987847,-0.012663162348407333,-0.6371426786193138
0.5800368488052839,-1.0861193926813877,-0.016247165071376846,1.1480615631603228,-0.030676199747409826,-0.013609655769773821,0.6366104130577355
-0.21157879331367238,-1.031537658813081,-0.01717367512814624,0.9907751411857967,-0.028789485584460237,-0.014498489587351036,-0.2759823684093757
-0.7435315589212085,-0.9777341014909203,-0.017423960629039895,1.1581015036502853,-0.02860823245845364,-0.014105691282601073,-0.8322490752235429
-1.074189023405686,-0.9156192830459554,-0.016960147181477207,0.6324765585438903,-0.02874817052463896,-0.01358017324213971,-1.0880926592978248
0.3737443654734447,-0.8687272965043078,-0.016890495376084762,0.7107228113811968,-0.029017783520877253,-0.013967376905189496,0.3186363676360313
0.29831842098081807,-0.8497890852093576,-0.016773854349647656,0.5440384248577494,-0.02896375101777398,-0.013349348063147656,0.3027478671293759
-0.7646007199640942,-0.7959699831249392,-0.016274532500445315,0.5518146900213637,-0.028648410133201747,-0.012978358354033303,-0.843114993373035
-0.3556871520118826,-0.742514288736232,-0.017472885315745194,-0.43381436442643323,-0.028987410603116742,-0.015718070000810522,-0.27266948457062923
0.6617832301927963,-0.699444945042191,-0.0178133366863221,-0.27841807814663416,-0.029002340201547006,-0.01365277174285543,0.5290513911205562
0.6861462997842632,-0.6391201098208764,-0.01677305233372036,-0.39553393886970023,-0.028939122727998926,-0.013662313828539137,0.6510837097202248
-1.3239499533764791,-0.5607070905469916,-0.017418394643111578,-0.0020047476759808337,-0.029269343237627064,-0.014927739026951334,-1.4205348817589556
-1.306468131594909,-0.4457625130960502,-0.01854812724890133,-0.5092502359356265,-0.02986956819281841,-0.015906474753707257,-1.3235769528748755
-1.1804893717366705,-0.3773279686186532,-0.019936064555681993,-0.16639807157893916,-0.030279864439599704,-0.017669744391057167,-1.1928061050165326
0.5787736455596508,-0.29544651266768035,-0.019995577180440077,-0.3562542108105051,-0.03077160165115792,-0.016015801450873533,0.7387400474555701
0.9761710105759485,-0.21275989479820723,-0.029452696614772584,-0.7712054842892023,-0.035530852089425614,-0.03635216107822832,0.8619754607472369
0.6011809637688111,-0.18186540464482492,-0.031593852230760465,-0.5654055625989247,-0.036641037234241204,-0.020247967642507938,0.39075883775502956
0.4654936404617904,-0.14382599465605353,-0.04670506142773816,0.6180964607115506,-0.04727213548496923,-0.06610589575323077,0.37200514994176553
0.582064138320359,-0.11530387482466202,-0.1076795164188267,0.8628137146053325,-0.07319474317631731,-0.14052940678805997,0.5208967778840768
0.12284432981017351,-0.10044349631487193,-0.1319966800107325,0.9117635675406509,-0.09384470144656779,-0.11417952366529287,0.33539713741436694
-1.9212209966143199,-0.10729964669661483,-0.20109667675326434,1.737042613086691,-0.14390958298204498,-0.2777653573677446,-1.819716236550595
-0.7748208525947771,-0.021716554796774253,0.5703503872996702,1.1444589099830493,0.1594794989287882,1.4053143343848338,-0.7414278266226031
1.2319622519564744,0.12452754274660859,1.9599485912733279,1.2580015801737334,0.696957896672426,2.460398236382686,1.1409044023832746
0.44949766989197804,0.25190011922407485,2.339296013429524,1.114092912263601,1.1843715900224097,2.1528604499524677,0.4243762834387947
-1.0210663271720648,0.3658726797769049,2.0660502002105114,1.1073352246828188,1.617361488554287,1.9223125892947943,-1.168575521927493
-2.0131912666348475,0.4640241128237196,1.8103719254071053,0.46896366565396674,2.026119999839164,1.6487752654657337,-1.9815037695960436
-1.5864656736378036,0.5582170910266934,1.6361696785051036,0.5304508079997502,2.063198903675681,1.5788970013302066,-1.0872969399351844
-0.026605980220952376,0.6662587618448372,1.722040562425917,-0.03034352675058469,1.9265322629731656,1.8181399863170726,0.07247823527517187
-0.621882623416237,0.7799625803414705,1.8928296153137867,0.18864303503979524,1.8762619681798736,1.915631994647331,-0.516001337580521
1.0445514737843773,0.9138100883266684,2.1130462721346457,1.1807520445714308,1.946664815373872,2.251550043612172,0.9451723966620631
-0.4467739159400815,1.0036218982830554,1.898726720654454,1.3337108828588704,1.9141093431879024,1.4925725314453693,-0.49024205820391126
-0.6665862228148552,0.9617653062806086,0.3656187519833468,1.2261466959622902,1.416568396660107,-0.7700613223812097,-0.6026996804845236
0.19079703852300847,0.8695485605341321,-1.2219017129701515,1.1523398466738177,0.6847864488299737,-1.636390581478082,0.21091473328329183
-0.638416533890026,0.8015100532097208,-1.4468651088985767,0.7832719796002948,0.021519506246766223,-1.2129950350132748,-0.6912551201559228
-0.5719485103530787,0.7213706493496861,-1.3466275650812118,-0.29356569067730787,-0.7605268569536748,-1.4393210815669781,-0.6566863939765547
-0.370033793745094,0.6426135677814034,-1.4508862017258952,0.1989419825156517,-1.3773435420385298,-1.4197758669475429,-0.47577232912091755
0.6526213542987269,0.5775489193355308,-1.3267897168293488,0.18480674249374227,-1.4662666181370185,-1.1954524519782062,0.6878777834521705
1.0686860651043322,0.542832986759466,-0.9362491263309022,-0.1930771646255298,-1.2570591906375335,-0.6492316419473269,1.180933347024447
-0.2115370363881163,0.4937908780387241,-0.7937673246262589,0.04157140046967633,-1.1923647365869616,-0.9141638079176798,-0.09102658524046287
-1.2811348377714424,0.4574128871329573,-0.8117189698981635,1.0272532117474915,-1.0326902558380888,-0.6849301340559499,-1.195953713727009
-0.00630301892938643,0.45126212362389634,-0.42539770599783244,0.340232958429628,-0.7657920630079759,-0.1504638337963522,0.013021812789262675
0.2908347538330937,0.4489912233649673,-0.11080150667219553,0.12275886096358556,-0.5286475388338286,-0.06285612079905148,0.34697196543150316
2.007061180193831,0.45196176150006057,-0.04245000608039045,-0.14369056989088688,-0.39612313324792436,-0.015289609824824465,2.094868362003762
-0.34748756265935615,0.4590627581724904,-0.019326458427621335,-0.619854017159391,-0.20863974852056938,-0.017093572249109634,-0.33560569948130475
-0.21102052721831654,0.4647611459271022,-0.018326516344396488,-1.128806617688455,-0.06844649309010296,-0.013299260860529214,-0.314326672507861
0.4501153760928126,0.47879307715039027,-0.01726072985461702,-1.0751442818661234,-0.040181796491203035,-0.014978607973087652,0.4752323266129486
-1.9923934490817516,0.3951601147808307,-0.017422629420511416,-0.577804762473111,-0.029946743752293076,-0.013620125907360206,-2.1326104386131846
0.12299238696497414,0.2493911921212919,-0.017179319529548893,-0.31668243541852414,-0.029792403727324963,-0.014498489587351036,0.00707857135251828
-0.8304591597080375,0.12205896717217406,-0.01748484759314988,0.013883381336109316,-0.029199566336024725,-0.014226510971397741,-0.8559034027606822
-0.19491008483680303,0.008058804755107436,-0.016963526400429366,0.18107089942341106,-0.029233484185347776,-0.013466257034101365,-0.2642512805976829
0.12200513402715475,-0.09017073431577918,-0.01692961336551035,0.32690577863377224,-0.029061956428343354,-0.014158125019099434,0.15112565874918185
0.0762636681153301,-0.18438250152411925,-0.017182572686340634,0.13690391688302553,-0.02913329286593332,-0.013967376905189496,0.12333474881878422
0.372707022700436,-0.29236313694809546,-0.016773854349647656,0.12965533211248595,-0.028894680523641938,-0.013349348063147656,0.4502450048473714
1.2775029810456349,-0.40601891196682327,-0.016378633600400424,-0.13528873762977653,-0.02867934503915872,-0.013184620252818665,1.4887885945432737
1.050544386309195,-0.5398701025877136,-0.01653185572388438,-0.8862666037245033,-0.028717850412800488,-0.01365277174285543,1.0538902127987362
0.4474254518698341,-0.6296475729480224,-0.016597552591846917,-0.9368971048263383,-0.028542294329410432,-0.013314915536213773,0.5710927615026761
0.28169122111866113,-0.5879362714271796,-0.01781026395190968,-1.0311337063437633,-0.02897686664197389,-0.016051904225676285,0.40532284128767015
0.4702785478506243,-0.4958962150432962,-0.019320738089136844,-0.7007034538192548,-0.029591073647018233,-0.01630459310912408,0.6689508689692759
1.1376099876972108,-0.42833738119156367,-0.023728363195698068,-0.7057838489797161,-0.03200164826226976,-0.02477558456265686,1.3601796670541566
1.2632807971912776,-0.3485625882275968,-0.02582581958335304,-0.5632660762400835,-0.033418083048850036,-0.020453426556982828,1.2851237156589177
-0.8991864247963697,-0.2698449653426538,-0.020558212035541968,-0.45535305762357803,-0.03363630344795609,-0.014347336593123344,-0.8949849803419215
-1.5186436252977955,-0.2046370542904192,-0.01671132735486023,-0.3326301969254636,-0.0329501766062751,-0.012865563485134264,-1.366139577775054
-0.4488131100456476,-0.17651741345898037,-0.07772786789539399,-0.9169524216095583,-0.057801665571687456,-0.13491692716504414,-0.16177972724254183
-0.5913498273193221,-0.1373455926684328,-0.17047096901231737,-0.49950987026052607,-0.09369617837607166,-0.1961101102397762,-0.6909114603631864
0.6293594785259821,-0.1270765972654644,-0.3484480432111546,-0.765156042700793,-0.1914104140148377,-0.48652468357961787,0.6337754983938922
1.2178548549940975,-0.1302485718970236,-0.35362248174892086,-1.0266291177226798,-0.23158352726899276,-0.20638214662126045,0.7873891688994755
0.535153040090571,-0.1490992988074694,-0.30784173338580495,-0.2395636315483139,-0.312123628405166,-0.39583929626785,0.5473682197390765
0.2701769213445694,-0.1807971031542874,-0.4937088736229101,0.09426622671355842,-0.40459799414624376,-0.5728449581923412,0.5117906486915818
-1.4226528891904813,-0.21996088185484192,-0.6521033425517947,-0.059083732238692434,-0.5127081206556282,-0.7083008356108434,-1.4577065390654955
-0.7482544988573607,-0.20874113565509475,-0.2672608146436661,0.5626410918792263,-0.37146389249773065,0.18670138663869365,-0.6750193463721829
