cyclostationary_mean_tg_0,cyclostationary_mean_rr_24w_0,cyclostationary_mean_rr_8w_1,cyclostationary_mean_HS_1w_0,cyclostationary_mean_tg_8w_0,cyclostationary_mean_rr_16w_0,cyclostationary_mean_tg_8w_3,cyclostationary_mean_HS_0,cyclostationary_mean_rr_8w_2,cyclostationary_mean_tg_4w_1,cyclostationary_mean_rr_12w_3
-0.46002713437558107,3.106018722757957,1.1353166872322686,1.6638176745097926,-0.6552271204754867,2.56770224523456,-0.8622993942232721,1.7652713968425549,2.6902179994141924,-0.5298967562804436,5.042427232231991
0.8816863764069642,3.786747179175974,1.9352837104990719,1.9775362962478995,0.6106646104847692,3.1676887199734525,0.30285592219602886,2.1202894019149583,3.0341911318514616,0.4680405549724405,4.841743915380837
-0.7856591908109803,2.0977035846393854,1.0120875988420281,1.9857938028326287,-0.06862335652281244,1.7599529071190203,-0.8494055043788549,1.7815365480556966,1.7421773252272146,-0.2025972451414107,2.8642589028513674
0.8912199715783843,1.9908765341051513,0.8529235986564107,1.9154097763126714,0.3672659215943984,1.6115546817073632,-0.27248056933566817,1.9822096328177317,1.9131927347897242,0.06328931283440373,2.5071876645381628
-0.2230688524704999,1.294920381520729,0.5392633379684684,2.125958134247483,0.25221937951723367,1.0388534529662825,-0.46766183802014843,2.1949766252750202,1.299182526910535,-0.048270576499864215,1.7199562801211508
1.8716206287492296,0.9685392066854792,0.344676270600123,2.004239719371955,0.7820986828889237,0.7505762483682106,0.14940543734691458,1.7432035952820935,1.130963778552104,0.5058782429467279,1.339456550997092
2.0642268111856352,0.6516725434756314,0.1981634536825823,1.684626674736581,1.2296132728982652,0.4996542957121679,0.6291313136422263,1.5680591140482536,0.8170688598703479,0.7557561383505084,1.0318042246293062
-0.8154101332916533,0.5609836741829023,0.1392688246562295,1.706505669118016,0.922900679732822,0.4289034602170247,0.35404601747612985,1.7864586577828616,0.7327378796930281,0.91368422750402,0.8986065969105391
0.33863633146576017,1.0910541954666595,0.7075965183647177,1.675907969861689,0.8522440814357138,0.8978457220324256,0.4064851862728832,1.5069991210194436,1.0218217779019128,0.6045204580958488,1.0157345443966235
1.2099002314440712,1.4535158380247863,1.0484082621679285,1.2686302338700084,1.1957144158524222,1.2159922992591452,0.7260032565032142,0.9858955446378114,1.0732933911197118,1.0613336060820955,1.2253635418005722
1.3575925679334238,1.2905190283509738,0.8726361865079312,1.4002255137888635,1.2666762528713564,1.0913833176961898,0.8190611497115788,1.7655493865944745,0.6084297745822863,0.9857311263248902,1.0417902319357777
0.1854995367961125,1.3530545933104614,1.1002303743522623,1.5520790960963076,1.4653211714825256,1.1356410670981796,1.226400321510342,1.2838825831286258,0.9505114991472423,0.44492009314995984,1.0159392786042134
0.09129899831793152,1.2172553179496801,1.1630640793968716,0.7346130482882415,1.30816473228301,1.0239800532577703,1.0682857139183635,0.15989358319624702,0.6238567541305472,0.5679608523419546,0.8573642551248863
-0.796874561223267,0.8779348749371568,0.9363015052563286,-0.09898937191335262,1.1673310442476572,0.7236942937660565,1.007748091965455,-0.35300649721905986,0.5598501423673148,0.3738744051948914,0.28664849185064106
-1.4604721552271773,0.6498752612126883,0.8988758522896447,-0.46210433734843165,0.4844050492282709,0.5348386930319856,0.39943662985163997,-0.5533152587714881,0.2898705955720918,-0.44624852600115084,-0.22708867188152673
-0.4415437645154693,0.8611820893219558,1.770142526303459,-0.5608339346244807,-0.032914482908153124,0.7590887879111958,0.04915971549742209,-0.5464548652468428,0.31460390105727065,-0.9088127751753815,-0.15884320612811825
0.6424767864383337,0.6193706386496411,1.5691802738294867,-0.35375550068553085,0.24445043049711315,0.5398282529833,0.32635659246068194,-0.1455962156871492,0.12200259548925409,-0.7508062960028334,-0.4425881426629144
0.036966455893828215,0.46500768361397865,0.8960090303154216,0.08721455465141055,0.2101989788953707,0.27925506759149793,0.2529347799985421,0.319768494099832,-0.4083814141033431,-0.8714706388887231,-0.4780608075073083
0.6089562134021808,0.41350380884922466,0.2813360837349851,0.2622979629457214,0.04835326699013174,0.02394663675688427,0.11843943939035861,0.1976036257557686,-0.7260534189414941,-0.5629600685062927,-0.37459886837782674
0.5759735481203023,0.26154663812041484,-0.04431966770392058,0.15420493642036093,-0.09503671009601589,-0.04722306544246743,0.022270619201043278,0.10661941317569135,-0.8267600772563657,0.05488755026996452,-0.4260342324021975
-0.32165019717209037,0.20424603877959047,-0.14153678324312763,0.0783918824327614,-0.19525043107580659,-0.1596717798127052,-0.018324399957707987,0.04840232752991419,-1.181817808716137,0.03839320676967575,-0.4787682395697322
-0.7856975250200775,0.17303606331871418,-0.16700247149503328,0.08187855067752513,-0.3673749930546417,-0.10951625275875285,-0.09469741350170491,0.11348080929696203,-1.1860357523268115,-0.3689202909987147,-0.6833272735057357
0.13953043023393086,0.19648996516722644,0.20400013000501144,0.11547600286189301,-0.17761474930060317,-0.030389145784825353,0.23034076040340784,0.114326477164214,-0.9527221317786289,-0.26329393971846987,-0.9304863503150529
0.21351156179760464,0.19035144041005417,0.3192120876329485,0.11685257378622234,0.16848047865651938,0.03737014337967034,0.6069997415955317,0.11618288638692055,-0.750220840914323,-0.2596514591660003,-0.8684824565866864
-0.20920093343114185,0.18620963902922105,-0.31284023090853996,0.1177119918580868,0.20846665162927316,0.05501608341446463,0.5675774471140658,0.11601607603028234,-0.75058288615443,-0.5382308298142153,-0.9732127203423706
-1.5065882274327955,0.12859840470749775,0.05665977967897601,0.11762300977566194,-0.24861830755503753,-0.13013744787047637,0.18418216127646764,0.11600753409785032,-0.48930348893771974,-0.8738976199307469,-0.8347379472090709
0.37104126409151555,-0.07886031980114304,0.04810386850384106,0.11770776278933208,-0.16746564176032633,-0.40904576096815126,0.23917715210628113,0.11618288638692055,-0.34876605944383593,-0.5467452345483659,-0.6663741694383652
0.43222487202412113,-0.07118304174068923,0.11463944136115116,0.11779674487175691,-0.1690705471861794,-0.4540176132480937,0.21350366647625163,0.11618288638692055,-0.4688301561683825,-0.40383682849293345,-0.547500317520365
-0.02838579751322663,-0.190411988502537,0.2436898853391157,0.11779674487175691,-0.31101818519189817,-0.6097454456694315,0.048928352082190325,0.11618288638692055,-0.4215648311717093,-0.47132695251004586,-0.6030337344206337
0.36774831448844925,-0.19663671407231964,0.12078522284361978,0.11773680529963015,-0.16233577502977564,-0.6711051413385559,0.12522676199932586,0.11606522477476833,-0.4767923924823288,-0.2375878498914778,-0.4922407778899775
0.3439143537482175,-0.0831251719364444,0.029100937324330202,0.11771199073436715,0.03544579565384806,-0.39268973108253796,0.22192812413274862,0.11613407397378682,-0.03787284522622718,0.15246896781354277,-0.21830640813515118
-0.8423204762435048,-0.10503020122017763,-0.18808022073201944,0.11750477462944471,-0.1629069504382583,-0.36957420244004574,-0.12503455862117613,0.11565833954380582,-0.11721655915383315,-0.277704560076767,-0.3638757142373298
-1.7031220243634835,-0.14604427389961727,-0.30642118384529954,0.11738903221887642,-0.5961040074956393,-0.6757872605487035,-0.6968110455188761,0.11590589818002368,-0.10770129331058577,-1.4469377143168165,-0.2950324683911731
-1.5455193121345139,-0.15924265016740347,-0.10775730851772454,0.12032206199456712,-0.8818983364661748,-0.24775497371664987,-0.9926779250061188,0.12143105335806552,0.3905834629342533,-1.9025749488242432,0.08012380739833128
-0.11071224150282889,-0.4679790431702627,-0.39811986432117885,0.11127454046482005,-0.598875337782305,-0.28776244457694616,-0.7805614141357609,0.09813537344845696,0.046459762625265535,-2.0801222090002276,-0.02649125749509631
0.8982451021856298,-0.3989915917351391,-0.16410867884245756,0.10534377815816302,-0.46848488644861264,-0.1747374242323206,-0.6367139282552081,0.10976412769735329,0.09606985282630134,-1.7041487388567553,0.000749929994380377
1.316504376441179,-0.5448280188745855,-0.16798156965552552,0.10081442424434205,-0.3133566290822013,-0.12544350169227028,-0.4248030416938142,0.08922329112412948,0.08953547795246707,-1.0589887147136074,-0.1497132900539229
0.6541214987944601,-0.43310531031003746,0.1288291830701329,0.07310014452827647,-0.1381532595781047,0.04626307142232758,-0.2649111713637341,0.05529680442151868,0.41376854934798585,0.31059702608542894,-0.18039007082369918
0.7295374553020614,-0.6517769619420771,-0.5311203635033889,-0.1417616181934793,-0.0895349611165537,-0.39138878238435504,-0.26187227686553094,-0.3329226028143052,-0.05145365064067856,0.9649641898498464,-0.6524140083036631
-0.2426622077299822,-0.6022490509629783,-0.5997236817346929,-0.2974776090904169,-0.20323202181362063,-0.4917291731863506,-0.3692963648255136,-0.2508256574846571,-0.5641273797144989,0.8307793744470512,-0.6934703333550448
0.012529548474120033,-0.8854498915915101,-0.5957453965510612,-0.23957633151219115,-0.05008649844195604,-0.6453708479805126,-0.19418367265586572,-0.2194394675745002,-0.8522954334531131,0.33388006830685146,-0.8326676978092493
-0.7733282206701984,-0.8525251350681953,-0.5908056634134652,-0.13907861346208808,0.18711705873663753,-0.7771508557478316,0.09031741138846744,-0.05337001517395118,-1.055989640973335,-0.21012842545292415,-0.8843996779912222
0.48837550954406495,-1.0431612569201953,-1.3688044484574664,-0.3509990102543193,0.5888845996117791,-1.2069722486396801,0.4297705990908297,-0.6353659990406803,-2.0574086049426086,-0.5012819779811342,-1.2517005102542287
-0.9941930424113133,-1.1168458434392423,-1.3891506266541476,-0.9916970662528829,0.3631592040153507,-1.2856011531853948,0.2342840281563195,-1.3114165103268742,-1.975766635997809,-1.085773472969074,-1.4796517959515074
-1.8892045660105417,-1.1864506103582284,-1.872254274521379,-1.4763917322869666,-0.2741101797832695,-1.4551971831134927,-0.3377444612640378,-1.5873431818716905,-2.2957626915431115,-1.4629288499845605,-1.6646351741030125
-1.076331576258052,-1.2210065018713658,-1.8926030499447166,-1.7872119392185464,-0.7513278837453168,-1.4824155711970088,-0.7923899873192607,-1.9217267139182077,-2.354151448026319,-1.4728184142597318,-1.7474704155266798
-1.166945173643169,-1.2908429270735857,-2.2675137997855748,-2.0246083110758692,-1.201351395208364,-1.5120135518064652,-1.2041076367489527,-2.0531458192988734,-2.72823240881759,-1.6442772158028123,-2.204542271058701
-0.7474094151848698,-1.4054575450507114,-1.6863452943705055,-2.454729149087178,-1.517275768356666,-1.7134774019750028,-1.4585365500001415,-2.76644036246536,-2.2429514937417343,-1.803269680063798,-2.1715592617654225
-0.652314622509882,-1.3522377542861892,-1.5216868939242496,-2.570583925621198,-1.601824073831418,-1.5464272273810782,-1.4333316319028038,-2.280340537712211,-1.9493874325562364,-1.450436303515066,-2.1626708832096844
1.713984590124891,-1.3975319346809405,-1.4582356928602143,-2.4930194954573763,-1.252320428475031,-1.53276351251156,-1.0323455259449565,-2.6137933974725196,-1.7013552030396422,-0.40543491229603196,-2.05586885412833
0.7716694154922988,-1.1639649029974648,-0.9338928214266803,-2.668225576443876,-0.9578916035382732,-1.398226501978495,-0.7265381548194219,-2.6246430257078814,-0.9260067329971167,-0.0607705354538409,-1.5548306012252862
1.479226936154402,-0.9874885406987393,-0.2843087711007861,-2.583931550697941,-0.7172004773187187,-1.0431012419439412,-0.5240096063739887,-2.448358821016818,-0.1790402671753056,0.854434608473789,-1.069274499008386
0.48542584117885135,-0.9819781349407607,-0.09004535237881148,-2.070247562639571,-0.3265411231830069,-1.1662787957381804,-0.18917527394189754,-1.61566144756826,-0.10954694425651684,1.2677136012071066,-1.0849895969665149
0.5638042209041942,-0.921553137072281,0.4290311937111304,-1.5072765431497543,0.2265877030777001,-1.0622558111735927,0.30328586777579125,-1.3421848654008866,0.0964521536103351,1.5598882776736451,-0.9846150934808967
1.312127156078598,-0.8010543229607926,0.6734517252524677,-1.3168265435298343,0.723122164583475,-1.1155246469311746,0.7579890110577143,-1.2411924074278227,0.310262272701807,1.5382885380548132,-0.8867762286304529
0.8793565536762855,-0.942018496103649,0.7804911601771243,-1.102091948945196,1.2044250242966215,-0.7180746976111105,1.1988725777614608,-0.9198587614806248,0.35418541885602106,1.7171782564010187,-0.5094904981149501
0.20117822595599857,-0.923663513034785,0.8363097135002704,-1.2715874074939177,1.4604806786007853,-0.7197617891345085,1.370510544560896,-1.5738137008000181,0.37055441337234474,1.3883726454515217,-0.4711527334177397
0.043752771075876155,-0.9526676774852532,0.6457772569421951,-1.5142160102183888,1.6235633731689862,-0.6640382029141906,1.4076042224905883,-1.3969061046977167,0.05688463417218236,1.2933872261596495,-0.28971662175067425
-1.129708495957727,-1.0310690088995278,0.8798243456300362,-1.4565613920723675,1.021031054389779,-0.3938295686181109,0.7928741961738635,-1.4607631488755537,0.4025016929443861,0.6665611410570564,-0.04193348880057607
-0.9687003501670797,-1.029831219046824,0.21154916895319548,-0.8473072868800648,0.6753949003683256,-0.2043236440727928,0.4099851108175203,-0.20041837325989334,-0.34707317731543086,-0.027093556750567727,-0.06430855431780899
0.3427246379741935,-1.2976959202694633,-0.4740994622749004,-0.45176677233736356,0.446116836349011,-0.36448019988115027,0.13197383081667452,-0.6844181552264917,-0.8159612150124547,-0.24720813051304785,-0.14780726595430693
-1.4041208420175455,-0.8355622873866481,0.19764746531564664,-0.5349081034377484,0.02311523935897086,0.377373295770388,-0.1940081549316207,-0.3644197336730251,-0.012908188230732172,-0.7626135094194053,0.48514331708582475
-0.5957807336631503,-0.6098073502609345,0.7455921304763866,-0.2054068925553728,-0.2343448239159438,0.8924272833061594,-0.44703930075652243,-0.037133844428483775,0.4935692538576691,-1.1040410831604413,0.9465608267155918
0.22965766445923824,-0.2188502787373263,0.8101728925958828,0.04895545063500987,-0.45835930791664675,1.0477485587971846,-0.6298663838159234,0.13520392407859724,0.4147993687115459,-0.48077230755595435,0.49198519574669497
-0.6085901190460614,-0.24388706093415624,0.6229832646451513,0.1105453359501416,-0.780600871277124,1.0597932754879318,-0.9877602487237732,0.08311059278142507,0.42161001266178944,-0.33097900651029155,0.3685534601122213
-0.4807039185077789,0.04887560533431965,1.1922370291029591,0.09662055502293639,-0.9667345926057952,1.231493167310561,-1.1211960671485597,0.10762937196290034,0.6745263105051273,-0.5842833555819966,0.5974329977371234
-0.3212738787374294,0.07507144207690136,1.0814959073696837,0.1133702212104329,-1.0579510856618572,1.1876785084525014,-1.220810645739146,0.11604384004155062,0.7462374168872951,-0.2819402229429903,0.6493938827221518
1.5165511954802156,0.32382278136594167,0.8502056351898559,0.11677678822243058,-0.4669607633172498,0.7640447888049814,-0.6618224815719072,0.114326477164214,0.4357523845739343,0.3488728208052331,0.6667032293638143
-0.4904494311586073,0.41395650643452514,1.1339880262253146,0.11685257378622234,-0.37056439800113,0.5577969628679007,-0.5643324439998179,0.11618288638692055,0.5975566668992018,0.016674646787679565,0.7064129069535106
-0.6211286817975404,0.5904163807868551,1.6389063553451995,0.11768376850578943,-0.5798666104617201,0.610152484033211,-0.6443410394849893,0.11596069512589428,0.8849900555624322,-0.0038626258422162856,0.7177368730384518
-1.0299804921182747,0.9160799784594382,1.3253503512629112,0.1175990154921193,-0.5147519852585318,0.908058598051518,-0.5893726832390456,0.11601607603028234,0.7040679865426588,-0.2373280818576023,1.0400580799372179
-0.28683065193300705,0.9696807638837288,0.5357017257332191,0.11762300977566194,-0.44671120270673126,0.7894635438976798,-0.5537075330956871,0.11600753409785032,0.2180075040027092,-0.3025323968419783,0.8808252288579401
-0.6767925318098109,1.1180991513685983,0.6945475378289087,0.11770776278933208,-0.6464535875042785,0.9335269682543246,-0.8091480645660907,0.11618288638692055,0.3042669807491089,-0.93860532341439,1.025975128808824
-1.4287015835452779,1.3220903603680212,1.3957842647384624,0.11779674487175691,-0.8232761639103899,1.3140662619734973,-0.8939700973248714,0.11618288638692055,1.0592035237669677,-1.2454748789630525,1.4350679312500305
-0.38987588768807396,1.2950023466629528,0.8332545856163123,0.11773680529963015,-0.7951696470846101,1.3180168793962366,-0.9184706573446084,0.11606522477476833,0.7768586224130127,-1.2673884876009418,0.7112679121362021
-0.7594771960096598,1.1845585322939909,1.5550262996878335,0.11771199073436715,-0.8908598225731462,1.4211382839855629,-0.9234555351779573,0.11613407397378682,1.0443661192604694,-1.222002073058311,0.41750826414056474
-0.6285515463888969,1.1460742235051091,1.921221785268883,0.11777193030649391,-1.3410060775662507,1.7337324793084434,-1.3489205841675664,0.11618288638692055,1.128588015137086,-1.2868885688605902,0.5641943022841409
-0.9679323617699457,1.2050122861691894,2.1026138087539907,0.11752958919470773,-1.4298525914845768,2.0452694360380277,-1.3438338619807462,0.11565833954380582,1.1271973606994234,-1.3736716804298488,0.5378525641311743
0.08851486233812139,1.1005003958712838,1.8894614586427576,0.11738903221887642,-1.29271373841511,1.4096996964064874,-1.2638777512281623,0.11590589818002368,0.9255571193163445,-0.8288025462220523,0.26924566311501547
-1.5329730186433077,1.0923897720359974,1.6041238985603896,0.13114358369829635,-1.3644232228602668,1.0475498588970205,-1.3451798027813664,0.1426773645510052,0.45721566706221484,-1.0818905454031065,0.3413734149652827
-0.7345356945709491,1.1104033261746078,1.6082443883869633,0.12888357647670448,-1.471886215371913,0.9602139537604147,-1.4413028761990163,0.11146280392581005,0.4267497147811482,-0.9702936341561452,0.29129733111799766
-0.3388869705257184,1.4289590409029915,1.6523299631655477,0.1297848174944344,-1.389822062165824,1.4084377259522158,-1.3164003763153844,0.14445985141250986,0.7353092601723613,-0.7876104176402383,0.9031679546237475
0.2310923292480121,1.6335642877932357,1.4537456259323256,0.10318931551317734,-1.0195132035218297,1.345354131050807,-0.9926496558079171,0.05920302228444496,0.2722919287658252,-0.3070004659666612,1.1938927190715865
0.040163794933192415,1.2766062338204611,1.2117071525537493,-0.04873371447171319,-0.9200032197630404,1.1486781857663035,-0.8659948614273003,-0.15396946258336708,-0.08293419935817209,-0.28598632190219153,0.641196261044508
-0.30329448871437054,1.0509151621695567,0.06077031043361668,-0.24532477686454648,-0.811884040717166,0.7454240500746143,-0.8402774126958134,-0.32704693888372094,-0.8939670102664244,0.003594941315691902,0.2782836130210958
-0.3427565219987197,1.789012599804863,1.133440192984469,-0.2852899739835656,-0.7522724491606848,1.4587651691150885,-0.7351661498343645,-0.23270142583407424,-0.44396796923351145,0.1634815720279986,0.7827837352524727
0.49391025275484196,1.964949910686942,1.7132310680191716,0.021397529962782737,-0.4150356938801502,2.1557372096179357,-0.4721241875107473,0.27624006243133725,0.9934239095353294,0.5362633813394437,1.5396905642705034
1.6796881521101212,1.9924520162704957,2.298463985868094,0.7086031470782389,-0.05955478482067421,2.2247281098620317,-0.16022137823942992,1.1180799685612401,2.394971481566255,0.8711281879057188,1.884142183098248
0.9658805166569705,1.8922746510191353,2.0684702427730484,1.1255072127151904,0.4494169465016789,2.1779470489698123,0.14386776716125774,1.0952527509793504,2.2593652087141063,1.0978529027164508,1.6778686370280984
0.28297094513482335,1.8688842834362134,1.9709368128349756,1.2609587095370913,0.6422658399474666,1.963262412258156,0.19244063083482482,1.3841580343554873,2.2332593892682504,1.156919834660144,1.3664317777183383
1.37415278666448,1.6995097050760122,1.5579862427572675,1.517965780847997,0.9646192294972603,1.643334416113708,0.3580262632953787,1.6003214165982176,1.9001780894203537,1.5779971319499762,1.444905195168547
1.7639270126312154,1.94375104412984,1.6534352445830955,1.576958143024567,1.273194937111902,1.9334609404797898,0.6024984037985873,1.500567080052423,2.194338156197144,1.8792828566745552,1.6019702722851132
-0.18188673715853987,1.8941588307453565,1.911774380034601,1.5976268012115895,1.2411135933239943,1.5800025879962045,0.5408966129228676,1.6411897496093057,2.5496196058364498,1.2900429150107322,1.4173153447340188
0.016739022642613774,1.8121367439287293,2.394750505696082,1.4124922899045942,1.293137978071293,1.309275752616871,0.5078627092672897,1.136915406039506,3.034900520912305,0.9285969278961499,1.3471850778428667
0.5457066025727669,1.8564234604765992,1.1798574291542465,1.2719663768804808,1.4848904937076144,1.3344998145580336,0.6434899566508725,1.3650926701207557,2.610240112102149,1.1485616090764168,0.7595768475351731
-0.8892560760240674,1.5642206514763257,0.48389601871327337,1.4277888681128756,1.1985840562578103,1.4113046624019205,0.2929427531600943,1.442824708816049,1.0662485543318547,0.7234297697551242,0.4086799330920288
-0.8914478327133553,1.5073538250132037,-0.07722550209226746,1.372699415846002,0.6600314384337078,1.2331397208480708,-0.1884757184157885,1.256594040952394,-0.29937570075613223,-0.13138569803801367,0.5951084938853426
-1.6184274726011265,1.3950699258407395,-0.017501995180099168,1.1626411738396478,0.09817925903691418,1.2155281851606488,-0.6481139057040387,1.030460010650969,-0.3275510244675385,-0.5462365008885076,0.9348982196398169
-0.38600785658481146,1.0821092200144153,0.03624155218564905,1.1636959320166065,-0.05084883661305408,0.7987915298903187,-0.648293693880625,1.2586411763502685,-0.31614774207866825,-0.7713840896894509,0.3736266743989293
0.43591627035496977,1.0835580803646423,-0.048194248045369606,1.4216365563392308,-0.24298131387346017,0.54273514187617,-0.662908032873149,1.5369142040301373,-0.5188964880533612,-0.7953176560156697,-0.6778093876369325
0.8367699707114186,0.7984466403994879,-0.5517231650697134,1.0826993076559732,-0.4504678973645187,0.7181664088398416,-0.8608163267216243,0.5932714322837046,-1.1908512522933208,-0.44504213109982177,-1.1019102770643576
-0.5205131918712353,0.6339980316174624,-0.5890306789422144,1.0428535652515205,-0.5919461366983374,1.091121470346526,-0.8848252410675799,1.4586622916588319,-1.1614779702980111,-0.609009254848986,-1.0816372953897553
0.3901077711475773,0.5354595599019075,-0.5717291295650376,1.5321756167095015,-0.5226699304757056,0.28235841505356946,-0.6894664346730897,1.5539459870811128,-1.1749446776952397,-0.03689805059094988,-0.9731829071340256
-1.1496701309655677,0.5313605125489679,-0.9781295659775413,1.0187968088398283,-0.9028377529012426,-0.5647559904494878,-1.1336977637338177,0.45028201614736424,-1.3041906500817317,-0.23136834789630317,-1.0748449369732547
-0.972559570812609,0.5550449117488576,-0.8893119809051191,0.8329215198116923,-0.9951944962660582,-0.8635131837144031,-1.1752387631336183,1.1888560709322837,-1.0189611260010378,-0.7838085697885708,-0.9410341623657917
0.3487068480687784,0.5310697093727927,-0.8182611658990584,1.1323876517529645,-0.7605706199558981,-0.8380414703406562,-0.9285251681697554,1.0379543340356123,-1.02745747287475,-0.9942807105832273,-0.8673045822027506
0.5047173647910701,0.1404805562330501,-0.9268503488279819,0.5959364203750125,-0.31712440602142367,-0.8629334059921506,-0.39686139865720627,0.13485144259060391,-1.1459685541484907,-0.537345096571346,-0.9103381798686072
2.177416603176989,-0.18771269661100384,-1.189987333616759,-0.12716591187695409,0.26986964064521124,-1.1144955771727552,0.15223175693245142,-0.3826575185157552,-1.3668660307946225,-0.005495348284068618,-1.1817990639480298
-0.15477310606358968,-0.09222086806808455,-1.3648807162367194,-0.16237962542212817,0.171302488418087,-1.5011837345980747,-0.038041511427180916,0.06503321535350855,-1.4304255375533612,0.4013312993155149,-1.2425624250240748
-0.13608808691570073,0.21639280049701465,-1.3545158891637608,0.06275130420694468,-0.0380700440669823,-1.4531609529350942,-0.2667005732463038,0.05910456477782836,-1.2464885926419182,0.7421081134974756,-1.0993579632448558
0.8730670300866128,-0.3678775515130509,-1.3271007288970034,0.08372312129018905,0.30603053598719804,-1.4163444183420555,0.06134693306210591,0.106223684504955,-1.2339306414211064,0.9915911417035739,-1.1377866834929489
1.962323201627376,-1.0182523263811687,-1.3713063903435272,0.07819107090424332,0.6711418922849193,-1.5755442156706485,0.3627978780379704,0.04840232752991419,-1.1819874283181138,1.5577850564575373,-1.1218745151745733
1.8885737651352228,-1.3872126238009566,-1.0563957651817648,0.08187855067752513,1.3481216636167868,-1.5579075480500004,1.0624563024296867,0.11348080929696203,-1.2047643956557599,1.5124850479289247,-1.0793073173613008
1.4557980814549718,-1.3463091365699749,-1.3236354146789477,0.11547600286189301,1.8870403477823738,-1.4808922404676552,1.5291468948575975,0.114326477164214,-1.383712367188384,2.0305266280526837,-0.9449381767331392
-0.4528863777454155,-1.2330035823704562,-1.3061388253290882,0.11685257378622234,1.7363654258721508,-1.4258283123165154,1.3534336190145666,0.11618288638692055,-0.9918858704639982,2.0210969616682393,-0.8966635181019547
1.0061194224707537,-1.3115736805612241,-1.326206753135272,0.1177119918580868,1.8517551069225295,-1.4612368764215484,1.3773365792261654,0.11601607603028234,-0.8490035289451857,2.020315164699873,-0.8561529263558715
1.3717048573790651,-1.5298744645878883,-1.0708563994315337,0.11762300977566194,1.67270699365938,-1.4361741488027087,1.2188088978194342,0.11600753409785032,-0.5913617066940713,1.7098296598842537,-0.7942728332384293
0.8333983954038336,-1.4335114176478636,-0.7362344085161681,0.11770776278933208,1.8744091220353598,-1.2982950655672743,1.4128931156384812,0.11618288638692055,-0.3230396210034953,1.3133984355457704,-0.9886498985616903
1.2429538845963894,-1.3799995789320592,-0.6374215742464742,0.11779674487175691,2.174429158913038,-1.275353079706941,1.743891430033914,0.11618288638692055,-0.33203926924654675,1.2574717888500277,-0.9629903270403467
2.508980948929871,-1.5010893476356044,-0.6576833917871742,0.11779674487175691,2.533110775523842,-1.2730614744262754,2.0066752577433684,0.11618288638692055,-0.37469806009745554,2.2445109064260294,-0.8631666099461874
1.0850248936465021,-1.5081019333420647,-0.47481202071376627,0.11773680529963015,2.3464228459604874,-1.1838757539613345,1.8670903032449053,0.11606522477476833,-0.42601767287029074,2.266479276975715,-0.6656626949070131
1.140726802077085,-1.4623450743329824,-0.565420138325923,0.11771199073436715,2.182617969268933,-1.3318704755988136,1.688943486165405,0.11613407397378682,-0.41935081036597344,2.3265678486805585,-0.5499758244302322
-0.514884644273948,-1.5259804817106433,-0.6718149726030478,0.11750477462944471,1.769244536199783,-1.4125366064114964,1.3215141176011689,0.11565833954380582,-0.5831322674700186,1.9541598973382581,-0.6803707127934203
0.3515760582688712,-1.409178860820501,-0.5048188044344574,0.11759199984816082,1.9362356465043646,-1.1758700911829574,1.4665362947248215,0.11630587576463729,-0.5949014460386909,1.651938240486259,-0.6635540420523744
1.20427105235909,-1.401500902483695,-0.359776760927773,0.11546692232807394,1.9625604697191341,-0.9924716662935243,1.552647627339721,0.11148131976491871,-0.6567896250241576,1.1355401273024373,-0.7060555497455645
-0.09893479542490731,-1.3576928593307325,-0.3038584833465132,0.1060584324827753,1.6388016058996813,-0.8725675270920076,1.235820826230862,0.09782400984292666,-0.6895720673264302,0.6530108105730832,-0.7974961969000017
-0.12450013968978126,-1.3103616790484394,-0.336166065561219,0.10780433705227815,1.4655872488420525,-0.8421864351327083,1.0909737436674818,0.1149243847285855,-0.6902085888086139,0.27040179714534823,-0.847572280747287
0.05388906340628251,-1.3069279750161926,-0.4046861881837982,0.1039211532494521,1.201563770669986,-0.8592780973837959,0.795012935424213,0.09018530082032554,-0.8034517274869327,0.44543250690945035,-0.9843062656984081
-1.8668559126336628,-1.1184170779451155,-0.06453388929037798,0.12595194128149453,0.2533045418991408,-0.6391458803724364,-0.10648115358330021,0.15819443978976191,-0.5832088493341442,-0.2775358826252496,-0.7815860498160903
-1.9935720796275103,-1.001141957340668,0.28618048182596867,0.22627643290839816,-0.41067046108620653,-0.3756135737235931,-0.7465108188523408,0.28731438098550477,-0.13436757193958337,-1.3671286950633799,-0.32291236597129525
-0.3928650883319052,-0.9186838131376954,0.28255495392273,0.668647027251871,-0.7827825830191267,-0.31280895880944426,-1.067796189150561,1.0276244136584496,0.026317116434957547,-1.4507682389214098,-0.2873740110068193
0.2657186728894764,-0.8635531735992596,0.35084896420594686,0.9194423991402679,-0.6523682363718618,-0.41019240515502353,-0.9537063411054335,0.7804837165895339,0.1789979313841069,-1.598422216551896,-0.40633881847570275
1.4199066803648133,-0.48807507516627097,0.26756907099813304,0.7926223838503027,-0.465191528557975,-0.09018444472920549,-0.7756826372641221,0.7788746392601302,0.5034797205970712,-1.303957861453035,-0.12929174764621174
0.6686156572818138,0.0898328765233441,0.8371579989547907,1.0175894143328728,-0.5434265447858478,0.5416525405284114,-0.901064894546715,1.2225151871383602,1.4094815829464147,-0.35792225008944517,0.4601183289680961
0.5491051582955081,0.03664115976287625,0.7258371732787957,1.6122951418546567,-0.41981791428587895,0.4041704714809522,-0.8209896752046952,1.9467656455566222,1.3729998092817004,0.4606706942497225,0.41570523878051346
0.6091884510807499,-0.053130051461110966,0.3765497991204401,1.7581211059054613,-0.2860647010311756,0.255590272151166,-0.7150965782597449,1.5087141591441593,1.1018988114988748,0.9012119202046668,0.3282716889510913
-0.15997545677212455,0.1403067353642086,0.6211071200828894,1.3967214995513066,-0.3378899341708556,0.5055730392525891,-0.6659588599394839,1.237145240444453,1.4417626273576327,0.8602900567605847,0.6016739687332516
-0.020783499687281253,0.2917506187456753,0.32724627950610485,1.5428419800131294,0.04122815857117918,0.6991196367901131,-0.3523616832016429,1.7958390458040465,1.8999654753544923,0.488447549048345,1.1374425881237609
0.7918938789960719,0.2948281707866565,0.21164651576212892,1.5952476222250809,0.6116885372694103,0.7354400279495614,0.22211409680981659,1.3398791847809546,1.4749820588564364,0.2744440995428592,1.1552511796780478
0.4225219930332845,0.3159667098683769,0.41509271246976115,1.803094549261503,0.8447170859134798,0.9246150604574163,0.39712389467760234,2.204442994609311,1.4451974354191852,0.3658460308041199,1.2522956993841134
-0.8937881925825978,0.31023375599624275,0.44600738527081124,2.0376540494783164,0.6320538791634908,0.7504262307484254,0.11876550973745974,1.8006235895624212,1.2892259126781844,-0.1662007452367329,1.223973151456361
0.5372128513029241,0.2948595391936745,0.31461165396818425,1.8529279436371133,0.4264977541726664,0.7452158394340538,0.07717915580557684,1.8411534215090866,0.6728900072212569,0.1675792554952972,0.9597871955217343
1.1823713440741486,0.18167919226591253,-0.35171442621398474,1.5721778550639218,0.4803670216444084,0.6910741296562679,0.1881632319470659,1.2494463520494283,-0.27360173552994876,0.5109617210462396,0.4077021609200358
-0.3483444882850662,0.48905502431856945,0.32063403764955034,1.2224793576921664,0.2892105189359288,1.0689746764836812,0.12302643263577044,1.154649422900136,0.29313420311341004,0.2051088323238101,0.7901348807801853
-2.25533880921463,0.49767870436103845,0.45662364537231354,1.2860016972589041,-0.3430125836118252,1.0665030552560986,-0.44048248455876104,1.373043879826138,0.47487987960891115,-0.813493278666981,0.8406505831234051
-1.378715234574403,0.4538375634388252,0.1780205073567544,1.261685096972508,-0.6019515196138904,0.832399919811873,-0.7883635638649849,1.1055882271732098,0.1381890759090054,-1.1048172975793475,0.4688050893860442
-0.6568194304634654,0.46715197279987597,0.10457968410447804,1.5791806469842349,-0.7588520879233007,0.5340681090942287,-0.8445532442404966,1.9967434584449384,-0.2827237050386232,-1.670140577805956,-0.1453044723791746
0.22710044146657063,0.5331892734568906,-0.23552813865921524,1.7168618441369297,-0.86265444585985,0.44469087711401084,-1.0549282788935779,1.3766489952675327,-0.22584882147721708,-1.9026975141394868,-0.10046338579382559
-0.882287566245723,0.4294073709736891,-0.4537724913516442,1.6402536008747506,-1.1712981375059281,0.4994940035576807,-1.297843949621167,1.8464692616392544,-0.4012319990157937,-2.024012350128296,0.05351425567887587
-0.7321029487970231,0.4690990776294083,-0.472388457567538,1.5934084242723372,-1.1197740579693238,0.2589300637723063,-1.120887398716155,1.2845594045335336,-0.23872061833146177,-1.3307711410301777,-0.18717434430234356
-1.4484123212465168,0.5263487029043579,-0.44512723739816984,1.842420699453248,-1.498444120267066,-0.304117130584996,-1.6159423197380334,2.335444032260714,-0.16356496634220147,-1.2029140427173295,-0.5419414174355618
-0.29433529300609784,0.36971997252740413,-0.7516298345051406,2.3566083953130192,-1.7811778614821432,-0.4140389443502799,-1.938545876374485,2.2944316093113053,-0.11033870235827356,-0.9742936344847756,-0.5842524237805138
-1.1281500060518044,0.7546769976986681,-1.0976603140654535,2.0141703183645214,-1.9114372059992313,0.17560724992074847,-2.14542804231513,1.6630457449988327,0.10717316637197126,-1.359505463027958,-0.026451338114431084
-2.2341706322733836,0.7394624056575622,-0.9659883459603045,1.6866479103119738,-1.892969540077396,0.10272452552082102,-2.1175648728186207,1.6517739865932246,0.39620905541056956,-1.7289305628597613,0.2073499054304766
0.2087390136876457,0.40665995291492724,-1.160662273526832,1.1788833247689936,-1.5510197936676033,-0.22833778121418163,-1.8045239696608557,0.6664374892408104,0.3386809824388101,-1.617139982375814,0.14658654435443183
-0.8318733918753146,0.2817241229172521,-1.2909968588797374,0.47262137897727735,-1.5669178876041001,-0.334932055826511,-1.9091260165560882,0.26436468034234356,0.04452985007825959,-1.4508192069947883,0.18935081252795094
-0.21560399214299217,0.23839091739392887,-1.4989571645337332,0.19484866567609935,-1.6636268753915109,-0.5303964830314347,-1.977351635977465,0.11995280869780604,-0.005408811562865838,-1.3849158018600876,-0.3282064843413055
-0.04558711029425166,0.014570306124837763,-1.5849260903565405,0.11832293313309077,-1.482667659731498,-0.48913574504977947,-1.862328645265049,0.11348080929696203,0.01774663302388096,-1.017313056021655,-0.23650307670653953
-1.6250839678283622,-0.43936180901729766,-1.5228686627893395,0.11564971112263027,-1.69140509836038,-0.4325583156013242,-2.114217471315129,0.11466879485695185,0.03971647114051863,-0.8433055104655416,-0.054442908898692875
-0.31149401973583746,-0.3729342750903122,-1.509571210611863,0.1170262820469596,-1.458187301761439,-0.3429720532345614,-1.9103512648692142,0.11618288638692055,0.03498852591702369,-0.961738262787495,0.019951152094410455
0.00631502841909332,-0.26010896244921844,-1.1315314473895621,0.11768376850578943,-1.398959921733269,-0.7445587673357266,-1.8044274076143294,0.11596069512589428,0.10067155945907612,-0.7326349734005498,0.0543980404482897
-1.4031829565203142,-0.3900888155011447,-1.3302132582659025,0.1175990154921193,-1.44745120253365,-0.6724181166409061,-1.8551644503085942,0.11601607603028234,-0.5273596524305694,-1.022300787064602,0.0905730842689469
0.5877576049338902,-0.5619207545544133,-1.3678826995873263,0.11762300977566194,-0.8528543422091587,-0.6086746347899927,-1.3060472432148318,0.11600753409785032,-0.8446623928219197,-0.8409447349950929,0.10259437624399152
0.10213802030137693,-0.551552060754258,-1.0959716932344954,0.11770776278933208,-0.8768050956905922,-0.5687637350654673,-1.2693091097132085,0.11618288638692055,-0.651858907852654,-0.3778706561549362,0.00495359237102572
0.47156700901754856,-0.4733080894539379,-0.6644619881939315,0.11779674487175691,-0.5893421544974009,-0.3500569965617459,-0.9391063528936003,0.11618288638692055,-0.3552523742522822,-0.10290616154886345,0.35985204574440854
0.32565029818427055,-0.46120270296039023,-0.4878235503735917,0.11773680529963015,-0.4658408164584992,-0.39177424715534676,-0.7922074326789873,0.11606522477476833,-0.3738632229991846,0.11449417299002256,-0.29963734580893614
-0.18446154334085987,-0.40721861022199995,-0.2215339189092626,0.11771199073436715,-0.48534879048056206,-0.3674501386256901,-0.7649133967043715,0.11613407397378682,-0.3808748372929862,0.530910019961689,-0.41058138961578144
-0.21809353472356333,-0.432248686868469,-0.4513404824701367,0.11777193030649391,-0.1700332719221099,-0.5279589633321321,-0.45149180794020205,0.11618288638692055,-0.607601424441855,0.38084974028537016,-0.33398670959992405
1.1449751019449397,-0.8285517383274126,-0.6210542182341336,0.11752958919470773,0.15205226929125534,-0.46068026633998593,-0.12719923886969187,0.11565833954380582,-0.7676518525002776,0.7602019926310891,-0.36394140435741207
0.5077233018923678,-0.7172821173257247,-0.5616953885960216,0.11744508701243646,0.2638389478176025,-0.814377416457443,0.008417577968563569,0.11601636240041786,-0.4455134223878219,0.7358271945353058,-0.15636062489762664
0.737123086538147,-0.6937569740152995,-0.5969460245838325,0.115283666316822,0.720561264333452,-0.9778513156428907,0.3763001467356776,0.11140970018885155,-0.6163487014759833,0.8431290071760185,-0.23959000704178737
0.381051467208624,-0.6965163513300164,-0.580690073673325,0.11210328029107901,0.6918893943953032,-0.8296202051084507,0.3427338026077906,0.10976412769735329,-0.6383905100239811,0.9563396063704829,-0.31351160447891496
1.6420477106093825,-0.7045411256251755,-0.5660746617409514,0.10081442424434205,1.0612763417102231,-0.7678042705182248,0.7109398843856114,0.08922329112412948,-0.7476898067237254,1.5706000327839225,-0.3151210124209291
-0.956803356466072,-0.6986714283527773,-0.7572031729855613,0.10446798688144703,0.7894230115325389,-0.6636854198013674,0.49625674171219925,0.11698120294481984,-0.89537036011681,1.0679821380063628,-0.4319377529631242
1.3844308097317803,-0.7117962878493018,-0.5707866121416842,-0.011400708461689002,1.0187392574997236,-0.6373533621467032,0.7309368853858317,-0.1383256771030612,-0.925248535609389,1.3564306084802211,-0.5098917131560673
1.0639120561328717,-0.41115751228284125,-0.18610420940433986,-0.14285856797859067,1.304971880593694,-0.21602240493297295,1.0421370827447258,-0.14117977314621383,-0.3354339733111938,1.6065048841352585,-0.11191570026723507
-0.41724090179664536,-0.31312874215078373,-0.13584289518173304,-0.19298732407134647,1.266842563474914,-0.286296640095839,0.9775046583724527,-0.2369618526948647,-0.08281286148962748,1.3742856391046474,-0.20933414834915326
-0.04417111824578978,-0.7672726382430379,-0.14466412962651282,-0.49845784081434613,1.0166357223924034,-0.4173731384988401,0.7800992119394882,-0.741440861041537,-0.21234869811037338,0.6672985394571361,-0.5868956931508986
0.22351616962623322,-1.1028664836209259,-0.4838494630923809,-1.0184055553697449,0.9261650213402906,-0.7177432390381654,0.6495466644141594,-1.2582159941331736,-1.0541525740859146,0.8415319198317477,-0.9541965254139054
0.638578625104496,-0.7587703383217325,-0.16693634191120965,-1.3244776233050581,0.9001603864982891,-0.42904633891361493,0.711064812020415,-1.342664301705496,-0.35878216461225115,0.65085043934001,-0.6785016604408759
1.4787598147343413,-0.8208275890492078,-0.4253926281553042,-1.4608163882294705,1.1140127218965472,-0.6204344031369429,1.043283494524295,-1.526054125605586,-0.5547322697464878,0.6957214142233163,-0.8302458378307825
0.07344506477357327,-0.7043297181394664,-0.31955424322826337,-1.4868245281734171,0.7897750848303121,-0.775263934895501,0.6434471828909221,-1.3933206124612207,-0.39455905554105314,0.9170171850516684,-0.7467142811342433
0.15035644533140585,-0.8472685206967853,-0.7457495426633906,-1.129919334006406,1.0197477210981316,-0.9419794090352713,0.6960206791797146,-0.8242654799290966,-0.49193524584219833,1.0606139573514206,-1.3534282302135396
0.6516197641013209,-0.9092049302157151,-0.9402620630412801,-0.9871420486162291,0.847939976894561,-1.0392807089264982,0.5245531100186095,-1.112918654976235,-0.47198793199885275,1.2863009790211157,-1.3836456854513568
0.4836753067863021,-0.975622928044796,-1.5930352427154535,-1.213323950012555,0.658751849861828,-1.0008260673719958,0.4478957425661313,-1.26884412161962,-1.1468886026699194,1.1977951249852363,-1.4630448282861088
0.16923098656349259,-0.9552534322570988,-1.3160357418796158,-1.3276168209340211,0.7534035787966948,-0.8578172267698857,0.5688117824206786,-1.33699469430115,-1.2097075689100225,0.6870859815611684,-1.4882041442775953
-1.921612709287256,-1.0501120795300116,-1.242687233457191,-1.594722629508783,0.38712336759212207,-1.0334087637492777,0.1355586623290967,-1.793178828210685,-1.109221931438661,0.05777041756288541,-1.5457390886059075
-0.9457624500471192,-1.0726842628860498,-0.9734854873710296,-1.856780750541392,0.18629921554166204,-1.0295417471597992,-0.13838177978047164,-1.8518710836552292,-0.6618430007894265,-0.35210890445154325,-1.560322295264158
0.1420722182463622,-1.1514922643211654,-1.3571702522998692,-2.1279921751722015,0.08474420774818651,-1.1024556782321675,-0.3092125310859476,-2.3258835165732847,-1.3990350024841025,-0.4988926396486405,-2.051709658909894
-1.6874056754985334,-1.3083216032474454,-1.0972903657291142,-2.476848190700736,-0.5406216279333264,-1.0898789348863582,-1.078328976458892,-2.5366625890273746,-1.196390739083731,-1.0539165465672125,-2.0024420688482363
-3.05106651295364,-1.2522605847112314,-1.2090062160381534,-2.3299786054482836,-1.2441369191702578,-1.0597970272440356,-1.7333630037698184,-2.0374647825750825,-1.2574741198288335,-2.063354840874875,-1.8525523740791119
-1.7004962411912592,-1.339698694569224,-0.9337746863584575,-1.849350517230853,-1.6303681396307887,-1.146624348494526,-2.0285115737964734,-1.592923706126652,-1.3147894156803492,-1.9814837172909623,-1.5594156873889211
0.6819911221245617,-1.2955747167643954,-0.9237911379538797,-1.5183541989040477,-1.6302266677101769,-1.6422927705365444,-2.030303259211106,-1.3872435810849695,-1.3151191110477438,-1.4098359770838864,-1.867305280214242
1.0562598376223307,-1.0810440414057625,-0.6013556268392037,-1.7211525944284893,-1.4947226841037373,-1.424203594225081,-2.018201266744117,-1.991498770347829,-0.9698063574611577,-1.2480172237830471,-1.521406373292123
0.06600650836320968,-1.1078291409294456,-0.5988036544272936,-2.081757354037041,-1.4936530283002334,-1.2245875011020426,-1.9993089543397629,-2.0960761933764473,-0.8803914565455756,-0.8133351930848061,-1.489980219844793
-0.6022886611768901,-0.9654680858059532,-0.37147335777837254,-2.1563440756035788,-1.248273588924117,-0.808885856722172,-1.7145746069707342,-2.138135965769959,-0.4570100089944875,-0.045685453126791155,-0.872952921912589
-0.9727957359776495,-0.7721640686079546,0.07076806296188476,-1.6289534292674386,-1.2587099371022672,-0.8464419932600122,-1.694186805884399,-1.0596538603387984,-0.029911054091230762,0.12199744456582509,-0.5476554472654821
0.30028896999517996,-0.6636366639175704,0.3502386290927696,-1.053152952305431,-1.2356134771099518,-0.5627106825598167,-1.584737300023665,-1.0069138391602814,0.2008438719290332,-0.05011766429539368,-0.3171235504662044
1.2474130618016281,-0.8223866276267958,0.014158343611447063,-1.099716192058256,-0.6321162816703519,-0.821779693969215,-0.9643446857348442,-1.1519057737993552,0.015745099514094654,0.16943262977996593,-0.48903459472134947
-0.4737241670667702,-0.8362390709830329,-0.04678262793309899,-0.8120930157466937,-0.08597469732008786,-0.6303988871450168,-0.36128668831125055,-0.4428090389354829,0.00886921669259815,-0.11271525248012612,-0.3708479625211324
-0.4774512506461659,-1.0851524537342825,0.15324566266616538,-0.2517812701578799,0.13792887004448645,-0.46099892255455344,-0.10452249487781676,-0.051662821492637505,0.3429093985071643,-0.09666696452926557,0.0004982863036038553
1.466151835141497,-1.137383140194306,-0.08822404316890953,0.0006385206070044688,0.3304893340295814,-0.5161979356065393,0.12526146967427693,0.053253507406735116,0.3957479423534623,0.6602409654402314,0.04326255447712297
0.6192919298198117,-1.1107947988890847,-0.5654158936082015,0.1007237776891504,0.2717756656928329,-0.6520769258232956,0.016258314083017218,0.14538598596489682,0.05301775316595608,0.7675784570585082,-0.008172809547248003
-0.8106946322346686,-0.8326659856546365,-0.6544646902193025,0.33454079982252677,0.06837575320201186,-0.49236123775641505,-0.1799683419214617,0.5122674145017055,-0.03522173318900066,0.031794922567872724,0.07204998633161154
1.3038387645145098,-1.0852916446978027,-0.7831875927905867,0.33125842931303917,0.49332767475980177,-0.48240661857286865,0.2413546440610219,0.13894967189071192,-0.338750098392121,0.8035218639804418,0.15435970679462144
0.7854265397510732,-0.9207831092231952,-1.1498818562766377,0.1325112903566484,0.8784945891990835,-0.36306452141777523,0.6614990143053913,0.12229238611211805,-0.6556771168062826,1.3220527760079657,0.23377906197401396
-1.187642248324865,-0.7979367269670398,-1.082296110176951,0.12173482528770323,0.5624042677354183,-0.1525860854238574,0.34905892661832727,0.11781782379399967,-0.3771318299537198,0.37052471492314065,0.1771794438939493
0.32024128644523103,-0.5898934686298497,-0.5119549793210468,0.11881936778769502,0.3536610789636374,-0.09843306803476039,0.15683585869672778,0.11655989986964792,-0.16704921020244842,0.3064346164461455,0.13386944241513182
-0.022575095531716535,-0.5592186422870842,-0.567543959311964,0.11789897182871302,0.4574868035956958,-0.04540498007629454,0.2837976410700251,0.11600753409785032,-0.16960480684513476,0.5726646083432393,-0.009466399604251524
0.07972481225805333,-0.452945370743932,-0.5355039790397491,0.11770776278933208,0.6094331588258534,0.07568331226308003,0.48803714193292713,0.11618288638692055,-0.30593033072037634,0.2317752927474615,-0.22118565662921608
-1.1082240013814857,-0.4114211473160765,-0.11609079852956254,0.11779674487175691,0.04342194519415526,-0.010070065448157013,-0.0916687053811265,0.11618288638692055,-0.16144745582825032,-0.5237580857268296,-0.24610747757117485
-0.748142431768324,-0.3553001167264303,0.05695060710744214,0.11779674487175691,-0.25175980438772666,-0.1106343326875235,-0.3547612810554228,0.11618288638692055,0.010214627327719201,-0.3293216190260465,-0.10581864650637383
-1.3522301756074906,-0.1736809354848602,0.34587435822185286,0.11773680529963015,-0.3710354735383843,-0.056949606171702596,-0.45482887161264574,0.11606522477476833,0.3674160439350456,-0.9477669143938361,0.09006929157877797
0.6260627727704972,-0.14251073260259514,0.1599766760957871,0.11773680529963015,-0.5227401676304447,-0.34585642971691005,-0.5583598472126797,0.11618288638692055,0.4591402910432053,-0.7580688306596801,-0.23943235075359015
-0.9363174528430022,0.4181635715453225,1.3631589036657124,0.11752958919470773,-0.8998789807322094,0.2625113960215167,-0.8166566513096434,0.11565833954380582,1.240563017382298,-1.182174337089171,0.26027239271178554
-0.07471590986560495,0.3945065563485528,1.0426161325663246,0.11738903221887642,-0.6606846933349338,0.47516712315233806,-0.6172140164652027,0.11590589818002368,0.8216237986118073,-0.740193747541415,0.4548465283952932
-0.1523033401883605,0.42707507387466437,0.8000942767583785,0.11519588819826236,-0.7530903788883367,0.465834213309034,-0.6872840445292827,0.11134718470816136,0.7277342461562241,-0.4898299645356106,0.3198533316263505
-1.3039190621093022,0.502197487437745,0.9998944356844062,0.15121658293175647,-1.0135526344556798,0.3856399351366753,-0.9807572271562253,0.18670899244888658,0.8332947934342111,-0.3864166554746577,0.3187365995849529
-0.9071411231102807,0.4167642131486371,0.9211291237944377,0.16960087432548776,-1.2557717972079423,0.5514690779296797,-1.2367928898258838,0.1475053116342192,0.9110571137537888,-0.9268761382355072,0.3047900817828837
-0.3731586118647535,0.4683777610253134,1.0945317783799395,0.12002701959815869,-1.1265620876366873,0.7986368534233332,-1.0844448495996128,0.08927002590807835,0.8841794013795885,-0.9480107617567584,0.38276425432046757
0.7413512436724463,0.18378333057920118,0.8935782716888957,-0.03401994071004954,-0.8208913027279708,0.5145572499789841,-0.740210430751054,-0.15512933712407473,0.4170256261834209,-0.6896422996911329,0.15667907334213957
0.8366403214238066,-0.18046496273154564,0.15931695824873818,-0.2470695607638493,-0.35593114660304304,0.2946637031591236,-0.3127769513550133,-0.3293111136910763,-0.04117272136154131,-0.5187868489077108,-0.06605085842583551
0.19804891199163321,-0.3315329195472981,0.25605005160613925,-0.34125002141179284,-0.4788005628684088,0.17649948293081613,-0.3950621663993984,-0.34040517365345146,-0.2983171042604083,-0.15921614549959293,-0.14179156688062428
-1.1963360446085882,-0.28008072583442856,-1.1606556310799232,-0.635020273278626,-0.5138859680792442,-0.15246248504299895,-0.6112859799585036,-0.9066098731579589,-1.3678733176834086,-0.12404805081038525,-0.40310686456765793
-2.8911345452650856,-0.29585760809433,-1.099786198990682,-0.787131425711158,-1.0922874134524168,-0.265539158225564,-1.1604542790873165,-0.6392614930328159,-1.4103374604610448,-0.694146673716237,-0.3991993130399983
-1.788549028534387,-0.36010215418597896,-1.0299527574337612,-0.47479662849355136,-1.4466402675740833,-0.21102500570226623,-1.4057666957470012,-0.2933595116146856,-1.2846353954976708,-1.5317949461588691,-0.2866995082225393
-0.22782410662436275,-0.3327254801105383,-1.239630302885494,-0.4448016407893845,-1.2699670788956796,-0.3545231488770548,-1.2669181451706455,-0.5804437491286354,-1.4997154416271024,-1.9380359373309226,-0.31803369550175375
-0.8906703304115852,-0.23106285596048248,-1.2366743898853398,-0.8477035102668135,-1.2465245637255866,-0.4072446924495812,-1.2168876799725368,-1.0843239455831915,-1.6112688114241456,-2.1223401585703408,-0.7641615770280783
-1.9337046516962975,-0.2981950400278724,-1.5077626737299274,-1.269582618720332,-1.5159421389449723,-0.40112624637532507,-1.5488233633996842,-1.4088573625111038,-1.6957270161473097,-2.3078496198164036,-0.9503273773410633
-0.5293506256799053,-0.3335612509559503,-1.325094233351273,-1.536574237235141,-1.7478170430063533,-0.6589710392128805,-1.833671174619715,-1.6087557543179283,-1.4028178885061906,-1.6293785562874057,-0.9897414493903895
-1.1126406368152717,-0.384565108202066,-0.8707629982806354,-1.9556211314375298,-2.14632842085977,-0.6310339203076097,-2.0913366285968538,-2.232008941067031,-1.3767841444596192,-1.3923032335081373,-1.0485275378519598
-0.9295765933379595,-0.518181338730406,-0.7655690553803812,-1.9548739236336956,-2.360868364899784,-1.3179679568805762,-2.3345634371508384,-1.6070238829328787,-1.1602612348305454,-1.4952354139721113,-1.010735506460048
0.5182016827500662,-0.4228929987258087,-0.3640747499298125,-1.432775908813668,-2.066610058734684,-1.1139804209145925,-1.7781153294508925,-1.206604844673037,-0.7164380078812959,-1.2066749138179707,-1.0087092189098197
-0.8645009415073521,-0.43914213340266867,-0.39966488195685057,-1.1429930539348285,-1.655055299434293,-1.1172090258758671,-1.3613744023913907,-1.0383874027393665,-0.7156977865113638,-1.0408678658804726,-0.8440897779838004
0.0566543085176109,-0.24943108257458296,-0.004475514180340579,-1.5142047955528408,-1.27203259162308,-0.8558790888897213,-0.9494320002334169,-1.9351252537947328,-0.25104381380613755,-0.9272324355818646,-0.41686650239990375
-0.5539669630576552,-0.25067637959657235,0.10009167862503279,-1.562562888117669,-1.2797849946942004,-0.837022155934031,-0.8604621343495927,-1.1328825695542253,0.07701020719086271,-0.7061797475294325,-0.21508161276583337
-1.3204192484975588,-0.20130294438367066,0.2370298349943727,-0.8674570123879525,-1.3458074175546015,-0.9317205665712316,-0.8646512085736011,-0.569823403206891,0.03709460573309506,-0.6683348611333636,-0.032331698697123566
-1.0427597904108046,-0.41940972214998334,0.1970738127706264,-0.7526308874536776,-1.1605806175398614,-0.7975523116072601,-0.5738661414570015,-0.9071443298723834,-0.12422964196244718,-1.0331746821888872,-0.13103767313265308
-0.9934370870449623,-0.369892086868655,0.2943031470757516,-0.5199234090744423,-1.3116755872528028,-0.5348030110329111,-0.6478218910972373,-0.11266203841498629,0.10885232358958553,-1.0814785491308443,-0.3354379559451248
0.5516276867004453,-0.8573408125913384,0.4393190905169785,-0.17531787145406294,-0.9779144421867609,-0.3764390680645746,-0.44411087711516256,-0.23054753141729048,0.23118978834703963,-0.8718286887612438,-0.23206697236652624
0.2357030268957798,-0.8540561449364783,0.4868218555461924,-0.6391874109629783,-0.7442813134903056,-0.24273877900562502,-0.21980444922745057,-1.0241835427149686,0.19596199825564864,-0.7472630141570782,-0.25266739402430755
-0.11318944861593119,-0.87731026733851,0.1410770853115084,-1.3349275177487716,-0.8418851882890375,-0.27497548931504295,-0.5177157536795441,-1.5964336758244861,-0.04858874186865944,-0.5210089099890953,-0.25976192699318623
0.936912466407101,-0.9998641326522804,0.06265858167346824,-1.560566274886206,-0.4555365079366692,-0.4213062986926957,-0.17870827082707316,-1.4670079074369096,-0.1453530996945398,0.057081514923249144,-0.3247698804437738
0.06266513895077555,-1.1693189637834709,-0.6639588698508472,-1.3663732341109975,-0.44571118595328296,-0.5260490339510568,-0.3279013161634031,-1.215965929684619,-0.75453780530826,0.4458488736884304,-0.3533516516915436
-0.10546485212449476,-1.247637761279955,-0.38753539340313303,-1.009297504350176,-0.38420977251941413,-0.5170839571991789,-0.28970623566966053,-0.7667779083532306,-0.9989423018643957,0.14570147143827933,-0.531871122026959
0.5603277526957942,-1.074229669515015,-0.47723086600449516,-0.6492320574473104,-0.026269724742062944,-0.493093154044194,-0.016095908567021748,-0.5089847485351686,-0.9817036905873634,0.34077277701407505,-0.7316246710246408
0.5539373859261129,-1.0125254364608478,-0.6901798724244734,-0.3088768177443658,0.3026353934918988,-0.5746606140492245,0.20497298758764904,-0.09791469970543164,-0.9670218203815235,0.605205033015145,-0.7923880321006858
-0.7886679716381344,-1.0339654435071917,-0.9852525264188208,0.0988136190320098,0.3886597125081789,-0.6738359229869334,0.25993691598662216,0.29219391575165327,-1.1602671268851066,0.10075242968408497,-1.0157344403802016
-0.9196162396888613,-0.9761236800777161,-1.3750391457545068,0.2462520385474571,0.08830187354160354,-0.7845164441110908,-0.012872195617381291,0.19215328346234817,-1.2273143635919757,-0.20943579591144684,-1.1826378762506178
0.1700467425638858,-0.9758244232983789,-1.4853501585570492,0.15513529694690012,0.07169833520866156,-1.0224207040471476,-0.03966378421493428,0.11348080929696203,-1.244791023701956,-0.08097476233510018,-1.2267816369458635
0.7078473377069062,-0.9854026259175165,-1.314168632639427,0.11547600286189301,0.2652547134317166,-0.9647527122255989,0.26361101288452204,0.114326477164214,-1.1598204073840161,-0.07761655253381214,-1.0685669827278592
0.9235909108524019,-0.8894761140589762,-1.0426591955640763,0.11685257378622234,0.2650686687157298,-1.2085199144735082,0.3454050807556441,0.11618288638692055,-0.9496907173466277,-0.0224179612878541,-1.109064941758542
0.4853797357687432,-0.7960117524808027,-0.503707084372758,0.11768376850578943,0.36227612335056536,-1.1304241399459503,0.47239422687550636,0.11596069512589428,-0.6525192582431906,0.2649019093598791,-0.7935300295728842
1.2579793955366976,-0.8037604565944076,-0.8157581620159122,0.1181984126071529,0.6677842467631877,-1.2106378568915483,0.7979368664336313,0.11719478109921215,-0.6655624111841454,0.9473657206349417,-0.7530194378268008
1.36086361484928,-0.6599493789440225,-0.6825198547932898,0.11822240689069553,0.8599858282830223,-1.022878575281299,0.9267119977551901,0.11600753409785032,-0.4927277459742846,1.3655691570496098,-0.5771669863667233
-0.1140779806123878,-0.5903627041205844,-0.36381309540339735,0.11770776278933208,0.7313626194530187,-0.9772865170371026,0.8071954242811002,0.11618288638692055,-0.21892794884133335,1.122845554042271,-0.3527948015966929
-1.3856302947378538,-0.6317733900763883,-0.18786501881584447,0.11779674487175691,0.5980812161293324,-1.1006287201099947,0.6317253905484872,0.11618288638692055,-0.01403115605345356,0.42987469415934754,-0.28115214601780214
-0.9018534569871363,-0.4882595936656768,0.4436605326306461,0.11773680529963015,0.6066649582137384,-0.7390552996791687,0.6565156628816108,0.11606522477476833,0.6719895233215573,0.005765492460969834,0.06809594641127852
-1.1435942216167436,-0.4773009229888326,0.4803779143074438,0.11771199073436715,0.34748574162298096,-0.6941173945462014,0.370295194750838,0.11613407397378682,0.6824349421612366,-0.7367997782876022,0.08938611432992292
0.17338217827958688,-0.8054703826515687,0.20047718218622318,0.11777193030649391,0.21064171310963054,-0.6897134006163455,0.1378110042697493,0.11618288638692055,0.4731174089174406,-1.0504942334312262,0.16598079434578047
0.05282410547706381,-0.322283666506746,0.6837809540733696,0.11752958919470773,0.0013343250084902366,0.1776764677788498,-0.09180343356830206,0.11565833954380582,1.5999585249018244,-1.098044556617705,0.997354954106237
0.38577693134063434,-0.3579843743650844,0.44668614621674385,0.11853230355346568,-0.02127093551365502,0.13961900337281957,-0.07075089793691622,0.11815888260211697,1.3932539055876545,-0.48715328507141287,0.9677287099491603
0.4604209586253393,0.0036432452938499923,1.177789390874022,0.11039491576612225,-0.1774509827488033,0.5571665759227546,-0.2214956906345357,0.09967944456136797,1.5927933517086226,0.08024593099594654,1.5844275572809532
0.20173951570911205,0.006425100915631623,1.056231662252105,0.10612731319935002,-0.43465560343969184,0.740155845365777,-0.43582872213801793,0.10976412769735329,1.412272085136334,0.5559260909216142,1.534351473433668
-0.002609921513088699,-0.09203703611613528,0.9939510690555654,0.10081442424434205,-0.4398065034881835,0.8152369649815802,-0.30983421846658327,0.08922329112412948,1.1854845757876151,0.4893302157446455,1.3976174884825467
0.6935923077411846,0.08241663514951114,1.4341345370525,0.08660406635386038,-0.017318480901466746,1.118771784070722,0.18793149699714515,0.0818527729554527,1.2869037990437404,0.763093202488353,1.5178107011969675
1.480034802137026,-0.07773641845215995,0.647376488930866,-0.03723879683129653,0.47664243023441966,0.8935560954124558,0.6803305988835293,-0.15402060074600554,0.1725068550118734,0.9096032663320706,1.2151308402027818
-1.0483343410096102,-0.31473895684602365,-0.02662239349817059,-0.24752293056009175,0.4812244064651285,0.4510466576689375,0.8161317075339445,-0.3313105883841537,-0.34674268811594494,0.41913650156327564,0.7380487634764875
0.6016172672305219,-0.16974039750650968,0.16503918249399935,-0.34534305200355336,0.5900253611453689,0.41041567942006174,1.0826547890013274,-0.34646573268357694,-0.028851863951739665,0.5049019263779541,0.7095392513608083
1.003958964240706,-0.13855235140494646,-0.39084347222283283,-0.6053710828507951,0.8278926512220042,0.3403058327950009,1.3544291374538433,-0.8421545730032302,-1.0604240132842542,0.8479629847777366,0.8651909802783737
1.477029043877996,-0.3251587234712845,-0.6466836052480962,-1.1088017359736408,1.0272167895855107,0.14898299637400528,1.4705823291953366,-1.3352257181167628,-1.5228923038984674,0.9704329503674497,0.38588849327519814
1.1930502609670868,0.2497999343086093,-0.5512317315061268,-1.4772714242458242,1.2053950959890234,0.6359290269490735,1.624997183048956,-1.5657578983754752,-0.9079647144203586,1.1490288554376478,0.8465667363997323
1.0757198937190824,0.21903216432363637,-0.925446928668558,-1.728989916486248,1.3934049795229633,0.41071311257153387,1.7776377669363792,-1.829717137905419,-1.002710570211188,1.7031237382806907,0.6984355156143479
0.737286819380694,0.28803909765492536,-0.8938842009649284,-1.6961680726302755,1.5282320171349788,0.4718957971050571,1.9328746191018995,-1.501295776011901,-0.8725957570304005,1.5435389518381757,-0.11115580032684783
1.033999258193209,0.2897221250276605,-1.2022210724236533,-1.6254254392947634,1.6244233331589686,0.0783404578919384,2.090840974420124,-1.6905843020771263,-1.1658865575777404,1.5313838114647587,-0.15424851910077803
2.2499275833154058,0.21809298614105418,-0.9208477849039702,-1.8554915223749244,1.7909985370170365,0.034338275844523584,2.3129715493428593,-1.953228167208964,-0.8462828532775564,1.9429013363750094,-0.8538482979763206
2.2327281308629017,0.18290802350440113,-0.2470268102445598,-2.1588655773411416,2.491946467478001,0.14534624780533736,2.929881687966607,-2.286290118381727,-0.25631745355789864,2.162158417669361,-0.825449953756165
0.20986545307268545,0.15148647097546672,-0.10072542093337544,-2.3776642672346244,2.435834328208398,-0.44052421295184846,2.729662067351593,-2.3832112786408373,-0.24628899295127665,2.184523376080949,-0.6008655393674074
0.5800633972751248,0.16087868457681553,-0.22123747154100065,-2.126896447637685,2.2875651754297506,-0.4688480209933509,2.62217116958014,-1.79466862228349,-0.3249252243645139,2.2420582786313332,-1.150475067059238
1.0301947860568894,0.09212197568740299,0.1556780253669179,-1.7342288492411226,2.234832004161024,-0.8658634064462899,2.6402939604061637,-1.6126058862861912,0.23929699532102786,2.269466210466034,-0.8816710956828331
1.7169169960597466,0.028186648473505816,-0.6441640729969812,-1.5114256005214515,2.2907853795570157,-0.9128959184983115,2.6921803348461353,-1.357082808041242,-0.5850560121934836,2.0773932949526777,-0.5303199087938895
1.7699235255592862,0.04459300502294839,-0.250279641602652,-1.341305038909409,2.460012366470456,-0.8661484762836025,2.9045591058673055,-1.2785339430058638,-0.5268498896849272,1.9931322559314477,-0.5951712165735117
2.2457665324647706,-0.25169957424615164,-0.3335282055407308,-1.4677513073917796,2.8257121474798357,-1.1026878425257496,3.1082728708480714,-1.6054263911191538,-0.5475747531584642,2.3551436083460446,-0.7028438924002632
1.113293105062769,-0.273284760766947,-0.42768444327146254,-1.5859209055392973,2.820507789029907,-0.8907615779470023,3.0141753807439335,-1.5104419880356736,-0.5578539069389233,2.5241746795276123,-0.49753489625998754
-1.771852570497576,-0.11155293989874632,-0.2597859740752197,-1.565955324928849,1.993993867322563,-0.39708844430362805,2.1435477487333814,-1.566634880706226,-0.10431029537398306,1.56037685747904,-0.8660160452319076
-0.7379290950278947,-0.6349090285867871,-0.21075162152314714,-0.8236080171280454,1.3807239010282453,-0.38355523000706343,1.5230488049316135,-0.05331453643032957,-0.12770228495161862,0.7246249752031781,-0.6390566803478698
0.7397731740420206,-0.7124068850464221,-0.43688927994488835,-0.13026297979387993,1.475322127891944,-0.553277623772504,1.6503056751163299,-0.2049539545507961,-0.45759186434747595,0.3823489979309029,-0.7681771803814631
2.4920781757754917,-1.1027451853035233,-0.5254862437426089,-0.5962577771154223,1.9366531413988308,-0.44638379435046976,2.0851320261542448,-0.9678507469785207,-0.6786212286169406,0.4697689317190178,-0.8229627405300264
2.4728860948013573,-1.217610993206029,-0.7747817200742596,-1.3844542302547538,2.2296635672439042,-1.1547518511656376,2.285101590035146,-1.7525430177369927,-0.9630669105554307,0.9431015384715057,-0.7795819958449669
-0.20900843722889065,-0.9795976699092154,-0.3900305126417742,-1.5309684848107497,1.8294391349458077,-0.736376693453053,1.8889164477688198,-1.2555413333706273,-0.5597695546446751,1.4509425715622675,-0.5887521970061451
1.2954257300032719,-1.1950566290547473,-0.6083121560380821,-0.8664450300747859,1.7130373240309942,-0.8163389998443519,1.7111167933982139,-0.44701504486909216,-0.5778892628925643,2.1954849776685497,-0.7400921275032378
0.3352788824781706,-1.0790782136024502,-0.7184404729134599,-0.2771925397569646,1.2866435167443397,-0.9123289433406033,1.3517772143736249,-0.09765327061496354,-0.7212123881505257,1.972935069201587,-0.8008554885792829
0.4862673835905107,-0.6204404833244794,-0.48805858783732897,-0.025475508695020646,1.1685280311635384,-0.6770238274753368,1.2408121900583098,0.047923816986228995,-0.3456113472958868,1.396196180740954,-0.7154583324724089
-1.1126530543552566,-0.3896209281771986,-0.046168626637206354,0.08237954275075109,1.2849812798420888,-0.3623008536282803,1.4324155941202208,0.11473737684060159,-0.24307882030332423,0.2790254425323988,-0.45979238511244536
0.48072400810085447,-0.385737780070656,0.03893100395273793,0.08251945308541324,1.534225279064991,-0.38949388874206015,1.6866892194944105,0.04840232752991419,-0.12191307064486669,0.471076326805295,-0.414253972636993
0.09455902295589909,-0.13653179978736704,0.26868329656429313,0.08187855067752513,1.390834168156445,-0.27093933024097777,1.5327682074818,0.11348080929696203,0.11323901870278306,0.08096988904031607,-0.3796352793536682
-1.167101120663391,-0.5899095480714428,0.4081480957376078,0.11547600286189301,0.6035893526053228,-0.27523287286431936,0.6487558039528238,0.114326477164214,0.309498833676902,-0.29428693167477527,-0.30021592417427556
-0.6750986604697137,-0.4609665531820678,0.6095412290098694,0.11673959742025485,-0.07740095285287184,-0.24308538259906098,0.022789707494388994,0.11596069512589428,0.49739378286844854,-0.7044661076147637,-0.38716437773232143
-0.5873711619539735,-0.5135456678516565,0.11424109821976906,0.1176877175833682,-0.14785872223076305,-0.29422342395329953,-0.031942711165713185,0.11619087655553352,0.09623024685800759,-0.4350910600053017,-0.42035810071847857
0.8502554738585629,-0.485743560857402,0.23042369290727086,0.11771171186691083,-0.23812207206604338,-0.2858537395774736,-0.06549714077640206,0.11600753409785032,0.14453732167511343,-0.1970003219129029,-0.294167380040552
0.304058142292963,-0.4301377147595515,0.32981163192301616,0.11770776278933208,-0.23431177636470019,-0.2367882238869268,-0.056652467086283124,0.11618288638692055,0.3169189213821825,-0.16394054590125756,-0.12580360226984635
-0.5986582616119022,-0.3156518593319268,0.44474966018012535,0.11779674487175691,-0.4897352017151415,-0.15238455156488176,-0.3065877670210623,0.11618288638692055,0.18265351949867648,-0.11333991728063927,-0.013433072239984939
-0.4596003845407998,-0.44361421132104417,-0.174110576972677,0.11779674487175691,-0.345695360254632,-0.23757802764709557,-0.30139668101387773,0.11618288638692055,-0.3498508179494193,0.03626879912059958,-0.2460013627618112
-1.7552889754498642,-0.28446275059097015,-0.1790714546209065,0.11787125767388047,-0.8306647498581408,0.02844001133331114,-0.7406192786308767,0.11632923719408368,-0.05080569847787117,-0.44096809793428876,0.04526862968271044
0.7411682086758227,-0.3206365134577863,-0.3699732752297314,0.11787125767388047,-0.7253667946231604,0.10573230270378534,-0.634622961462661,0.11618288638692055,0.054322205317444916,-0.7237463631395409,0.12186330969856786
-0.6248516647905396,-0.40381576854788453,-0.5989955212110848,0.12073545734075086,-0.6318919152877572,0.09347121177549167,-0.5459742776538352,0.1219529017032938,-0.10945925178660011,-1.1130786626438842,-0.03309968357536674
0.9149236658933655,-0.3867119257139518,-0.6594477384644997,0.12059490036491956,-0.2847373736338255,-0.1320693295819184,-0.201198186540392,0.11590589818002368,-0.13169927144230556,-0.5480939796594814,-0.2222215392920508
-0.5048908707453925,-0.3486986164631443,-0.49654793269327835,0.11560383513721433,-0.28821925597148446,-0.03830877996922632,-0.1897254967731289,0.11214612411023411,0.014620436615752085,-0.7149319564474995,-0.2481034466044418
-0.5750284966163017,-0.33284845670519886,-0.6002683481317719,0.14000674132987515,-0.6239859660873772,0.04364445037706399,-0.47132780287763953,0.1637907574519564,0.0963721337722498,-0.33543685893483444,-0.30052416243004587
0.15527427312932454,-0.38597788696610313,-0.4807608313703516,0.14170675848293846,-0.6708939834456366,-0.09339055478358042,-0.4710904152529036,0.1154837768175332,0.04238269924692445,-0.42029776354015713,-0.3123029062694022
-0.8979561747602878,-0.4435372808844264,-0.786796040237587,0.10615598522248726,-0.7431300746948694,-0.45915995811090615,-0.5447476693607441,0.09399313886947007,-0.2000414201588888,-0.48469441029422733,-0.41208619867428004
-1.3819143320773715,-0.4442654887911753,-0.9157999035314374,0.09774289980897648,-0.9441244996813167,-0.6476905639833395,-0.6925046820974881,0.09896782023385413,-0.16613104652343105,-1.238462376123921,-0.47197537584461535
0.3518780799578586,-0.6538852242307315,-1.7187939836846353,0.10626754490897783,-0.5267274834844108,-1.1364216927631674,-0.3662465296154318,0.11087227175771643,-1.0002279856653966,-1.0762757912401002,-0.8088747363154726
-0.2075246158665213,-0.6550499720088321,-1.8046777958124263,-0.0845210224590038,-0.6869943891750968,-1.2600433826322426,-0.5758104641482911,-0.27599059054678365,-1.3754272559196494,-0.822076751661446,-0.9496486636516498
-1.9349871990728351,-0.9133110567327236,-1.583476894836092,-0.6221279075563398,-0.9711357338791015,-1.3391153789207786,-0.7477628667866212,-0.9456354276458714,-1.4640018352377933,-1.424340355213018,-1.1256981854719739
0.2957857745744289,-0.5322533860209275,-1.2360858839761506,-0.359250856297966,-1.1239043753272158,-0.894015375161268,-0.9670369812844462,0.24000618871607218,-0.5005951391953979,-1.0442997668060656,-0.6969069372525767
0.5370288173245729,-0.6637043292057452,-1.5047453952827725,0.07420667257191545,-0.8939770244399546,-1.171782696618959,-0.763767405081714,-0.09417521598472028,-1.148975150348947,-0.49978269910705436,-1.3416828367428408
-0.035823696944311874,-0.8343461739748822,-1.3989064929668258,-0.26014178718689124,-0.7430626731819335,-1.2146143847343034,-0.6507192083942862,-0.41628942437481414,-1.3362688991486031,-0.4155152848943059,-1.3470037364694998
-0.6820532432953025,-1.019981228706587,-1.4008690634039327,-0.5487828657514423,-0.9378495274517116,-1.293444138072439,-0.8601971882096412,-0.6607005722849694,-1.2063737817177662,-0.743292953428041,-1.1550834816373134
-0.13273385896724008,-1.122679557204943,-1.4612852124473599,-0.7759218147700695,-0.7914542307193277,-1.2864095023864426,-0.6551765460295698,-0.8623024879033223,-1.2043414414317861,-0.2723834665199242,-1.228525035889225
-0.4386723014611747,-1.0212186985019154,-0.929116298157525,-0.7250090753679599,-0.6117992512573627,-1.2391532927121691,-0.47250094936506626,-0.5608196845724451,-0.8831621505734643,-0.5419382623506104,-1.1060786520559844
0.5039202674820709,-0.4611820985240847,0.5969412053581576,-0.4349864684039912,-0.5102010691125475,-0.4662542128922644,-0.38470621457153975,-0.2930285363553156,0.5237134998466169,-0.43120158562893646,-0.1286687863407654
0.9233371771130787,-0.47335468555978527,0.7594781692933805,0.27460504166273275,-0.2894067898332645,-0.3390880626165338,-0.07408899125570735,0.8328161692994976,0.7455576232686849,-0.08551329062658386,-0.14868406062119893
2.02161953712839,-0.49638219926272814,0.6770202946766222,0.49811237536184133,0.5619510376932285,-0.44212234561376457,0.8265277965222538,0.14628062681333034,0.8569235359906298,0.8926437906375382,-0.11919930287660667
0.17406020610065986,-0.3620461343083094,0.435311757237852,0.2188070132407404,0.5743533120424789,-0.32296349393099,0.9402533686475829,0.2842781812669118,0.312790990053908,1.2340157915376602,0.27737195205969817
0.24688460137329626,-0.3796055434211823,0.6462696663732269,-0.05389960935831836,0.48553160572396803,-0.2956526414517847,0.8900799213486293,-0.38893255811610367,0.7904800329043273,1.56057109743749,0.5911483902616171
0.7166375475557712,-0.517534160136097,0.583328811233782,-0.32588503893343407,0.581771744597818,-0.3525828905637159,1.0652591403670244,-0.24977967357073091,0.8581279873780692,1.5090272943090302,0.6751508945882839
2.0510973388286566,-0.5241279713804002,0.41289542058144885,-0.3683843927113119,1.18100070790508,-0.3692136335617786,1.5394850872488255,-0.47264628831030464,0.6122828624356219,1.7760021606698597,0.7408410146704945
-0.3554383218525112,-0.600134600626917,0.5904021128048773,-0.7593780257692772,1.180889799186884,-0.16985541561817122,1.452782913290891,-1.0178397602987543,0.841203918536273,1.039036637497459,0.434028739814522
0.46214841684432967,-0.6071153084279742,0.28857030161996483,-0.755010780506932,1.4086391724413438,0.20697710111194867,1.5824914767413638,-0.46391756317716437,0.5028658263404502,0.9829384338037614,0.7766300869266176
-1.667581306726308,-0.5098288515984288,-0.5452947266429377,-0.36637466255646967,0.9267097236275476,0.3201835656057554,1.1850514668819532,-0.25445292932913766,-0.47845789284270124,0.4025744687926456,0.8568781482362777
0.4986236440001076,-0.5679708746551216,-0.6031208790926719,-0.04692242671016669,0.8601433195242175,0.33131329019473577,1.1052833421476307,0.16302664635604444,-0.5656650781626352,0.4071293721313484,0.6960950103230594
-0.9951174445839562,-0.41513905597109174,-0.18073495075609797,0.13156412092486816,0.2133120522207798,0.1742641016071363,0.41420262954607,0.09613374100147776,-0.1354768310327859,-0.55370958264633,1.041625041955487
-1.5024325042262645,-0.06182588270519632,0.08098421487841403,0.3521317415008806,-0.1677951475175349,0.8436978512168714,0.08342775914486257,0.5962390875872686,0.26414043786952596,-0.9437838268327423,1.6833114003493206
-0.07895664943250567,-0.20726895058825318,-0.2107271872510978,0.7034618055256733,-0.2214933590252606,0.7209350708541842,-0.07703526169918157,0.7857741881955128,0.15888633721219803,-1.2186472966762454,0.6156433096411442
0.12530098963963826,-0.3177630526171038,-0.39729272311264713,0.49504765675137047,-0.30072348685303457,0.4476278639143871,-0.22169565393593435,0.1873010715844153,-0.057763082107008125,-0.6881382629357435,0.39015540344694827
0.2886798647702529,-0.25429209062289726,-0.2682147073213429,0.025972917988685475,-0.6571419917244115,0.4788372825462096,-0.456532337035088,-0.1345922504870839,0.0037491766364551736,-0.7409300053709862,0.48232874809461
-0.6890032304481942,0.3964320683258697,0.13274012386369288,0.006046344595660068,-0.7540341752406436,0.7023247499180587,-0.5155012505784957,0.1482760888690966,0.6202797295293224,-0.7269050394260408,0.5118893021316047
-0.22911599283119968,0.9033558018369651,1.6344980134537177,0.12426369874125244,-0.9086757031140954,0.5483051283314634,-0.42727856463409863,0.09707997796709973,1.028297073360918,-0.38290291748395155,0.787130905276067
-0.9361778047787782,1.2274765442584477,2.341986207314341,0.07473850306596491,-0.7797436926699817,0.892307504390953,-0.2689339246044732,0.050811296868218135,1.4720586829806206,-0.6472554490321787,1.0393304355301536
-1.7985157021959925,0.9972872776029743,2.4982016511040954,0.08310097616941044,-1.3098347079709933,1.0770376990607193,-0.7989325834185059,0.11348080929696203,2.0056725560721715,-1.3847601285408822,1.2112414797852986
-0.4666136007387262,1.3489949335964508,2.295442277195426,0.11552805374107371,-1.1923510611966777,1.0667831950794282,-0.6880779937914938,0.11442905108206043,2.0599735254764973,-1.6924522199571659,1.214821591329779
0.7227778207527756,1.4131419207643516,1.9738617838157229,0.11690462466540302,-0.7082623193235368,1.1196972769786404,-0.25445012274495016,0.11618288638692055,1.3021915929871601,-1.1275777827664044,1.2892156523228828
-0.1540476419572764,1.3699016508867345,2.3027808035658355,0.11768376850578943,-0.7136487868960272,1.172725526390215,-0.21528817668798642,0.11596069512589428,1.4475907693437593,-1.1018905937762493,1.2586293217953735
-0.3974075562345907,1.4216797629186548,2.6170049183433415,0.1175990154921193,-0.8519672379946721,1.2449450738249244,-0.366556516906522,0.11601607603028234,1.749592746027593,-0.9275221450814499,1.2991399135414565
-0.6172063919284898,1.27353040924121,2.697152228276898,0.11762300977566194,-1.072912447187405,1.180791836140088,-0.5995910644241016,0.11600753409785032,1.8234633562805747,-0.4839126802917481,0.9836302667865994
0.3625585338690872,0.6918142448690326,2.1409230092974707,0.11770776278933208,-0.83438083706898,1.1877410481214952,-0.34361056497385395,0.11618288638692055,1.0711543849226899,-0.19294314187457953,0.23322675965670728
0.5067139181788345,0.676755720580693,0.6429414240797553,0.11779674487175691,-0.6973786318334138,1.1670534046548864,-0.3342915867160742,0.11618288638692055,0.7054801836961729,-0.36715998824759094,0.2933079541011292
-0.8554775006138612,0.76846300969197,0.08687824451731752,0.11773680529963015,-0.6641349710662041,1.2670443847000301,-0.3070148945678753,0.11606522477476833,0.24066353341790994,-0.5482363498722088,0.49587000838663375
-0.34792798057852853,0.6033237742345584,-0.0901534028469935,0.11771199073436715,-0.3424086392121009,0.9865802829224548,-0.0024529568965103027,0.11613407397378682,-0.24322126918577763,-0.4563649219123772,0.46874655780468916
0.414961601034906,0.6074404516420677,-0.21829543905419796,0.11777193030649391,-0.13674136663506822,0.5906959022127889,0.15786913436335048,0.11618288638692055,-0.7710400554068835,0.017973495026078333,0.05686950488922874
0.7288317908327124,0.5955081512844734,-0.23444019494642596,0.11752958919470773,-0.1272109348853527,0.7192518828971644,0.18637531657460604,0.11565833954380582,-0.920488020424386,0.23561378544554215,-0.2758509533271676
-1.0355137497494096,0.7447264061352024,-0.05299260596983636,0.11742137152394644,-0.3208896942655072,1.0348235245893609,0.026699116848986553,0.11596962754009747,-0.733104537801514,-0.1619798971439035,-0.2830768665362107
-1.4540776534990887,0.5763427929622803,-0.36004368837929357,0.11193717518300768,-0.5181923403564088,0.9254588944616123,-0.165098654371444,0.10488479184970693,-0.9737354762966349,-0.34866238889249923,-0.47495770729634773
-0.8930993561913289,0.6046489660790155,-0.45750934130865656,0.10897484843003911,-0.5521090551655674,0.49525162513663723,-0.20970064634092253,0.11014711072620771,-0.9761436468466882,-0.4894703615771806,-0.569111861718796
0.8882065296826429,0.5827138468705775,-0.41932549669426555,0.10100876802862592,-0.4330972320819678,-0.1027568964345485,-0.16201058738540752,0.08922329112412948,-1.038858609719844,-0.39674883978072023,-0.6697162806247017
1.4826497006365709,0.5032988849486872,-0.6609320656040036,0.07310014452827647,-0.20649387852022263,-0.6001010910648249,-0.013178517262619767,0.05529680442151868,-1.2173431774951275,-0.2588630562499106,-0.8638502925036584
0.46695547601006454,0.5329506995823039,-0.47662487093499706,-0.040768932166809414,0.09935062853359801,-0.44706958154964416,0.21837664080763597,-0.13440319368768675,-0.7149134360500086,0.31177383788452523,-0.659271046223014
-0.3020680324538759,0.6797973492376661,0.43348242376062773,-0.0005211165287496688,0.15273712900826564,0.024978651871665394,0.3246172851712329,0.13456865200476273,0.11588656136064629,0.8283287838446507,-0.1073830819815624
0.42047308545386775,0.8301839328327447,0.40234398880857836,0.17050048601561554,0.16455940477780262,0.009545544815274812,0.28637405141233435,0.20194698700314614,0.4805717534130798,1.316160531389845,-0.04701386162601093
0.31321366353157637,0.9435525588730429,0.444215895547709,-0.16070915239079261,0.08096362769946922,-0.04972517558173732,0.10349785091771864,-0.5157055442661685,0.3908613592828981,1.1370240835957521,-0.12331394671873046
-1.9064969809528363,1.1167382649370678,0.3337018386214444,-0.5607749154321356,-0.08702329065321254,0.12563141052241836,-0.06178811333034047,-0.5841584494766517,0.633566555094918,0.07427976860653196,0.2529316902288038
-1.1067763486737237,0.8222476295418816,0.7828223178398698,-0.32959037011322345,-0.0073483170976843095,0.1801083897733491,0.1453637079256364,-0.062321784204832566,0.7846034159241854,-0.4292854781581844,0.3682112819610752
0.08086392895696866,1.129307714103541,1.9591907715096493,0.35523311005816677,0.2202709703081819,1.1415146155263232,0.32104336397028677,0.759765206953289,1.9504587454760673,-0.3418259787145572,1.6985019037459208
0.9729893436007515,0.8975008434599673,2.023543913517644,1.2700407654612194,0.24224556650508816,1.2076309844599216,0.4828599725183157,1.733521561818544,2.0581393619869353,-0.18341044166889825,1.8066015653532066
-1.305794654510956,0.8063108763454132,2.2900963975255735,1.7864837583473345,-0.36136301136300764,1.1857731365811304,-0.07680641291248216,1.7738254056614615,2.2504265018759892,-0.7526434923287322,1.6254939042865517
-1.267512558605723,0.7123973679200765,2.0805585065760988,1.9101611932077205,-0.7722212586843741,1.268539825754449,-0.46722162059754035,1.9762106867873932,1.7634878738463542,-0.7519703047385751,1.6535435855616563
-0.8266976232889678,0.6909156486935335,1.24522892478056,2.086247408575139,-0.9344789783413802,1.2732378796104842,-0.47855611267890785,2.1196623601078897,1.0106703511733761,-0.8247680233400629,1.653760868266543
-0.08211425064479848,0.9732041007019935,1.8167488148069086,2.0224074266298966,-1.0366226906784917,1.680558180674879,-0.4229063585242736,1.8506932000837606,1.461744808315817,-0.9806727236361408,2.3046741619888476
-0.8992071873403233,1.0673092506115176,1.8257541365453704,2.1370115862489367,-1.3027075889597368,1.6860759673288055,-0.6325814713974154,2.344353947414144,1.917146960838661,-1.69586230849263,2.7124981344952355
0.38196187737388243,1.4162411770159926,2.281201966966363,2.170827219264844,-0.7859846781967792,2.2634289872969937,-0.07414648566160559,1.9170627080311853,2.2781702823944068,-1.0239592963403652,3.096194125895427
-0.9869640756545615,1.4116842895817876,2.0472735317137007,1.6829831240014095,-0.7246386651997468,2.239497778428669,-0.16671779266671405,1.3866475316686275,2.272419711639898,-0.5339108326926708,2.5211832393850377
0.018107238421141213,1.406284454850631,0.8216938710039401,1.4672092791799607,-0.7608595772121223,2.236767314510274,-0.1009941830106115,1.4933232675068815,1.0628437344189727,-0.14472769092649068,2.4274282787692427
0.11555915958664809,1.5779060970128755,1.0225810004912455,1.5087042044209513,-0.9471451198197205,2.649876208330541,-0.35227799874569937,1.4684932561232875,1.4351334174194916,-0.11473956535857718,2.939738956278394
-0.46692198949943,1.568288339407218,0.9180082923387312,1.5034573878194204,-0.7505040789835491,2.3343790638767943,-0.1161601542321565,1.4841918673486152,1.37642593209757,0.12733274366003505,2.5387938341799487
-0.4117482263286278,1.5589365050739836,0.7223257913425366,1.2152443548082703,-0.5374888745455246,1.690906853182846,0.14664516336815914,0.9031406965145526,1.3054004975658335,-0.159522894149433,2.4174389169573054
-0.44517332589987507,1.8131878990925765,1.0620728669498931,0.968023800954248,-0.4309207673443757,1.9427947876180618,0.03636345926088347,0.9986788969972066,1.7820744614910582,-0.12107151574493746,1.460071106879168
0.3211240993721489,1.9204274168620061,1.2226919921364054,1.2172821404706489,-0.3572024008063674,2.25417749861228,0.00794269474795726,1.3931259041954263,1.2496723748178795,0.03080937826177187,1.7825701824107725
0.7752439447670191,2.116970750377575,1.2687510535176,1.2691191671874733,0.021778847963392814,2.1990801032078453,0.4412742616192449,1.1013883660821258,1.1369849277819,0.33051937245556123,1.7761982407627983
-0.14839608065851478,2.21559088690867,0.9071376150079853,1.1549863136635883,-0.1165136697466576,2.2379095087817564,0.310041166882259,1.1691392505849358,0.7329692758659703,0.40010278053580545,1.8376437684704654
-1.1094224874346035,2.6309171502720647,1.3652539724229997,1.5243328732762145,-0.17915430289299142,1.797264617635918,0.36825240517948277,1.8266486467800418,1.6114719454704898,0.10092301952042675,2.410724376067671
0.22314132466235606,2.7116372590466087,1.3532111497939827,1.5148758411125762,-0.14854651857813755,1.6997183990831857,0.3498496714357555,1.1507805814404806,1.5864612184279725,0.22003872774478556,1.7969260001918157
0.3290201325557672,2.4722387795580136,1.1628718992355571,0.6645476972931007,-0.11721351806080621,1.6453277097802028,0.404349174599916,0.15633350056065723,1.069179788387864,0.10027062312062314,1.5273337473744235
1.902540006425572,1.9070617582936336,0.9615431900458139,0.1210613816940624,0.378294240332328,1.4841495433240801,0.9265027102238673,0.08266500459085231,1.0294466316064617,0.4159352157958975,0.8973654957860243
0.23530675220054423,1.8151542072183944,0.8808214062640684,0.09527964824241908,0.4977684804531109,1.3955392482866162,0.987620455172743,0.10543708184602145,0.9773620532464568,0.4341473771018677,0.8668852800678787
-0.36158835298960407,1.904646739322847,0.7045551362074358,0.07779191134377249,0.5226846760904569,1.1011764457288988,1.0133002963066748,0.04840232752991419,0.4953337371802236,0.7736358229212745,0.9449403019840256
0.9314448610446308,1.7084126905134278,-0.16282028878283755,0.08187855067752513,0.6203640534741607,0.9167997388587814,1.0627192728372856,0.11348080929696203,0.32417404488612833,0.9185086216451553,0.5257716457394398
-1.4346930527427377,1.726457529712156,-0.17310317285571103,0.11730228547412776,0.10746389652876087,0.5569432391684582,0.5317697895470829,0.11792455425882518,0.3404363986340373,0.33513454017723293,0.6586627586657519
0.3242434389765913,1.1267788612803984,-0.09229850906927264,0.11856588003249009,0.20203040638687367,0.7256956194186664,0.5265542631055844,0.11596069512589428,0.23620001889086065,-0.22530685336544792,0.7509169526919761
-0.5098034088601774,1.0542741518763277,-0.7187374185692944,0.1175990154921193,0.3128194578689288,0.6931865245115207,0.53769303515971,0.11601607603028234,-0.5397384858569213,-0.4066684689909577,0.42362856209776256
-0.01921791764607528,1.061498902449217,-0.5847315402143878,0.11762300977566194,0.25166082733701817,0.4577873093485258,0.47424922079461185,0.11600753409785032,-0.3682136505250173,-0.445797257692346,0.07363160229974472
0.22323210784553305,1.0338165573976752,-0.6778372171665039,0.11770776278933208,0.22322042124271277,0.5093744139789373,0.4399843258329011,0.11618288638692055,-0.2398558889756871,-0.6002667070872191,0.07290901097884048
0.0805131366465166,1.0506012139666714,-0.37244008333639006,0.11779674487175691,-0.18108724301418672,0.5495767416603521,0.010658667740135477,0.11618288638692055,0.034560056066678,-0.1212442718071475,0.05738087720863795
0.36108857057433646,0.7911534327438458,0.09818816854330138,0.11779674487175691,-0.1484427403628334,0.3452640964777446,0.07190320220862245,0.11618288638692055,0.09286379093656846,-0.14948608151880954,-0.517695699421834
1.364987956361766,0.6506204319840937,-0.13912461726051367,0.11826168825631966,0.21538758877607392,0.01598420683479181,0.4233117183105821,0.11709549016275926,-0.007953086104409184,0.5148760794979117,-0.5039007742045698
1.178284241968899,0.21707404496978241,-0.10226140658117608,0.11826168825631966,0.2839130908537047,-0.19432154182740713,0.4929498720012957,0.11618288638692055,-0.14514879618863044,0.9170051333275543,-0.4923393130701007
0.6556005878111522,0.1431820460029661,-0.44319579474002097,0.11752958919470773,0.7402564284192483,-0.42815760294050326,0.9240326664002647,0.11565833954380582,-0.43174177942999087,1.1047787625541783,-0.5222940078275887
0.30871856199562714,0.2663133776336444,-0.4177595081741809,0.11738903221887642,0.7487526374556612,-0.7876959289550376,1.0407362360659043,0.11590589818002368,-0.6147474314397203,1.3274571682939351,-0.4339407963170155
0.0950058372876543,0.28786863161502985,0.023817722225063603,0.11646636083838713,0.8957747969925078,-0.463340279751809,1.2393403140988848,0.11385083802325584,-0.07557341069572164,1.3512574032483715,-0.08768817336368372
1.2480016690740683,0.21129865267765657,-0.2136570196483513,0.10714749711128295,1.1905130763116645,-0.5854748142754549,1.5343569019551895,0.09760065371465121,-0.41338586655195464,1.2716985926831355,-0.22537466505599707
1.049463054899475,0.3320792494673732,-0.08155037512752993,0.10507243596080718,1.3833476505784046,-0.34330864678081074,1.6712589138933682,0.10976412769735329,-0.22282286688671826,1.2972958754302275,-0.11431288434161967
-0.980306175111017,0.12635183090828936,-0.0836782442452129,0.10924214792673508,1.1867254135768734,-0.2315954924214274,1.4646589095795233,0.10576962044459208,-0.3889862703100155,0.7875663084780992,-0.2234898639182536
-1.193168011250033,-0.012505186647609952,-0.37402340877816936,0.16755592326911029,0.8422725596013194,-0.24433970502755722,1.1104990211341834,0.22420999069772293,-0.030447265202661413,0.12077147625066187,-0.20967472635634868
0.45817326916836193,-0.2629772274209756,-0.6988155981495556,0.11338933309789283,0.5759191553029398,-0.3959759026977996,0.8536551267894292,-0.0007827617699851334,-0.1415822479153123,-0.031152359152932206,-0.380378083019213
-0.9354344936140714,-0.2663054256507868,-0.6089403939856924,-0.0717067231451019,0.14134765471965446,-0.38868203200032686,0.4115199382196941,-0.13957485261096889,0.5641831676841808,-0.6552123583024249,-0.11577827932806888
0.9316229533046402,-0.7620929860575067,-0.5780618228096995,-0.16008710692016892,0.20456008323229008,-0.6649630052391109,0.6303945644823623,-0.17482155143671907,0.48565924340687,-0.6553184651466306,-0.2578660090658904
1.3848849361996374,-0.7790948926518687,-0.9254477202114135,-0.4033866623452708,0.39210381988822185,-0.6794193984859631,0.749844472431941,-0.6174084690603414,0.3014683329391244,-0.011538989766960923,-0.36379233831568697
-0.16558821714364488,-0.4930339656745053,-1.036256129182222,-0.6894409322182035,0.352202666870704,-0.4075030290294417,0.6900329553562172,-0.7365258053124132,0.5937559507884701,0.5752216717131194,0.2668054435901668
0.6196217243514685,-0.4066632000023386,-0.8775004202305562,-0.6742284886874209,0.20436375088408718,-0.41728669736662255,0.6433228225319975,-0.5878432346314729,0.8586730023843959,0.8288931126592788,0.3734861986036767
-2.2551363898139423,-0.3210482347351532,-0.9176638554114802,-0.6010863937022761,-0.48381699750386503,-0.4069272288747026,-0.1262043233806173,-0.5929828288745767,0.659776391743589,0.42626745311654346,0.4570177553002157
-0.1891039667041859,-0.14366374504996487,-0.4101209498749873,0.23614405646877076,-0.35011590343311594,-0.1649986991390104,0.1476538004368218,1.0566312527029378,0.9089885967960064,-0.06925618396387945,0.9847721800406951
