cyclostationary_mean_tg_1,cyclostationary_mean_rr_12w_2,cyclostationary_mean_HS_8w_0,cyclostationary_mean_rr_12w_3,cyclostationary_mean_rr_24w_0
-0.3777900537331441,2.5386475108487123,1.2668106720491463,5.042427232231991,3.106018722757957
0.8897142529122541,2.640898992577809,1.544253951736376,4.841743915380837,3.786747179175974
-1.0996732607621988,1.3032087668413312,1.7309492068754662,2.8642589028513674,2.0977035846393854
0.647493070235899,1.4090809198173353,1.8457134880526234,2.5071876645381628,1.9908765341051513
-0.393058285433523,0.8027191461061908,1.9272497285823398,1.7199562801211508,1.294920381520729
1.5514967675891624,0.7101713195727654,1.9110792642461767,1.339456550997092,0.9685392066854792
1.7908612226448708,0.37779342825163686,1.9147908722786102,1.0318042246293062,0.6516725434756314
-0.5783731511215368,0.3097356775504903,1.9916680698885625,0.8986065969105391,0.5609836741829023
-0.1701827755846327,0.7007364352423523,1.9923146766360553,1.0157345443966235,1.0910541954666595
1.1230166183527759,1.0036299500719135,1.8971199290402005,1.2253635418005722,1.4535158380247863
1.2134964369185874,0.7483020914263738,1.8538477683493608,1.0417902319357777,1.2905190283509738
0.06196274837881201,0.9167391558681492,1.7932327361023581,1.0159392786042134,1.3530545933104614
-0.03484199534235067,0.7660648803568622,1.5706944152452385,0.8573642551248863,1.2172553179496801
-1.0238596243973235,0.4407141628049411,1.259250668999333,0.28664849185064106,0.8779348749371568
-1.4185591277892258,-0.015065667675403608,0.9787809723392863,-0.22708867188152673,0.6498752612126883
-0.17758963990795096,-0.01009958020540361,0.7204943370624101,-0.15884320612811825,0.8611820893219558
0.5002854811414357,-0.2649419347094511,0.48422697922591734,-0.4425881426629144,0.6193706386496411
-0.27921638789181064,-0.2955915499845861,0.33871469665560966,-0.4780608075073083,0.46500768361397865
0.09979297515248757,-0.3184705598269721,0.24226745772383215,-0.37459886837782674,0.41350380884922466
0.5888873307156719,-0.3833308715252546,0.03960180072554443,-0.4260342324021975,0.26154663812041484
-0.20981124059350895,-0.48450553758812526,-0.11146812029774804,-0.4787682395697322,0.20424603877959047
-0.6558747892918394,-0.7428084479163456,-0.1170824853936785,-0.6833272735057357,0.17303606331871418
0.09483285397299833,-0.9346632834710489,-0.05980822054051119,-0.9304863503150529,0.19648996516722644
0.15214137254844493,-0.8870539574177925,0.022079386555316338,-0.8684824565866864,0.19035144041005417
-0.2446457697618825,-1.192245033820394,0.10342274129029612,-0.9732127203423706,0.18620963902922105
-1.3745039175277527,-1.0053915269867695,0.13593196867081428,-0.8347379472090709,0.12859840470749775
0.3052510914659791,-0.9026642128531469,0.11149106248292251,-0.6663741694383652,-0.07886031980114304
0.35181049057051816,-0.7223810280795385,0.10173121005209947,-0.547500317520365,-0.07118304174068923
-0.1458821752570441,-0.802198976219897,0.10289383183941007,-0.6030337344206337,-0.190411988502537
0.37979902353003325,-0.8132217872407338,0.1111930575452154,-0.4922407778899775,-0.19663671407231964
-0.021624287382936563,-0.171028512775803,0.11151805156918114,-0.21830640813515118,-0.0831251719364444
-1.0480168407322774,-0.1805424528447318,0.11167967810216754,-0.3638757142373298,-0.10503020122017763
-2.860859339033764,0.10333850783498721,0.11164631519458519,-0.2950324683911731,-0.14604427389961727
-1.600965939832509,0.4569469858768585,0.1123013435285432,0.08012380739833128,-0.15924265016740347
-0.1942908834163989,0.19926430070619613,0.11011747242184493,-0.02649125749509631,-0.4679790431702627
1.0405202069704083,0.058279536924570406,0.10933606693491711,0.000749929994380377,-0.3989915917351391
1.068398682894731,0.10028011828126075,0.10604993722582574,-0.1497132900539229,-0.5448280188745855
0.8682946760569952,0.2975538073557473,0.09862950966154148,-0.18039007082369918,-0.43310531031003746
0.4519397111785594,-0.35529288244081975,0.04383738789649736,-0.6524140083036631,-0.6517769619420771
-0.5179493588195069,-0.40681126498887865,-0.0008465749284485707,-0.6934703333550448,-0.6022490509629783
-0.37618766998737246,-0.6069626264226393,-0.041600407143487644,-0.8326676978092493,-0.8854498915915101
-0.7711280628764995,-0.6340836059291832,-0.06215728865418237,-0.8843996779912222,-0.8525251350681953
0.11741535844652506,-1.0350377032701628,-0.15458134820712566,-1.2517005102542287,-1.0431612569201953
-1.379380173296683,-1.6839081906242723,-0.3268719741982785,-1.4796517959515074,-1.1168458434392423
-1.8516449750648039,-1.9211044157754469,-0.5342140687822805,-1.6646351741030125,-1.1864506103582284
-0.6632186610640772,-2.1375534394614024,-0.7800837771231431,-1.7474704155266798,-1.2210065018713658
-1.248849605698638,-2.570638844993446,-1.03794596835431,-2.204542271058701,-1.2908429270735857
-0.5687086880483033,-2.454723571141399,-1.3355734082246273,-2.1715592617654225,-1.4054575450507114
-0.3547610848697296,-2.3066912627465332,-1.5841080286395064,-2.1626708832096844,-1.3522377542861892
1.506169734017483,-2.353710886162948,-1.8772229396898001,-2.05586885412833,-1.3975319346809405
0.5556350407038991,-2.0922905920032364,-2.1918463606496936,-1.5548306012252862,-1.1639649029974648
1.4834504536637387,-1.5179849219924282,-2.413714963965125,-1.069274499008386,-0.9874885406987393
0.6801792156501729,-1.5457446154787207,-2.4511508408322005,-1.0849895969665149,-0.9819781349407607
0.5645710459259258,-1.3966845475783642,-2.4217145359264722,-0.9846150934808967,-0.921553137072281
1.3738202507444977,-1.0678339783539281,-2.3389262127014674,-0.8867762286304529,-0.8010543229607926
1.0145603413287652,-0.6762384739872761,-2.200977614231338,-0.5094904981149501,-0.942018496103649
0.4013450209635554,-0.6558833860377796,-2.0556899989404784,-0.4711527334177397,-0.923663513034785
0.32015012034713786,-0.570219580917387,-1.9478596670846324,-0.28971662175067425,-0.9526676774852532
-1.34479037207573,-0.17067872588353886,-1.8071688407981081,-0.04193348880057607,-1.0310690088995278
-0.8930733633125708,-0.1592706820436712,-1.5110556924250602,-0.06430855431780899,-1.029831219046824
0.2569132895582974,-0.35848726520320917,-1.2955173399828688,-0.14780726595430693,-1.2976959202694633
-1.1658890590892674,-0.11644228713494442,-1.1424053660782383,0.48514331708582475,-0.8355622873866481
-0.5741031035923196,0.37333227836120214,-0.9828167945050671,0.9465608267155918,-0.6098073502609345
0.48258276434405173,0.01675729999719674,-0.8142379939975567,0.49198519574669497,-0.2188502787373263
-0.4534493965549252,-0.17043802282603462,-0.6909323468474641,0.3685534601122213,-0.24388706093415624
-0.46696406125482637,-0.08465070318703544,-0.484826964688021,0.5974329977371234,0.04887560533431965
-0.2739502849721925,-0.06054103987999421,-0.29945478568901074,0.6493938827221518,0.07507144207690136
1.4229002577774117,-0.22646694894069386,-0.10643849524319055,0.6667032293638143,0.32382278136594167
-0.572917804743169,-0.17530108544779252,-0.06733797823806653,0.7064129069535106,0.41395650643452514
-0.41961817767735277,-0.07402751877522723,0.030754495761758097,0.7177368730384518,0.5904163807868551
-1.1130419868156096,0.710092536148705,0.08955380421535468,1.0400580799372179,0.9160799784594382
-0.36455855969690315,0.3535719969022113,0.10863130682797367,0.8808252288579401,0.9696807638837288
-0.6149437632832703,0.6683431753124527,0.10642002114541384,1.025975128808824,1.1180991513685983
-1.4020285113191857,1.8245421330745042,0.1104483943206435,1.4350679312500305,1.3220903603680212
-0.4769093923601645,1.347364341592617,0.11147495850570129,0.7112679121362021,1.2950023466629528
-0.8842021535221242,1.1170689127086686,0.11149103089067115,0.41750826414056474,1.1845585322939909
-0.5729429370874408,0.9961627005174402,0.1117169440162659,0.5641943022841409,1.1460742235051091
-0.7823726601681401,1.184286926965911,0.11165265742365756,0.5378525641311743,1.2050122861691894
0.13876167503469986,0.9702126168481625,0.11164631519458519,0.26924566311501547,1.1005003958712838
-1.2923571994914773,1.024629360868894,0.11490255971109316,0.3413734149652827,1.0923897720359974
-0.7284037326767212,0.9454547117342568,0.11434927923341232,0.29129733111799766,1.1104033261746078
-0.0778800747254244,1.2830180333093155,0.11779594960780138,0.9031679546237475,1.4289590409029915
0.5415576133456887,1.3763920630342252,0.1108469635090084,1.1938927190715865,1.6335642877932357
0.17771353202596404,0.27600731289499797,0.07785751340143475,0.641196261044508,1.2766062338204611
-0.3745459952982425,-0.19138954238950742,0.023775233844735694,0.2782836130210958,1.0509151621695567
-0.2117818209108003,-0.19190209099244973,-0.018733141679182566,0.7827837352524727,1.789012599804863
0.9814075185945137,0.0026298966018390136,0.0005198243823658381,1.5396905642705034,1.964949910686942
1.6403799786453277,1.2619260006753783,0.12260573077925496,1.884142183098248,1.9924520162704957
0.7743827462628368,1.088101412587741,0.23855710851877854,1.6778686370280984,1.8922746510191353
-0.24508722973181724,1.185812819694443,0.3936895168131216,1.3664317777183383,1.8688842834362134
1.0025401298676464,1.2381373795813746,0.5710243294733073,1.444905195168547,1.6995097050760122
1.9097086800091123,1.9708840101337184,0.7464943513094223,1.6019702722851132,1.94375104412984
-0.175788846031776,1.9075339851622537,0.9651371067367571,1.4173153447340188,1.8941588307453565
-0.24504016634504142,1.9257568143100572,1.1433204301483648,1.3471850778428667,1.8121367439287293
0.5433808692422879,1.7422730635504695,1.3377701127756387,0.7595768475351731,1.8564234604765992
-0.4385554992524566,1.564597207367811,1.4801247933015542,0.4086799330920288,1.5642206514763257
-0.6684624042456931,1.8535846478991307,1.496904661804271,0.5951084938853426,1.5073538250132037
-1.64227697313493,2.2753895621008007,1.4887732285856543,0.9348982196398169,1.3950699258407395
-0.7671590257435,2.036574240108354,1.4733065739504931,0.3736266743989293,1.0821092200144153
0.4452722582057077,0.8406009723864405,1.4655520152866475,-0.6778093876369325,1.0835580803646423
0.8792912169147895,-0.488006416154219,1.3546495583528573,-1.1019102770643576,0.7984466403994879
-0.9085138845775836,-0.6192038699416964,1.3324935510959912,-1.0816372953897553,0.6339980316174624
0.3756203865361412,-0.7708711846377856,1.3836330600521878,-0.9731829071340256,0.5354595599019075
-1.4740314620176493,-0.874671890468953,1.271950727485,-1.0748449369732547,0.5313605125489679
-1.2420311759043847,-1.244907961160907,1.2410162154873106,-0.9410341623657917,0.5550449117488576
0.2682838233400942,-1.3640334681651798,1.214489577340642,-0.8673045822027506,0.5310697093727927
0.41094934519567344,-1.4929645227881523,1.105385997820069,-0.9103381798686072,0.1404805562330501
2.07905471793593,-1.8238787923168422,0.9051758931970819,-1.1817990639480298,-0.18771269661100384
-0.2131374716242645,-1.9071265557566963,0.7259063108163976,-1.2425624250240748,-0.09222086806808455
-0.27091104781369235,-1.6672379612338133,0.661365533523848,-1.0993579632448558,0.21639280049701465
1.0273188600080179,-1.6593580358195748,0.49667235785539243,-1.1377866834929489,-0.3678775515130509
2.034460667392392,-1.6667324599841224,0.3131241006798438,-1.1218745151745733,-1.0182523263811687
1.853542344298083,-1.5774003588633894,0.2725342015381579,-1.0793073173613008,-1.3872126238009566
1.3620807069015441,-1.4196466322212409,0.1416994404153971,-0.9449381767331392,-1.3463091365699749
-0.32761949062791945,-0.9031224835701798,0.029393666570040344,-0.8966635181019547,-1.2330035823704562
0.9358157387138121,-0.8303793686597576,0.027421057053197233,-0.8561529263558715,-1.3115736805612241
1.2155511431912565,-0.8867409410670634,0.08851868849468236,-0.7942728332384293,-1.5298744645878883
0.6765432322957651,-0.9291984548330348,0.09476134650463848,-0.9886498985616903,-1.4335114176478636
1.2112510575005873,-0.6996851433178916,0.1016835449936578,-0.9629903270403467,-1.3799995789320592
2.7278706080999116,-0.6456059493652777,0.10289383183941007,-0.8631666099461874,-1.5010893476356044
1.1395136780247024,-0.47725293240074773,0.1111930575452154,-0.6656626949070131,-1.5081019333420647
1.2426496433066565,-0.38067790908651017,0.11151805156918114,-0.5499758244302322,-1.4623450743329824
-0.5711727489250987,-0.5805319258609324,0.11167967810216754,-0.6803707127934203,-1.5259804817106433
0.27293947801549917,-0.29565157737744663,0.11169449202976518,-0.6635540420523744,-1.409178860820501
1.171792346886447,-0.33088033996364064,0.11114171007769606,-0.7060555497455645,-1.401500902483695
-0.3458627876687045,-0.3655989929814045,0.10892033558660479,-0.7974961969000017,-1.3576928593307325
0.08713139008578617,-0.15239551629874293,0.10876047706141485,-0.847572280747287,-1.3103616790484394
-0.07786700203944671,-0.6828970968970558,0.10559022030210473,-0.9843062656984081,-1.3069279750161926
-1.9163427573230418,-0.5011731818746458,0.11071882455755717,-0.7815860498160903,-1.1184170779451155
-2.0879381191588378,-0.10930820594887185,0.13161143459625335,-0.32291236597129525,-1.001141957340668
-0.6414446666895197,-0.08061475547295176,0.24272485121245316,-0.2873740110068193,-0.9186838131376954
-0.24116422215467806,-0.13754404039154916,0.3236592634658702,-0.40633881847570275,-0.8635531735992596
0.9927133198989406,0.45363850270364314,0.40418750064828535,-0.12929174764621174,-0.48807507516627097
0.8339057355823823,0.8971258425460337,0.5395640475388704,0.4601183289680961,0.0898328765233441
0.32567235641643466,0.8872392394330921,0.7651573756140185,0.41570523878051346,0.03664115976287625
0.6028280040777438,0.8161379123050264,0.935202830988899,0.3282716889510913,-0.053130051461110966
-0.3809511124531984,0.7002773659486038,1.0749033170617681,0.6016739687332516,0.1403067353642086
-0.29543684912068846,1.3573062967756038,1.2746797427090597,1.1374425881237609,0.2917506187456753
0.4816000721125254,1.3624724773358488,1.4029765633823497,1.1552511796780478,0.2948281707866565
0.5184279096683838,1.3018354404749077,1.5465351465713095,1.2522956993841134,0.3159667098683769
-1.083944613348757,1.2604427546408143,1.6711323680835743,1.223973151456361,0.31023375599624275
0.6148553549666468,1.081353906719155,1.8010901830980284,0.9597871955217343,0.2948595391936745
0.9103937155477411,0.5760717578983784,1.8042750315205345,0.4077021609200358,0.18167919226591253
-0.5006703844793418,0.7643475454770022,1.7073645757796514,0.7901348807801853,0.48905502431856945
-2.430167277038463,0.847390335100137,1.6911476782644053,0.8406505831234051,0.49767870436103845
-1.801544231216291,0.34385447287808324,1.6756960958216904,0.4688050893860442,0.4538375634388252
-1.028153990806058,0.12889938482487048,1.7006256911826185,-0.1453044723791746,0.46715197279987597
0.07894801447804813,0.21364576832296245,1.705349857915902,-0.10046338579382559,0.5331892734568906
-0.9638606683686678,0.31276629047742194,1.6620707805863226,0.05351425567887587,0.4294073709736891
-0.45968474419779115,0.19296867672440352,1.5992814669649273,-0.18717434430234356,0.4690990776294083
-1.4926544481140365,-0.3763915621531033,1.6599757540572604,-0.5419414174355618,0.5263487029043579
-0.49167438794049034,-0.46366134326975467,1.7881014594850069,-0.5842524237805138,0.36971997252740413
-1.089193983577461,0.006799926090154414,1.850577827191705,-0.026451338114431084,0.7546769976986681
-2.182144164258305,0.39012240213482396,1.8841386208110766,0.2073499054304766,0.7394624056575622
-0.0541645068137078,0.2715633546532769,1.8297991453691216,0.14658654435443183,0.40665995291492724
-0.9974649948845614,0.27024454693772254,1.6177656639660591,0.18935081252795094,0.2817241229172521
-0.3038209416275892,-0.1444928806305341,1.464309845967142,-0.3282064843413055,0.23839091739392887
-0.028030779120714187,-0.2813143403285704,1.252591929467596,-0.23650307670653953,0.014570306124837763
-1.6891937981770289,-0.20116537970370388,1.1097292145585431,-0.054442908898692875,-0.43936180901729766
-0.40943444632119763,-0.4212159497441927,0.8385340613417439,0.019951152094410455,-0.3729342750903122
-0.17195145889250255,-0.45673639143223194,0.5723929344605733,0.0543980404482897,-0.26010896244921844
-1.2263506329894163,-0.21219647358523597,0.3834559773040052,0.0905730842689469,-0.3900888155011447
0.6139273307946607,-0.22370664629068393,0.1962053633707774,0.10259437624399152,-0.5619207545544133
-0.10703283781696697,-0.18949407545508382,0.12946619194189282,0.00495359237102572,-0.551552060754258
0.46926100668349374,-0.07901753007812122,0.11166504808128024,0.35985204574440854,-0.4733080894539379
0.37275694782130275,-0.7782952311923611,0.11120726863492603,-0.29963734580893614,-0.46120270296039023
0.029213571805495216,-1.0759485893664846,0.11153226265889178,-0.41058138961578144,-0.40721861022199995
-0.013599494799075929,-1.1724092274677387,0.1117169440162659,-0.33398670959992405,-0.432248686868469
1.0457348940689033,-1.1310558420037233,0.11165265742365756,-0.36394140435741207,-0.8285517383274126
0.4559683124289407,-0.7492435517548263,0.1116596204815411,-0.15636062489762664,-0.7172821173257247
0.6829082471059609,-0.7977475077808488,0.11109821203477682,-0.23959000704178737,-0.6937569740152995
0.43920801796155257,-0.9089141177562983,0.11033792752725811,-0.31351160447891496,-0.6965163513300164
1.9473076527323274,-0.9734534970261902,0.10705179781816761,-0.3151210124209291,-0.7045411256251755
-0.597760765046281,-0.9050555923826377,0.10713070302516496,-0.4319377529631242,-0.6986714283527773
1.3424534547287958,-1.2213892760536176,0.07603584021811284,-0.5098917131560673,-0.7117962878493018
1.4624382367684157,-0.76159494507417,0.044550898982053555,-0.11191570026723507,-0.41115751228284125
-0.33926627612384364,-0.5669085960105194,0.0014719867521717732,-0.20933414834915326,-0.31312874215078373
-0.1115113384696477,-0.7868629789498701,-0.103166616532869,-0.5868956931508986,-0.7672726382430379
0.00459283878471483,-1.2000095265332675,-0.2710135268221785,-0.9541965254139054,-1.1028664836209259
0.7031227895903231,-0.4866998478818048,-0.448578261418441,-0.6785016604408759,-0.7587703383217325
1.7666610683612292,-0.43272214943056936,-0.6483678192440784,-0.8302458378307825,-0.8208275890492078
0.26851354821967804,-0.2537302810780376,-0.8296174771411641,-0.7467142811342433,-0.7043297181394664
0.10517604257137327,-0.48507520530569664,-0.9448925841906713,-1.3534282302135396,-0.8472685206967853
0.670917628396844,-0.4576236392317348,-1.064042302041772,-1.3836456854513568,-0.9092049302157151
0.5345940586166734,-0.5273213953851218,-1.2019139475901393,-1.4630448282861088,-0.975622928044796
0.062074847628088,-0.4593778582459788,-1.3366807776146705,-1.4882041442775953,-0.9552534322570988
-1.6539540896389835,-0.664594704534723,-1.465560569599626,-1.5457390886059075,-1.0501120795300116
-1.0536370182979353,-0.593510558832138,-1.538377028675094,-1.560322295264158,-1.0726842628860498
0.15125602917329192,-1.1667220627065882,-1.658910002949055,-2.051709658909894,-1.1514922643211654
-1.4201298939408324,-1.3752213323931626,-1.7829072160846486,-2.0024420688482363,-1.3083216032474454
-3.120290604585869,-1.069698581133678,-1.8617689066426448,-1.8525523740791119,-1.2522605847112314
-1.4381419073655655,-0.7189889627361757,-1.955669276035814,-1.5594156873889211,-1.339698694569224
0.7486130505478045,-1.4632015576471005,-1.9893849749259722,-1.867305280214242,-1.2955747167643954
0.8235050893492123,-1.149981446369642,-2.0776900544107817,-1.521406373292123,-1.0810440414057625
0.06470811907505127,-1.0604473102059633,-2.170175432897106,-1.489980219844793,-1.1078291409294456
-0.6558007100501075,-0.9045080377759476,-2.212114370765171,-0.872952921912589,-0.9654680858059532
-0.8860174081795916,-0.42740573027507806,-2.1153681263296806,-0.5476554472654821,-0.7721640686079546
0.35840540131014714,-0.23130109199007767,-1.9541172908817497,-0.3171235504662044,-0.6636366639175704
1.3992746739841706,-0.33190405087172403,-1.78438139370505,-0.48903459472134947,-0.8223866276267958
-0.6641121512963484,-0.13109698984548676,-1.5890608825615142,-0.3708479625211324,-0.8362390709830329
-0.5650590738934792,0.12221072683574001,-1.4002032076203383,0.0004982863036038553,-1.0851524537342825
1.6410874603880279,0.2828486690176471,-1.2238393891423371,0.04326255447712297,-1.137383140194306
0.5751797072257554,0.13479995593567584,-0.962581345270758,-0.008172809547248003,-1.1107947988890847
-0.87521566043373,0.033251178178332653,-0.6436632289692229,0.07204998633161154,-0.8326659856546365
1.5085527046231832,0.09307765845387174,-0.3653439484200236,0.15435970679462144,-1.0852916446978027
0.9281135100908497,0.1908786936032276,-0.22066342441133102,0.23377906197401396,-0.9207831092231952
-1.2565128632552285,0.46057089999582446,-0.08303598389474465,0.1771794438939493,-0.7979367269670398
0.44051057628669293,0.26522353225002837,0.07184158573998035,0.13386944241513182,-0.5898934686298497
0.018841758587426014,0.04205449736350211,0.13989743178120775,-0.009466399604251524,-0.5592186422870842
0.5019462222378044,-0.33053222091221374,0.16013632807571113,-0.22118565662921608,-0.452945370743932
-1.2492898655969473,-0.3233355445891381,0.1677471983862114,-0.24610747757117485,-0.4114211473160765
-0.7075564655365262,-0.11697241511779694,0.1641567513654215,-0.10581864650637383,-0.3553001167264303
-1.5018700550706132,0.21656887202797726,0.11555534656443413,0.09006929157877797,-0.1736809354848602
0.659739476502544,0.11549660862700968,0.11275768574590579,-0.23943235075359015,-0.14251073260259514
-0.7391280183052601,0.6243854560879405,0.11195005769451433,0.26027239271178554,0.4181635715453225
-0.0047135053266549294,0.6971374069615986,0.11171774872551372,0.4548465283952932,0.3945065563485528
-0.009820504296003533,0.6309179086031813,0.11108330741238594,0.3198533316263505,0.42707507387466437
-1.2035593298566047,0.9637182702334108,0.1196984164734685,0.3187365995849529,0.502197487437745
-1.0119330002540976,1.2786085038013075,0.12350380478658263,0.3047900817828837,0.4167642131486371
-0.7129931696059101,0.9819356165811044,0.12022330422789941,0.38276425432046757,0.4683777610253134
0.8132300330879046,0.5797349615309095,0.0870797393398074,0.15667907334213957,0.18378333057920118
0.6035929301941124,0.6337889080964607,0.032725902530404284,-0.06605085842583551,-0.18046496273154564
0.11132458743723339,0.36637376308298825,-0.02291260612044808,-0.14179156688062428,-0.3315329195472981
-1.132530736278448,0.09306790670670669,-0.14761780448565817,-0.40310686456765793,-0.28008072583442856
-2.6789533886086914,-0.04632819683703807,-0.23969567456545518,-0.3991993130399983,-0.29585760809433
-1.621941948147334,-0.38336318399604363,-0.28882502324508613,-0.2866995082225393,-0.36010215418597896
-0.612591928965719,-0.5236661273725302,-0.3822958777569055,-0.31803369550175375,-0.3327254801105383
-0.6481340121953475,-1.0399336860543211,-0.5326628364323825,-0.7641615770280783,-0.23106285596048248
-1.6737915766420473,-0.8945593325665732,-0.7155880600284682,-0.9503273773410633,-0.2981950400278724
-0.4861415226527601,-0.938807497470551,-0.8930873527056343,-0.9897414493903895,-0.3335612509559503
-0.9481097858468354,-1.2536992382446481,-1.1254806430426216,-1.0485275378519598,-0.384565108202066
-0.9395211504627824,-1.6118204855997484,-1.280408415058112,-1.010735506460048,-0.518181338730406
0.5094034184563513,-1.4594693162977326,-1.3170607686943523,-1.0087092189098197,-0.4228929987258087
-1.0147180941093152,-1.1031377231129578,-1.3657615516600181,-0.8440897779838004,-0.43914213340266867
0.09866995083869588,-0.7630743024887116,-1.5667836667484505,-0.41686650239990375,-0.24943108257458296
-0.3309874685133594,-0.21746659552053216,-1.6345062155610581,-0.21508161276583337,-0.25067637959657235
-0.8490433179894087,-0.1021240842274491,-1.5718537852100838,-0.032331698697123566,-0.20130294438367066
-0.8340748520100884,-0.18301086412834403,-1.5107665312943348,-0.13103767313265308,-0.41940972214998334
-1.138129222983062,-0.14049147299865242,-1.3282057996965622,-0.3354379559451248,-0.369892086868655
0.46489448446204035,-0.08279385624304872,-1.083750569099312,-0.23206697236652624,-0.8573408125913384
0.13505587332780147,-0.17389981485638537,-1.0124756132172814,-0.25266739402430755,-0.8540561449364783
-0.18633669296552027,-0.3064546458493111,-1.0605921351040173,-0.25976192699318623,-0.87731026733851
0.9277067439980342,-0.3485964466339184,-1.1133427266291775,-0.3247698804437738,-0.9998641326522804
-0.011557660516711669,-0.34485638146389275,-1.0251523862982497,-0.3533516516915436,-1.1693189637834709
-0.3448159916345187,-0.1273618443968719,-0.9799567309633724,-0.531871122026959,-1.247637761279955
0.6848727894739699,-0.33654206018773375,-0.9720809123420703,-0.7316246710246408,-1.074229669515015
0.579332471200754,-0.41978982362758765,-0.872831903673509,-0.7923880321006858,-1.0125254364608478
-0.667654342414326,-0.8854218119881044,-0.8231087737442165,-1.0157344403802016,-1.0339654435071917
-0.9950503077365377,-1.1960264394411195,-0.7714841785918923,-1.1826378762506178,-0.9761236800777161
0.05176493620185424,-1.1713524445209393,-0.6325237784130985,-1.2267816369458635,-0.9758244232983789
0.8155892889142019,-1.013598717878791,-0.4232113310579,-1.0685669827278592,-0.9854026259175165
0.9047416003497935,-1.114176964877317,-0.22964872357969354,-1.109064941758542,-0.8894761140589762
0.3606526131585319,-0.9380785477236087,-0.0671254698712061,-0.7935300295728842,-0.7960117524808027
1.2434780470189553,-0.9002114504769215,0.040401496776498805,-0.7530194378268008,-0.8037604565944076
1.2897738587804333,-0.7349351264966023,0.11641369718717243,-0.5771669863667233,-0.6599493789440225
-0.1095645099993547,-0.49865967584266985,0.14228315875763053,-0.3527948015966929,-0.5903627041205844
-1.392492029220071,-0.3368345043085088,0.12064215479582548,-0.28115214601780214,-0.6317733900763883
-0.9813583721230633,-0.03419491329480568,0.1113094561926428,0.06809594641127852,-0.4882595936656768
-1.1865575586428856,-0.12454733429155561,0.11163445021660856,0.08938611432992292,-0.4773009229888326
0.24465786551070987,-0.22100797239280925,0.11186036334220328,0.16598079434578047,-0.8054703826515687
-0.15485884043218254,0.7330990762647255,0.11179607674959496,0.997354954106237,-0.322283666506746
0.5727910696021082,0.718233784748993,0.11206110387556074,0.9677287099491603,-0.3579843743650844
0.6959313272816345,0.8191086919596775,0.1099188866205283,1.5844275572809532,0.0036432452938499923
0.30318654211413654,0.7613754943264676,0.10915860211300991,1.534351473433668,0.006425100915631623
0.13393881045392675,0.6753241600939237,0.10587247240391855,1.3976174884825467,-0.09203703611613528
0.692102664132076,0.6862826508433345,0.10167941065245385,1.5178107011969675,0.08241663514951114
1.1995221222842445,0.2972748407176172,0.06868384762863859,1.2151308402027818,-0.07773641845215995
-0.771816230821367,-0.31051755913456947,0.014079453411001655,0.7380487634764875,-0.31473895684602365
0.7705191756522483,-0.2879350719568224,-0.04229157105746819,0.7095392513608083,-0.16974039750650968
1.186069803798404,-0.401793735765605,-0.15921220131698763,0.8651909802783737,-0.13855235140494646
1.143234256826287,-1.3566028472215566,-0.33667023043880845,0.38588849327519814,-0.3251587234712845
1.5714582902966983,-0.7111733106275504,-0.5401214134196712,0.8465667363997323,0.2497999343086093
0.9786917820301625,-0.48696990104871124,-0.776955873625571,0.6984355156143479,0.21903216432363637
0.4385934353374764,-1.3790870450255923,-0.9712557248854288,-0.11115580032684783,0.28803909765492536
1.2148856308236058,-1.4363252772367048,-1.1877593606601422,-0.15424851910077803,0.2897221250276605
2.3226452515136695,-1.6072121488924471,-1.407542770979629,-0.8538482979763206,0.21809298614105418
2.328029333755655,-1.5514740906910804,-1.6465171019945208,-0.825449953756165,0.18290802350440113
0.7606374641068218,-1.3033641554440216,-1.8953802478838189,-0.6008655393674074,0.15148647097546672
0.4649173283272161,-1.4406639423934882,-2.0114541070201937,-1.150475067059238,0.16087868457681553
1.2233957410066874,-0.8865373253351135,-2.044981874910659,-0.8816710956828331,0.09212197568740299
1.7218227495784435,-0.44413013553463115,-2.0190813487031867,-0.5303199087938895,0.028186648473505816
2.039595652930673,-0.568105253558874,-1.9513604521101648,-0.5951712165735117,0.04459300502294839
2.1658761971259683,-0.6072149440231895,-1.9637133352677303,-0.7028438924002632,-0.25169957424615164
0.9520146139268537,-0.22710998201011456,-1.941338570530382,-0.49753489625998754,-0.273284760766947
-1.7645635967945072,-0.28132420698092936,-1.8935188752487637,-0.8660160452319076,-0.11155293989874632
-0.8171488175246217,-0.27293439209482734,-1.619721458612574,-0.6390566803478698,-0.6349090285867871
0.9423058392788637,-0.4980729487242,-1.3529789535155767,-0.7681771803814631,-0.7124068850464221
2.53275245944101,-0.6015787457351196,-1.2518169707141193,-0.8229627405300264,-1.1027451853035233
2.3372101205159663,-0.7126514385792612,-1.2688983563216214,-0.7795819958449669,-1.217610993206029
-0.19688137725223057,-0.3593523306600841,-1.25637778139771,-0.5887521970061451,-0.9795976699092154
1.3583351850341874,-0.590729417241619,-1.1549411537284622,-0.7400921275032378,-1.1950566290547473
0.26375937788460085,-0.7529847929690545,-0.9708403457592496,-0.8008554885792829,-1.0790782136024502
0.5922515199546005,-0.701646578808662,-0.7807855309694554,-0.7154583324724089,-0.6204404833244794
-1.0849024397163403,-0.24093267796467976,-0.57598798496583,-0.45979238511244536,-0.3896209281771986
0.4366039771899143,0.006034098506040249,-0.5645143807339313,-0.414253972636993,-0.385737780070656
0.1762029721679037,0.03896227250132332,-0.5263536400786816,-0.3796352793536682,-0.13653179978736704
-1.0075297287173102,0.13676330765067915,-0.39468276001723107,-0.30021592417427556,-0.5899095480714428
-0.7123742817685239,-0.41511266527540097,-0.1668806045234089,-0.38716437773232143,-0.4609665531820678
-0.3484766505605677,-0.43532127125829206,0.00016932977526355752,-0.42035810071847857,-0.5135456678516565
1.094797616787364,-0.2500247726949637,0.06860655022641347,-0.294167380040552,-0.485743560857402
0.31202546577371437,-0.05208927897291265,0.09444460638371606,-0.12580360226984635,-0.4301377147595515
-0.7250836108841889,0.2708093590404429,0.10271172438275145,-0.013433072239984939,-0.3156518593319268
-0.37532779060137483,-0.21629829010408352,0.10288786568099935,-0.2460013627618112,-0.44361421132104417
-1.7517276718606165,0.2697120450771909,0.11121936243805142,0.04526862968271044,-0.28446275059097015
0.40147980100584096,0.9332980268348177,0.11155028704357073,0.12186330969856786,-0.3206365134577863
-0.8950475861825984,0.6568552138958309,0.11248335269302213,-0.03309968357536674,-0.40381576854788453
0.997365874692976,0.1001799745620921,0.11247701046394976,-0.2222215392920508,-0.3867119257139518
-0.6171846824185685,0.07829606602293397,0.11198572933941124,-0.2481034466044418,-0.3486986164631443
-0.5664208083885451,0.20628958219187712,0.11784645912643273,-0.30052416243004587,-0.33284845670519886
0.08871350711856622,0.12711493305723995,0.11776554591255979,-0.3123029062694022,-0.38597788696610313
-1.0578129416365358,0.08647932265028602,0.11506355012403502,-0.41208619867428004,-0.4435372808844264
-1.384844190881645,0.16000858491692163,0.11296230560687322,-0.47197537584461535,-0.4442654887911753
-0.15141930615080373,-0.10497103337810659,0.11224984392647608,-0.8088747363154726,-0.6538852242307315
0.004661434534615971,-0.3698647052630733,0.06444215647840526,-0.9496486636516498,-0.6550499720088321
-1.887966479594241,-0.6474433811939031,-0.06579194019295216,-1.1256981854719739,-0.9133110567327236
0.0608075458460474,0.47550429433083097,-0.0503669682740725,-0.6969069372525767,-0.5322533860209275
0.43646496898165266,-0.4054608781056292,-0.07540661485280363,-1.3416828367428408,-0.6637043292057452
0.07123789285002533,-1.0635055599131633,-0.14624958771299615,-1.3470037364694998,-0.8343461739748822
-0.7689292670012372,-0.8838437643996356,-0.24111865809838715,-1.1550834816373134,-1.019981228706587
-0.26832400023490993,-0.8059130762132098,-0.35797806072583654,-1.228525035889225,-1.122679557204943
-0.6627719468774232,-0.7810929082274601,-0.4385680168741876,-1.1060786520559844,-1.0212186985019154
0.5952861682042977,-0.14981627142651374,-0.48768744389697466,-0.1286687863407654,-0.4611820985240847
1.0915101664640956,-0.11387263607907976,-0.3522390560513249,-0.14868406062119893,-0.47335468555978527
2.270446318448364,-0.17077986475776497,-0.21901575589230715,-0.11919930287660667,-0.49638219926272814
0.5102098341635298,0.16131049516528664,-0.21382531061686513,0.27737195205969817,-0.3620461343083094
0.2615766615560554,0.3806981723774792,-0.2502099593750663,0.5911483902616171,-0.3796055434211823
0.6882866185197049,0.5663137682280949,-0.22997701981101115,0.6751508945882839,-0.517534160136097
1.9533925488971657,0.6137384150966486,-0.20706580456807225,0.7408410146704945,-0.5241279713804002
-0.2351474566463083,-0.39823923578634507,-0.22608834440257208,0.434028739814522,-0.600134600626917
0.41413155434710014,-0.006643731419693033,-0.21443571356940136,0.7766300869266176,-0.6071153084279742
-1.5501588246879683,0.13958423821908744,-0.2099326837730746,0.8568781482362777,-0.5098288515984288
0.6215454835770183,-0.05283488035892528,-0.2917479956000965,0.6960950103230594,-0.5679708746551216
-0.9578727730900525,0.17283419672435876,-0.297921481370048,1.041625041955487,-0.41513905597109174
-1.3312856937304935,0.8315604944016105,-0.2597455228356095,1.6833114003493206,-0.06182588270519632
-0.3619549583114754,-0.08959038470294034,-0.11584278755631994,0.6156433096411442,-0.20726895058825318
0.18244642560026414,-0.26982924128541,-0.062487273556315275,0.39015540344694827,-0.3177630526171038
0.4223625206348096,-0.2614794749356767,-0.021377468730108245,0.48232874809461,-0.25429209062289726
-0.9286577459690453,0.21812647732896615,0.12099086327636725,0.5118893021316047,0.3964320683258697
-0.09014424455286897,0.43825537740643256,0.18968132900020548,0.787130905276067,0.9033558018369651
-1.0767206599955457,1.0138740258638013,0.2269688487069065,1.0393304355301536,1.2274765442584477
-2.0763154412802125,1.6748273705073669,0.22081253553083036,1.2112414797852986,0.9972872776029743
-0.44477810159312803,1.9991036863218767,0.22307610707285666,1.214821591329779,1.3489949335964508
0.8096250247076633,2.06925068654653,0.16431809425167784,1.2892156523228828,1.4131419207643516
-0.20184804910753867,2.0130161436435583,0.082303072821358,1.2586293217953735,1.3699016508867345
-0.6184131236275848,2.205040602357225,0.07369777072377,1.2991399135414565,1.4216797629186548
-0.7540400564600663,2.034733534700323,0.10460561327447826,0.9836302667865994,1.27353040924121
0.42343607456819066,1.162350364672655,0.10082121951847627,0.23322675965670728,0.6918142448690326
0.32149204999780656,1.3548750221323764,0.10316932362698235,0.2933079541011292,0.676755720580693
-0.7628394583667584,1.5579866212754572,0.11117839177589021,0.49587000838663375,0.76846300969197
-0.36745138288184487,1.6078403553142515,0.11150338579985597,0.46874655780468916,0.6033237742345584
0.6343584826964657,0.5102301623778716,0.1117169440162659,0.05686950488922874,0.6074404516420677
1.0099732573331062,0.26231060823669844,0.11165265742365756,-0.2758509533271676,0.5955081512844734
-1.028251240378723,-0.08145911323789128,0.1116539913219346,-0.2830768665362107,0.7447264061352024
-1.3805523326506808,-0.7810742731835809,0.11029394800355559,-0.47495770729634773,0.5763427929622803
-0.842267394299364,-1.1340406149468796,0.10957979335672889,-0.569111861718796,0.6046489660790155
0.9613943745067539,-1.1974032940136443,0.10629366364763704,-0.6697162806247017,0.5827138468705775
1.4125019310588163,-1.3824757753323942,0.0988732360833533,-0.8638502925036584,0.5032988849486872
0.6947849671732006,-1.1346704379390475,0.06826029948546272,-0.659271046223014,0.5329506995823039
0.21943671812061133,-0.5679084962300206,0.07041730010197234,-0.1073830819815624,0.6797973492376661
0.5942065571496523,-0.31800010279966545,0.08067038187882598,-0.04701386162601093,0.8301839328327447
0.34768954906906074,-0.5471020834103465,0.0032863198712232387,-0.12331394671873046,0.9435525588730429
-1.8432924541751756,0.01705419062289051,-0.08234269815535676,0.2529316902288038,1.1167382649370678
-0.7603621313045289,-0.03359989741580669,-0.10265755720040692,0.3682112819610752,0.8222476295418816
0.37849856139058835,1.1557497049237104,-0.022768241268359028,1.6985019037459208,1.129307714103541
1.3103856256361803,1.28621712702779,0.17875223080575917,1.8066015653532066,0.8975008434599673
-1.3693918985069313,1.0750278879345345,0.3894084035528875,1.6254939042865517,0.8063108763454132
-1.6363757524944915,1.3377548657693363,0.6480553082680531,1.6535435855616563,0.7123973679200765
-0.7483989693525299,1.401366144759215,0.891414313460213,1.653760868266543,0.6909156486935335
0.1986909497099744,1.985044899675786,1.0939000931000769,2.3046741619888476,0.9732041007019935
-0.9522028662819666,2.451934936023211,1.4445167707946034,2.7124981344952355,1.0673092506115176
0.7211370119483377,2.862741422551704,1.7510485733867867,3.096194125895427,1.4162411770159926
-0.4938306815244798,2.2380458461208144,1.9286395053211625,2.5211832393850377,1.4116842895817876
0.21974054908609322,1.9460016217554539,2.018549225087368,2.4274282787692427,1.406284454850631
0.2286670160880451,2.53072399182764,1.9860255095117587,2.939738956278394,1.5779060970128755
-0.2769474926085586,1.889124953871639,1.9501315365006129,2.5387938341799487,1.568288339407218
-0.18425302720879938,1.909480041821136,1.8183753024167018,2.4174389169573054,1.5589365050739836
-0.2984308530112967,1.5188319820761957,1.6808593524596809,1.460071106879168,1.8131878990925765
0.6017441007085326,1.5624628347335936,1.6240738177723824,1.7825701824107725,1.9204274168620061
1.1384085886187036,1.678274946332583,1.4710325832722095,1.7761982407627983,2.116970750377575
0.0001664847739073856,2.219633615086567,1.3786432096554961,1.8376437684704654,2.21559088690867
-0.9687285553289131,3.0351033306620496,1.4315804808670751,2.410724376067671,2.6309171502720647
0.21989803303418629,2.4256894368082578,1.3886274802224996,1.7969260001918157,2.7116372590466087
0.38012602408991375,2.081140395650777,1.2276961920553686,1.5273337473744235,2.4722387795580136
2.127365100588194,1.2019080506157405,1.0562700489862582,0.8973654957860243,1.9070617582936336
0.06792693186412992,1.137047738917458,0.9587016919713175,0.8668852800678787,1.8151542072183944
-0.09581778005289582,1.1454400999570946,0.8423939317552258,0.9449403019840256,1.904646739322847
0.7182826318425741,0.6957421018880258,0.6861096804202872,0.5257716457394398,1.7084126905134278
-1.5273967782611808,0.9669707358806826,0.5661905051893238,0.6586627586657519,1.726457529712156
0.287398363866834,1.3058134720900176,0.43767576034215655,0.7509169526919761,1.1267788612803984
-0.5356840111192737,0.8023392222820735,0.22882245955963318,0.42362856209776256,1.0542741518763277
-0.132913600079016,0.8906757474481508,0.10269057915278168,0.07363160229974472,1.061498902449217
0.21875861641428776,0.8334820239939887,0.09791124053049449,0.07290901097884048,1.0338165573976752
-0.01641518793844525,0.4450481628582051,0.1019956114279074,0.05738087720863795,1.0506012139666714
0.29223819763806747,-0.5163128304001076,0.10330064364967469,-0.517695699421834,0.7911534327438458
1.502319958597812,-0.4880034196464476,0.11172609995537512,-0.5039007742045698,0.6506204319840937
1.0445254092631175,-0.6576469336302447,0.11205702456089443,-0.4923393130701007,0.21707404496978241
0.703965844588464,-0.6162935481662297,0.11178481860510696,-0.5222940078275887,0.1431820460029661
0.6182458890088501,-0.40753395205054255,0.1117784763760346,-0.4339407963170155,0.2663133776336444
0.32635204745252255,0.2991371955939361,0.11151110014413401,-0.08768817336368372,0.28786863161502985
1.2877302936675665,0.17213533195369277,0.10926282266699516,-0.22537466505599707,0.21129865267765657
1.1542582923337132,0.05816797071056553,0.10848141718006588,-0.11431288434161967,0.3320792494673732
-0.9100046232463059,-0.26187141969795696,0.10722050364387155,-0.2234898639182536,0.12635183090828936
-1.3586798452119206,-0.012889825808918884,0.12046743891456507,-0.20967472635634868,-0.012505186647609952
-0.028792137506921233,-0.2945515185410351,0.10615244127034452,-0.380378083019213,-0.2629772274209756
-0.8094179748348046,0.3767537642881658,0.07505982401577412,-0.11577827932806888,-0.2663054256507868
1.2649462687789512,-0.021975620185423234,0.039878099534800364,-0.2578660090658904,-0.7620929860575067
1.229744871254901,0.010085751337637982,-0.04958340961106799,-0.36379233831568697,-0.7790948926518687
0.262323859191941,0.927561661067977,-0.15325449413096176,0.2668054435901668,-0.4930339656745053
0.7511409569056952,1.1674663971313597,-0.2367215719646233,0.3734861986036767,-0.4066632000023386
-2.1379022078121768,1.2806910503439461,-0.32229172361570496,0.4570177553002157,-0.3210482347351532
-0.13163404989429808,1.2512746226983122,-0.20583460823699937,0.9847721800406951,-0.14366374504996487
