cyclostationary_mean_tg_3,cyclostationary_mean_HS_24w_0,cyclostationary_mean_HS_1w_0,cyclostationary_mean_rr_4w_0,cyclostationary_mean_HS_4w_0,cyclostat_level_Como_1w,cyclostationary_mean_HS_0,cyclostationary_mean_HS_8w_0
0.723001496938004,0.9157949608186055,2.7020044115728994,1.447307133279932,2.6443527823352446,0.5426562500000001,2.8708792480914704,2.141250269073917
1.550126592436975,1.0550080730925087,2.7156598911959633,2.8417459382702996,2.598304795717275,0.6934687500000001,2.501196251363331,2.449444354543637
0.0897082374729638,1.1959784017890354,2.540322628099208,1.7728908625992141,2.617691146209708,0.7739151785714286,2.5239949196331666,2.6629966330348744
1.3034096608867336,1.3311851618856714,2.5062295215599457,1.7526300894736269,2.666534995802017,0.7260089285714286,2.4337333054817,2.753836446440854
0.5818935411649636,1.4690274000113999,2.4778144818142005,1.2939155079931022,2.6668623195783625,0.6525937500000001,2.46766225932679,2.7388452266694863
1.8290814036694236,1.6097463595503556,2.518176585777741,1.2166179693847108,2.592584856791594,0.587109375,2.5129014130142777,2.7140500680622313
1.7277321830973316,1.7723423789613904,2.741796094262114,0.2631514572422154,2.678694820573736,0.4971763392857143,2.909572980755292,2.773470582169987
0.2475720803157292,1.9215799844763282,2.8233402947256105,0.35813509889356904,2.710133881632868,0.4466857142857142,2.6744191849117085,2.8327231947850335
0.1092247834828274,2.0772480673923255,2.7557561214243473,0.6616225324940938,2.7826635528820387,0.4255375,2.7755449011127014,2.8723384312200473
1.4903645220825703,2.209272827289541,2.5970050283491846,1.2402534123283027,2.7599466651555042,0.4685392857142857,2.360757858453129,2.8102682172009
1.76495856100833,2.364583836318036,2.6081964655591667,1.0968334501758312,2.818740108519418,0.4878705357142857,2.7991119490587573,2.8462169974498077
0.5275330354781791,2.4871343129224073,2.543490267544446,1.6773444462695706,2.6750456429585534,0.38771875,2.2348977655981335,2.808275457929585
0.4485161939267634,2.597354037113763,2.1422540150816274,1.9462014391467648,2.533455996374271,0.2798984375,2.0072676611506597,2.754166241405364
-0.6063926140082394,2.7230550321542792,2.168311300641938,1.1752338335018053,2.428364463949699,0.0800948660714285,2.2861589166165124,2.729427258265735
-0.9963963070907781,2.8347535993560475,2.176684419551469,0.8199895345224594,2.3565924441982844,-0.1117723214285714,2.023160221654934,2.667697662367378
0.6266234264930411,2.908817228910899,1.7152249509876032,0.5880790626411215,2.0576655085209574,-0.1972812499999999,1.3736359826022024,2.4780208744355554
0.9802550424012629,2.9264960116973304,0.8383683693938393,-0.19688631642370247,1.6518906410517542,-0.1195267857142857,0.2899310190807246,2.1855121493856626
0.02542897916240401,2.9272190040698436,0.14231818698657803,-0.5609306087558765,1.2324394689765577,0.0351919642857142,-0.0025493708867161124,1.8442098446213107
0.5707146577353283,2.883375134200745,-0.009985932161761977,-0.6936413499197304,0.7528331468355068,0.10303125,-0.011270094509428586,1.5535837284904483
0.5190466302877339,2.7885563082078613,-0.016663621504963012,-0.9696221177561882,0.3266238529996873,0.1988828125,-0.015823044687120563,1.2096170169447722
-0.3599653289235626,2.644055548876337,-0.014972688479253394,-0.3280968313345459,0.038106926003320614,0.3261328125,-0.007929054754243044,0.9372390993973994
-0.5741543295221002,2.4925621380944416,-0.01302514953161542,0.2064209049734155,-0.024876750959165313,0.5106875,-0.01196635055832397,0.6919235178912199
0.14735315785087766,2.357673889963037,-0.015967338243700422,0.43742210307048346,-0.02715093006264117,0.5375624999999999,-0.013753788755126112,0.41229594601162184
0.33193563413128785,2.2363402892723134,-0.016797775663108576,0.5492422794399745,-0.027629710544596068,0.4233928571428571,-0.013609655769773821,0.16400673099123297
0.22389586769063927,2.1001019067620503,-0.01703585202575861,0.8562029111776033,-0.027299088144718143,0.3421428571428571,-0.014226510971397741,-0.004840044979071368
-0.941011081607927,1.940548840891139,-0.016588335909424625,0.8740462407922588,-0.02829390789430118,0.351,-0.012724162951255783,-0.041588382589442544
0.6073249147351938,1.801278603257282,-0.01655442287450561,0.6776529149096056,-0.02875023765829218,0.4034609375,-0.014158125019099434,-0.042923904685078305
0.9611770058383037,1.660289334656081,-0.017182572686340634,0.5373592666972984,-0.028793939961820263,0.3989787946428571,-0.013967376905189496,-0.04323923129151626
0.20328663002287148,1.5246164924695969,-0.016773854349647656,0.6653919568145044,-0.02873990745871718,0.4746428571428571,-0.013349348063147656,-0.042944101367712505
0.9111947957079825,1.3865608860443337,-0.016378633600400424,0.4458096181527313,-0.02852457197423378,0.4391875,-0.013184620252818665,-0.04357590992160849
0.320666067900773,1.245729424772841,-0.01759639520067748,0.43341805343789586,-0.029158399812138386,0.3031160714285714,-0.015756497160980983,-0.04403693049807561
-0.42729368941540186,1.0832295259481257,-0.017071691459226178,0.4174115298583935,-0.02874110734380404,0.3338348214285714,-0.012144785811407812,-0.04384420239399598
-1.0212112935408737,0.933862152224416,-0.016847856678161934,0.30857972114453874,-0.02902336185772176,0.34715625,-0.01531471649279133,-0.04405205671890823
-0.8566422603396286,0.778146774564064,-0.017804499894487187,0.6615886449314717,-0.029168214912612962,0.276078125,-0.01403799089495956,-0.044032656680544825
-0.03981283715581614,0.6457299080800318,-0.02175301960369963,0.45264047535785873,-0.0312386252540413,0.1943191964285714,-0.02312832439949317,-0.04529187838909617
1.4309640560496584,0.4900570372561055,-0.024917622680203227,-0.013135578677235426,-0.03218302160073989,0.1593348214285714,-0.020300566903422943,-0.04603564762118896
1.1234760304402338,0.36728894039372983,-0.022135040070146054,-0.18747844579992853,-0.03332090506072284,0.17709375,-0.017624220146212382,-0.04647740638696845
1.2454260094370413,0.2557149795102968,-0.030218491810181578,0.4094265472865438,-0.03771576336474426,0.1301875,-0.03625923432846377,-0.04928915712127046
0.24808747372157702,0.12302828828286565,-0.09316113494219479,-0.5618024174363273,-0.06450852450407847,0.0525,-0.14200433946503208,-0.06504392468712218
-0.46521973550021195,-0.0019164100621537259,-0.2023728553770992,-0.4741804524564575,-0.11242827464470904,-0.1232499999999999,-0.25212826807576155,-0.09390881831258546
-0.2768966562176129,-0.10391341704191155,-0.37751001981339183,-0.914339362266966,-0.21041401566012202,-0.3997890625,-0.48807174695532746,-0.15215611678900468
-0.842204102244104,-0.1294323715628272,-0.3407641864535464,-0.8953128619156737,-0.24423800181369337,-0.3887890625,-0.17956497039587707,-0.17214238898304357
-0.46935837582356305,-0.167996565073221,-0.4463485858693765,-2.0576986548230467,-0.3827837781688488,-0.438875,-0.6964348983273573,-0.2559807947179383
-1.368660378149199,-0.2255458954699774,-0.8828885408287425,-1.6301335615704295,-0.571780953053097,-0.646125,-1.0414952551157677,-0.38130978479319405
-1.7550455328629055,-0.2906061959297224,-1.1280958845301627,-1.7131226582962689,-0.7669430150840238,-0.6926517857142857,-1.180619720353841,-0.5240606389838428
-0.8946940716969614,-0.3452807060756968,-1.100995170844144,-1.4496623744874626,-0.8721377316477936,-0.6232142857142857,-0.9880433045780653,-0.6433868104521782
-1.2251903917417797,-0.41613629988217704,-1.147947096025011,-1.5561354384307577,-1.1023007832786813,-0.47340625,-1.2729741800384502,-0.7959517891175307
-0.5952090217105649,-0.48381231928263035,-1.2759556760911575,-1.0369302436135635,-1.2160164103344344,-0.4007723214285714,-1.241685392621094,-0.9303098776530145
-0.5472222100937555,-0.5357889776548195,-1.1176532794714236,-0.8995090294509293,-1.1983121582628449,-0.2871707589285714,-0.9616162105996733,-1.016761621487818
0.9511197780295035,-0.5846285273975335,-0.9567053117445744,-0.7500666888431848,-1.1426854916089344,-0.2711171875,-0.9248518025830557,-1.068564880476497
0.7463300293474627,-0.6243601133146602,-0.8576030317935354,-0.06580868657125767,-1.0940875966331025,-0.30146875,-0.7672336897914279,-1.1384357516403598
1.3796833426532056,-0.6540905524395711,-0.6927692079875051,0.45141792881804105,-0.9496222956379314,-0.294453125,-0.60018915640037,-1.1234292008806999
0.7044026319466261,-0.6613462952069122,-0.4072991651697988,0.506027300589951,-0.7295281130403107,-0.251896875,-0.2042520039152546,-1.0167666935382529
0.4734740737753569,-0.6964128269762542,-0.44419218815465633,0.7888104752709447,-0.6679896581720601,-0.19915,-0.6717807780229998,-0.9523176372145413
1.0810425630702687,-0.7354448312178636,-0.7140781505752397,0.911553736161288,-0.6288744540795471,-0.1327107142857143,-0.73538439827269,-0.9198289729445516
1.0300241400481687,-0.7600649423665844,-0.5988770853716646,0.2788559447976334,-0.5635295629519819,-0.1233872767857142,-0.44205624559580364,-0.8179382117284629
0.14633946835250022,-0.8244003164016476,-0.8103771589140498,-0.06255607056042091,-0.6826583798256715,-0.2222578124999999,-1.1513370443770377,-0.8084925998993117
0.4977295328908821,-0.9010852309769539,-1.285608857682813,-0.18723149386398633,-0.9332072615494115,-0.27165625,-1.3810143473844416,-0.8615045015501147
-1.250408120971417,-0.9612699944932662,-1.26141489974281,-0.011624980560353293,-1.0250379410278057,-0.2682265625,-1.1048188290208005,-0.8850741059072301
-0.7099966965652219,-1.0024542175110946,-0.9513743913905165,-0.13873449131917154,-1.0329418207461578,-0.3172578124999999,-0.7695076163207311,-0.88739793607118
0.20333497132657588,-1.0373145844436948,-0.7254414522092564,-0.4872090096668703,-1.077042398147619,-0.43884375,-0.6586481186138297,-0.8970151105799145
-0.8050428524804463,-1.0547467757918545,-0.506941664498629,1.202443424673186,-0.905262823559858,-0.2426517857142857,-0.33786764071692776,-0.916630856036346
-0.2914176642789376,-1.057955123728955,-0.2215467460773469,1.7627565084046792,-0.634705473467846,-0.0053627232142857,-0.09430992876147277,-0.8474013427738329
0.7031906990892479,-1.0534927954016202,-0.082308309490052,1.3821827284646273,-0.41642291110725516,-0.1009296875,-0.06257320131093949,-0.7659912487943095
-0.06373517678155888,-1.0408036385177548,-0.04564899272105828,1.947891342276116,-0.2599118787160617,-0.05321875,-0.021894566061568334,-0.7135265671549684
0.06376907388595844,-1.0147442678190786,-0.02244764233832849,2.9321256992676523,-0.12581013720191733,0.0457578124999999,-0.016664097749777083,-0.5732726782488485
0.07181298557759551,-1.005775293571369,-0.018896540035740043,1.1443104102812032,-0.05836493217227758,0.0074453124999999,-0.014857085917528616,-0.40483356528486275
1.950537788797128,-0.9677526191876824,-0.017428738501653555,0.7275384566734596,-0.041485364605791476,0.0294375,-0.013753788755126112,-0.2714061315667287
-0.4559488631514137,-0.910320815628707,-0.016797775663108576,0.880568711016492,-0.031299197852460256,0.0930803571428571,-0.013609655769773821,-0.17901730371996408
-0.09591627252770202,-0.8451924551366528,-0.01717367512814624,0.44092989423246565,-0.029768662525676583,0.1146428571428571,-0.014498489587351036,-0.10062142619707057
-0.9318241702737627,-0.7908506231439603,-0.01748484759314988,0.7775608769295309,-0.029265549460667718,0.0675,-0.014226510971397741,-0.061260214802278404
-0.28658272502207804,-0.7200909925452537,-0.017110504608270422,0.7173277454329532,-0.029035575978624883,0.0356875,-0.0137573955809293,-0.051395419120618915
-0.35122404382688605,-0.6524359251534196,-0.017076591573351403,0.9679725581545447,-0.029119421582282024,-0.0096640625,-0.014158125019099434,-0.04554989548890381
-1.33441752243976,-0.6004357553161824,-0.01677545311468215,1.82422733794484,-0.029026446435297993,-0.0494140625,-0.013161048285376243,-0.044506160032972995
-0.06341015804056531,-0.5515338897600711,-0.016204744431145,1.5486404258186783,-0.028721507012200363,-0.0020625,-0.013028301540376094,-0.04407423960861719
-0.44370948500162477,-0.5119681684658884,-0.017517533000970965,0.7639025052033672,-0.029043716367407355,-0.0412589285714285,-0.015756497160980983,-0.0441848134615331
0.03955601482398122,-0.482210745653662,-0.01783274547129945,1.290471693838453,-0.029021923469895565,-0.0740401785714285,-0.01365277174285543,-0.04417198794667576
-0.053267351933894334,-0.4749390383789117,-0.01677305233372036,1.0617015316231047,-0.02891856269621843,0.052875,-0.013662313828539137,-0.04417834489442355
0.3208214469637627,-0.44002341976014153,-0.018039783012777002,-0.3194918431892882,-0.029542467079654546,0.08840625,-0.016158883895383943,-0.04437987854810447
-1.2475808687620211,-0.40094041777830147,-0.01729852579062747,0.22586397441206235,-0.029369409561489444,0.002640625,-0.012194130137145907,-0.04413684172112199
-0.6134430969960474,-0.3762749388002173,-0.01673161655014011,-0.11757684686215109,-0.029215041108771687,-0.124515625,-0.015040066867171516,-0.04428910012509141
0.38695423909235294,-0.312182192968948,-0.01902357134959647,-0.1770768745223883,-0.029855572867325975,-0.22009375,-0.016731161610477902,-0.04459971284687176
0.7978849275095192,-0.2365468898960752,-0.02866567026741648,0.18066177070842787,-0.03414390709881686,-0.203875,-0.03407690807815199,-0.04717274714134251
0.2984881989847669,-0.17743886122476105,-0.03741198766146148,0.053822534654192775,-0.03787125474640197,-0.0849765625,-0.034029454013097975,-0.04972036764036351
-0.34214346151605535,-0.14248921592837632,-0.08874349069406975,-0.6855226850652422,-0.06370728575778824,-0.1294765625,-0.13551202592290862,-0.06438918829883099
-0.22810930574797003,-0.12041501593211668,-0.19786072334154897,0.8033607623673049,-0.11291661069459669,-0.231375,-0.24953875816599674,-0.09336240329822076
1.600723502577769,-0.11364998294768346,-0.2308094155068726,2.385942404077752,-0.15178991284915574,0.4695859375,-0.2001613307128731,-0.1167024354806869
2.349484400408762,-0.11900480321338384,-0.1924329906470075,4.382639300447905,-0.18168161407505792,1.5135859375,-0.17294509774111103,-0.1368323661005799
1.412361344037989,-0.12572785512116813,-0.17251615988411922,4.827605446468357,-0.2091382178335516,1.4960625,-0.1602230428081875,-0.15609545593558605
0.08891092432727737,-0.14162128770056545,-0.23028516941328303,5.204753916695914,-0.2418601805457308,0.7267232142857143,-0.2868890679570793,-0.1905423774161968
1.7034694097534138,-0.1594985672855284,-0.3122756104642633,3.9341674330733083,-0.2579273687974049,0.3838169642857142,-0.3223915416272859,-0.22897560230454758
2.1585600683749595,-0.18729868278240375,-0.4207142544259693,2.431024743727488,-0.3215194915618806,0.45859375,-0.5013207871231707,-0.28724784439463447
0.17857997469792888,-0.23595696560541274,-0.6930027792627591,0.0022698044385812363,-0.4664155591416788,0.46846875,-0.8595074373077971,-0.3905004395209829
-0.24031102153706305,-0.29415605231627817,-0.9654683515431132,-0.08412982605525758,-0.6510589029100446,0.3682901785714285,-1.0391570263282612,-0.5028687350430399
0.0547300351033277,-0.33937131227752354,-0.937527672170239,0.03378132922484089,-0.7601089347351301,0.2341339285714285,-0.8046001629745839,-0.5725796277844478
-0.45549132687676064,-0.390806222260665,-0.8724647129903395,-0.02447605888043114,-0.8842862186852319,0.1547812499999999,-0.9102330511995579,-0.6612168879742806
-0.742413953106783,-0.4337682674258326,-0.8507788210444562,-0.5586123787305304,-0.9395123425309181,0.152109375,-0.7617574066494807,-0.7342427592968876
-1.1389450108251558,-0.4373117872303992,-0.418993158584342,-0.5628375966475052,-0.7708590947702262,0.1187388392857142,-0.05773162457151609,-0.7219178247083259
-0.9287656396289741,-0.4403180687795782,-0.056880337704891266,-0.5943912284894194,-0.5626071794868229,0.1219982142857143,-0.046618470858716766,-0.6927081749713943
0.49770315160850864,-0.435913561318603,0.02351542767403903,-0.8541604121288681,-0.37298004627443365,0.0780375,0.10186029179340565,-0.6419114250605146
1.015243963516144,-0.44969645343604486,-0.05730854541506907,-0.9441355840768655,-0.22631320461761367,-0.0542732142857142,-0.20437074176237927,-0.6080819866649464
-0.9886140740393479,-0.4246843896967389,0.14073824394410467,-0.9337060209056863,0.03561630461645454,-0.1486919642857143,0.49410533471410967,-0.44338931239341933
0.2650601403064907,-0.38109777219516966,0.665231028690959,-1.024900915412843,0.22044798659235304,-0.1860312499999999,0.8316557675825738,-0.21569157706714978
-1.6316167251282037,-0.37129897901317493,0.5132814608415514,-0.9755076872054016,0.270433763122746,-0.1685390625,0.1924780813201075,-0.09325185107647879
-1.012710169864198,-0.3373610551067669,0.4066933518877778,-0.8345173665454645,0.3800222257474237,-0.2445926339285714,0.6190448040414871,0.09547578813282664
0.4553229257613214,-0.34588385842468006,0.2355117950672722,-0.9495064432949734,0.3944084467075516,-0.3464598214285714,-0.14615157679008536,0.17167046927865934
0.6363755037597087,-0.3595351752187223,-0.20544979314409048,-0.901368334138397,0.24033706217481446,-0.38103125,-0.2525361835355358,0.14872087793307445
2.159892084488837,-0.3699544712812829,-0.2429425159044339,-1.0749960304308361,0.022377241171954665,-0.3070267857142857,-0.22115242593586087,0.12863435047398622
0.06382261934836575,-0.3683564306206228,-0.11640305757140405,-1.1413860676975565,-0.017337235346979753,-0.2066830357142857,-0.002868181050466653,0.11786201660664428
-0.06136413064845992,-0.36082316664529707,-0.0035927583587566964,-1.1158368340375227,-0.1460754949343679,-0.2782187499999999,0.001738881855010575,0.14663821847634279
1.3382862942598044,-0.34734803378780305,-0.005722859182988692,-0.8217327712854714,-0.1160489433621293,-0.3570546874999999,-0.007138812824510224,0.08843760766537148
2.215890436568305,-0.3365310860912474,-0.01406754186660587,-1.0729397747019,-0.06581493390703497,-0.2994921875,-0.014806525916442518,-0.01210488243649298
1.8315033381582446,-0.32678527293975673,-0.01802169762849744,-0.815446204597113,-0.022538828134255163,-0.1899375,-0.014978607973087652,-0.03602186073612087
1.2631437297812793,-0.31745007541581594,-0.017490081121462008,-0.7370002941619092,-0.024734286269498782,-0.1614999999999999,-0.013753788755126112,-0.11278382724280729
-0.3966284155697508,-0.3011159220802187,-0.016725639336695377,-0.2558662917368362,-0.027867369916363623,-0.2169196428571428,-0.013466811485432365,-0.09549708174694001
0.9665761639673929,-0.283112434158649,-0.016963715699345593,-0.7506296101530129,-0.02932534606447473,-0.3587946428571428,-0.014226510971397741,-0.06585237198189317
1.11564148322765,-0.25525202097181504,-0.017110504608270422,-0.38438221002168194,-0.029107192595137443,-0.5355624999999999,-0.0137573955809293,-0.040376314375157873
0.6593857972188301,-0.2066146901574252,-0.017076591573351403,0.08648338381987998,-0.028935664838133014,-0.5018515625,-0.014158125019099434,-0.041656892808563904
1.473469486615609,-0.1484343924519266,-0.017182572686340634,-0.19369276674598257,-0.028979367141661296,-0.3353962053571429,-0.013967376905189496,-0.04351390183257104
2.6190860280325845,-0.10315809709651266,-0.016773854349647656,-0.9940578904546962,-0.028954978794795503,-0.3516071428571428,-0.013349348063147656,-0.04424394214293269
1.2489209541618187,-0.05166896377936407,-0.016378633600400424,-0.531299182356428,-0.028739643310312292,-0.4070625,-0.013184620252818665,-0.04404859801748388
1.3454470993854555,-0.008817345034895634,-0.01759639520067748,-0.28891454544139533,-0.029158399812138386,-0.3743839285714285,-0.015756497160980983,-0.044144643586816724
-0.2993457979555733,-0.005241371988121334,-0.01777927640935777,-0.9199868564530235,-0.029031132942972823,-0.2321026785714285,-0.013546769013716169,-0.04411923528053295
0.20894189886307443,-0.0023958074582583317,-0.017981467611621314,-0.6708846575915407,-0.029487892624620038,-0.16846875,-0.016158883895383943,-0.04444485997973409
0.9407544668183601,-0.006974340466453478,-0.019374757408130727,-0.4581405997058558,-0.030102099629664366,-0.2042343749999999,-0.01630459310912408,-0.04469657304788683
-0.20649651507308778,0.0063333811306207155,-0.0237045365177857,-0.6922665311973474,-0.03250289593825657,-0.1925558035714285,-0.024728387492898938,-0.046021099626128145
0.10150272633872957,-0.018771591203805248,-0.02319363559058497,-0.3924200265721866,-0.03240736644769788,-0.1747276785714285,-0.015288200637525815,-0.04616279739992627
0.040594936463250526,-0.06246020503666822,-0.018560470256116568,-0.26383777487761806,-0.03282684697432365,-0.1613437499999999,-0.015558025635042435,-0.0463567422145148
-1.6100315881982348,-0.07051314731944405,-0.004520760499581798,0.07531148660031174,-0.026710968751551885,-0.27325,0.012293825161765155,-0.04303172226574574
-1.6850412483599186,-0.09957271816671533,0.037219416953660496,0.7018998275108173,-0.008907761399425689,-0.2934375,0.06644841976231373,-0.0327300183413075
-0.2653939828405086,-0.0753961520041222,0.16765116977484976,1.0077663284339122,0.052779141139827145,-0.1651249999999999,0.27028043550444775,0.00217875866771897
-0.02928179253052956,-0.034450015074573646,0.37366205395545066,0.3957642785770608,0.1553868188024116,-0.2572890625,0.4738624552417526,0.062014209870427536
1.6662909109584214,0.015254222184306785,0.5841243496122914,0.7224395861393422,0.3019465597128382,-0.2416015625,0.6865783208459072,0.1474321778176495
1.7134582636153939,0.049561972500088834,0.6665772822141144,0.602210409091578,0.4317929668518076,-0.1504375,0.6380082243120359,0.2262864762434282
0.6365055964577829,0.07713061043445683,0.5879065194185216,-0.03405295141211637,0.5272861240052501,-0.2098749999999999,0.532221459544024,0.292587727062149
0.575789588463755,0.10094278212362039,0.49739651118219025,-0.2947671795442701,0.5653000015144617,-0.2570267857142856,0.4598906895957459,0.34866826939645623
-0.35320479179228836,0.1368975303990418,0.567863910198098,0.10222633222148636,0.6048514628208383,-0.2332142857142857,0.6716076477768708,0.4307751642597449
0.18939684667655401,0.22656309623880877,1.1431499431003898,0.23630823514968616,0.7962470369081606,-0.06934375,1.594103358706169,0.6251130434263146
0.3149007650554627,0.3389384926477807,1.8091768697676673,0.17999965356399167,1.081139208844656,0.0207901785714285,1.9840814356539824,0.8614484623761575
0.9841659672262808,0.4816131641762767,2.2833486892126547,0.4982708296506738,1.5030602064124783,0.0393917410714285,2.5299441674448713,1.140307302232249
-0.7227341414441667,0.6011158661642514,2.358271879779784,0.4802201024544702,1.8561238779036042,-0.0608046875,2.1332530189779417,1.3441261871029642
0.3796721224856851,0.7121312603459389,2.091244888993669,0.038146294077175645,2.136600905956364,-0.17896875,2.0047184297898633,1.5055056283689754
0.65513885703115,0.8158189618637719,1.959451534824895,-0.5176955226018464,2.1939044808566304,-0.257890625,1.8742056584799587,1.6573855020192156
-0.6961396904193355,0.9400607536610508,2.0726439603097115,0.0189882813858782,2.24332111688062,-0.264021875,2.2276198481268,1.8670998152638323
-2.1505582425919494,1.0691085154645723,2.287098368917159,-0.19760160877287744,2.193664496797941,-0.1385875,2.2961764714963513,2.09533791523653
-1.817213006185549,1.1810527807062285,2.164910341717543,-0.039135586836578515,2.16314724611988,-0.0581482142857142,1.9851880395034518,2.259597108284734
-0.9385729475884926,1.33799023025243,2.3959181508283156,0.3231572421558096,2.3232293155616364,-0.0443247767857142,2.7504236529167767,2.404220698511746
0.36711194904062233,1.4467266269282442,2.3555692656703817,0.6255780862529432,2.332443779696702,-0.0503828125,1.9044274423381284,2.3950213653333727
-0.48002672573012634,1.5587941049608662,1.95134985804547,-0.11271759816500791,2.2773273224729076,-0.11353125,1.9522713082421,2.3254723074276384
-0.24910036148909634,1.6703076119696827,1.978928561866656,-0.023752911325639628,2.2076187721328373,-0.2016640625,1.9591695778172409,2.305696366316279
-1.2717393904254968,1.8003125551185077,2.1644720393038854,-0.017151100917190937,2.2771571985875365,-0.3163203125,2.321380664411958,2.3454384435587414
-0.33101464978862605,1.9245751536666635,2.3132137246500197,-0.4268960083790461,2.1691930209741423,-0.37884375,2.25618321250499,2.3916136350771118
-0.8955229663538046,1.996608710529292,1.7991539838119686,-0.18244103621877972,2.0409287716102384,-0.3720267857142857,1.3067347082353618,2.2776421522227457
-1.6931257371173387,2.054996727800773,1.2094972891346814,0.4960605431626155,1.8568453492255348,-0.2331752232142857,1.0907564867119897,2.1277829617944297
0.08094705630273259,2.0717354243548964,0.7454421989680214,0.03001048991326262,1.5255053169272033,-0.1478046875,0.38940739679884634,1.930442173193647
-0.8593060203493565,2.0584221655072943,0.20891763202924846,-0.0692536852015412,1.0450211612489249,-0.1944687499999999,0.029850522653723538,1.59330950147549
-0.3209708422640436,2.0315774988661928,0.00800492224463991,-0.013574515358678726,0.5717619588949079,-0.1808046874999999,-0.008065484443419224,1.3564744949509777
0.04815373808266146,1.99337711491981,-0.014462452689347514,-0.4959319675236561,0.2957386372743892,-0.1731796875,-0.014662703620020345,1.1123893267586662
-1.3955459694832384,1.9585692690067134,-0.017286886990508666,-0.8853109390677796,0.06518584541690928,-0.1186875,-0.013666804891259826,0.8684958540772649
-0.10224585614828346,1.9302164004561977,-0.016714379281736885,-0.6798620255104225,-0.018749975602085855,-0.0962946428571428,-0.013531324386249367,0.5822741153619232
0.11944683765495773,1.906026954741938,-0.01713416178545252,-0.7342561658035842,-0.027923314698381246,-0.1337946428571428,-0.014498489587351036,0.30558271291297395
-1.015851028028803,1.8701991492109953,-0.016563715019023643,-0.46999627256851495,-0.028813918136867855,-0.10875,-0.012401436631622825,0.1450256482549009
0.8130614357421909,1.7806002331605695,-0.016189372034144365,-0.509138492361925,-0.028623879083249173,-0.0852499999999999,-0.0137573955809293,0.010756635995153422
-0.42547189154784915,1.668203884742978,-0.017076591573351403,-0.5880212229177496,-0.028725684557979615,-0.1193515625,-0.014158125019099434,-0.038098366853856466
0.5250809392985887,1.5255353941566356,-0.016870480084231244,-0.19205738024014418,-0.02868781588625025,-0.2031640625,-0.013349348063147656,-0.043252184478049224
0.26968788072824673,1.4060869155026652,-0.016378633600400424,-0.19047248981345996,-0.028415152119313388,-0.3201875,-0.013184620252818665,-0.043854967649444423
-0.039407716746853255,1.2949610949002799,-0.01759639520067748,-0.2700136263355289,-0.029114934667449067,-0.2856339285714285,-0.015756497160980983,-0.04398835841651848
0.2569409677110066,1.1913008728820318,-0.01782788003182232,-0.2532157719326988,-0.029091153877156075,-0.1302901785714285,-0.013643123625107282,-0.04398472326348324
0.883349667671807,1.0670750455921612,-0.01676818689424323,-0.6193165398993787,-0.02898779310347857,-0.1415,-0.013662313828539137,-0.044000370386086916
0.29063727032828923,0.9378799325007294,-0.018005595467841917,-0.5616182186248094,-0.029558710706052514,-0.22628125,-0.01609117974189011,-0.04419377584219674
0.5683562104000702,0.8257724411592043,-0.019314242085914306,-0.5784344076249278,-0.030196206421423958,-0.153296875,-0.016252401375064972,-0.04465714650278311
0.6626733732703264,0.6685872010282826,-0.021511232663669895,-0.883336031369485,-0.031168934832657477,-0.163578125,-0.02043806617015578,-0.045465913175291243
2.209563613669737,0.5596342248088293,-0.022204381501268168,-0.5362943957409264,-0.03199691505941689,-0.25321875,-0.017624220146212382,-0.04588402358818327
-0.427355622896638,0.45138197950378534,0.015237503701753889,-0.08732310725642742,-0.01794565925019707,-0.2845,0.053591420850354336,-0.03773449515816244
1.4471053879767661,0.3394599384642592,0.0119481526334092,0.055242876446557385,-0.01961557434329592,-0.2093515625,-0.024138560427427586,-0.03905377557856809
2.185242663392465,0.2034366798130082,-0.0824909189054293,0.9525858958635385,-0.044093233996415786,0.2020859375,-0.13304767305627094,-0.05342121828369301
0.13349472792097658,0.0672927887867696,-0.1873265272982531,1.180348965112655,-0.08821609925616104,0.5051875000000001,-0.23133372946469258,-0.07999793895464995
-0.35954281202579946,-0.029184066757452467,-0.35084156249044945,0.6474129340303116,-0.1801429666941095,0.3389609375,-0.45608838875462704,-0.13424455924966133
-0.26084361544171736,-0.12922935054793594,-0.6043442768476808,-0.15249098211210685,-0.34495921524611967,0.0570234375,-0.7318790351986572,-0.22223790491363205
1.6238571966075173,-0.18191904974913742,-0.662503800194594,0.009579393212049927,-0.4596838754095714,-0.0636249999999999,-0.57090015800423,-0.29033913836869274
1.093442371640128,-0.22688600764276473,-0.6811976982420821,-0.9102750073207078,-0.5935789140152118,-0.1795267857142856,-0.7682732014740982,-0.3828769720800639
0.6277313975078334,-0.26197256036402333,-0.7090202304028399,-0.8166193198233497,-0.6769886095891036,-0.2946205357142857,-0.6251942810823297,-0.4582433757048122
0.7287767227107627,-0.2730967688111376,-0.4276081197005115,-0.6162251774960038,-0.6261230500497234,-0.14703125,-0.21291481816663435,-0.4909874609209032
0.2715547486286855,-0.3081524006722461,-0.4296041027389916,-0.10699922450043377,-0.6051321600038628,-0.13125,-0.6291229796004456,-0.5660501264972134
0.15573220084282868,-0.35658985645888663,-0.7553212685550882,-0.8556405178718662,-0.6660918416355265,-0.27746875,-0.8550198135227997,-0.6562920523801166
0.02870544517535671,-0.3885581690152021,-0.7203679298210707,-0.49545690186481645,-0.6230603035085123,-0.2200859375,-0.559339435534535,-0.6983381173991886
-1.1699662204873633,-0.43965879445752815,-0.7408745954728013,-0.7765723367039711,-0.6807023166567255,-0.2279921875,-0.8952399905145053,-0.7542380341672893
-0.45734027434803776,-0.5078437060017086,-1.061466450714619,-0.722226885009549,-0.8882154821147694,-0.31990625,-1.1917673079074445,-0.8132040313476654
0.0456621301389638,-0.593398740264177,-1.3724982871027616,-0.7600458854130892,-1.0742082974707985,-0.362265625,-1.5093036602397356,-0.9307487737519446
-1.1181480927409402,-0.6687903654034886,-1.4450532336777147,-0.5813293429688418,-1.175301592608019,-0.4334486607142856,-1.3357728920038305,-1.0015652548458172
-2.501769256141271,-0.7563405909219878,-1.470934318140822,-0.7703651881143795,-1.3853266227163936,-0.3995642857142857,-1.5612061449022738,-1.1171809696307236
-1.3036147646326077,-0.8534787257052264,-1.6726374570886868,-0.8484887203174954,-1.5610641234249198,-0.306025,-1.7345100927010741,-1.3054356510364635
0.5368602211891711,-0.9234029026721967,-1.5132628240263455,-0.9112432354983347,-1.5715239254899482,-0.2497140625,-1.2464067759798125,-1.3819110320207473
0.8325980629195445,-1.0048994600584178,-1.376572130633242,-0.7153141798796053,-1.560935222835587,-0.2331953125,-1.4651428039166539,-1.456049538718849
0.2098293607245307,-1.0862967027801198,-1.4891498634883802,-0.6408118511956402,-1.5878756442861857,-0.20196875,-1.4695651045539093,-1.566731938706264
-0.801812639183192,-1.1553859274755873,-1.3907675648350748,-0.3444094436322237,-1.5253114771922713,-0.1060390625,-1.2721578575481005,-1.6103217733517052
-0.6258889440218384,-1.188814520489746,-0.9655752440869473,0.25323319641689546,-1.2919551299449217,-0.0961551339285714,-0.6305538886460361,-1.5382931718962503
-0.030557961207933235,-1.2394920835757834,-0.798977632602214,0.38114774338867974,-1.22638484535106,-0.1336473214285714,-0.9430784314007999,-1.4656460584840152
1.222319319730199,-1.2839828646753408,-0.8666559105189542,0.09652737483632497,-1.0779339108478276,-0.17009375,-0.7646188628226139,-1.3927235512338665
-0.8209832865101109,-1.290961061859149,-0.46683852353487243,-0.04317996590975993,-0.8010497523810957,-0.3834609375,-0.15275502151374806,-1.2181406024885526
-0.5475636031870313,-1.287061995864229,-0.11274344915397345,0.1160428167132138,-0.5482611168617286,-0.5128046875000001,-0.06441268987748856,-1.0114487809581363
1.4548766505009711,-1.275600455966373,-0.047373987261143065,-0.5463098237095119,-0.42132435659185447,-0.35946875,-0.023478260508210363,-0.8598195325744885
0.31657071272988246,-1.2512224863034813,-0.023384179029567433,-0.7467078706391748,-0.22771102416236108,-0.2076796874999999,-0.016939165982131677,-0.681202383893431
-0.8864642420701595,-1.2112368975638572,-0.019004714045745493,-0.8225625049595259,-0.07122003221776747,-0.3248046875,-0.014799876801455291,-0.502036497536414
1.3825612076995635,-1.1803113884839824,-0.01801182815471885,-1.0030811268204494,-0.042482541570111984,-0.60775,-0.014965939667626531,-0.3484587546900835
0.7515804042611396,-1.1376203012659771,-0.017483682615414945,-1.191405371867518,-0.03195020940692544,-0.7018125,-0.013753788755126112,-0.27324566055069466
-1.46781057371017,-1.1028171513859781,-0.016782238380501645,-0.5736276142367327,-0.029903481227497305,-0.6993750000000001,-0.013577807909470009,-0.15992553682352686
0.3106572841327331,-1.0916655942109181,-0.017010561208938024,-0.40703469319643265,-0.02934117817989456,-0.7571875,-0.014207178420181168,-0.06873802391954663
-0.17770145862425007,-1.0566140401712398,-0.017100751074056588,-0.25571294606782163,-0.02912464155798189,-0.7274375,-0.0137573955809293,-0.051872001997172124
0.4902932582813531,-1.0082098842933134,-0.017076591573351403,0.0876067904986249,-0.0289557449517992,-0.6281015624999999,-0.014158125019099434,-0.045812429920258434
-1.6551941807156931,-0.9762130329444998,-0.017182572686340634,-0.413460368813881,-0.028999447255327104,-0.5885212053571429,-0.013967376905189496,-0.04467817497138095
-0.9766679345078731,-0.9251481671351555,-0.0166411347441389,-0.8386433730444389,-0.028896396452579236,-0.5644196428571429,-0.013086618526391551,-0.04422194279288757
-1.6404607144472607,-0.8569134138043439,-0.016057797990463165,0.015374666854162266,-0.02860769752357063,-0.47425,-0.012812172217496627,-0.04398287109957971
0.49033425147483184,-0.7713313958545591,-0.016343739719455873,0.0012613522775017818,-0.028585904626059012,-0.30628125,-0.01365277174285543,-0.04382303639218056
-0.5181932370979109,-0.6959563028095103,-0.01677305233372036,0.6336048446613886,-0.02848254385238189,-0.1915,-0.013662313828539137,-0.043811416722499934
-0.25423361672964134,-0.6085301848488232,-0.01770084175823571,0.9055963888774229,-0.02879995363314967,-0.13190625,-0.015487869086551836,-0.044041684444418826
0.06699117813710055,-0.5114126919394766,-0.018990817662229025,0.8531864862761838,-0.029450245348018825,-0.094234375,-0.016215514281116217,-0.04428496554812787
-1.0232425830747593,-0.4393815225427997,0.0018329221728642683,1.0794597035150044,-0.021427349038841765,-0.1088058035714285,0.025713883767835424,-0.03950849887839585
-0.9455689123872468,-0.3569090691216899,0.012461587820668104,1.235867807477741,-0.017586732558101965,-0.0881651785714285,0.004822281258469507,-0.037217532716299406
-0.9255973465791493,-0.2754887876987458,-0.008462456664989801,0.4689461890978163,-0.018007752819702898,-0.1285312499999999,-0.015687712078918257,-0.037425195577892846
0.8324750885358586,-0.20745262964476097,-0.02899400819729309,0.024347635615975593,-0.022241349237774932,-0.2536640624999999,-0.03580484516160163,-0.04017761598526364
0.6627150774951089,-0.18070166384056635,-0.09254205679632109,0.13915395104152703,-0.04842975396082031,-0.3994765624999999,-0.14126572803617068,-0.05588817510674992
0.21463838853435516,-0.1445858417366597,-0.21627039212877625,-1.2208254302209882,-0.11249775944061205,-0.47825,-0.2802380449568044,-0.08855511588785667
-0.8836238822533328,-0.13032452239037234,-0.39413885389372244,-1.5802335122632345,-0.2167407845356091,-0.5363515625,-0.49266172952504567,-0.1472656511151917
-2.675474854128136,-0.119772152160264,-0.2365221618198379,-1.631538549124422,-0.2065308367313051,-0.4169140625,0.030671920902191268,-0.14104187813594596
-1.891042588331919,-0.09165698918283596,0.21879551048926665,-1.2284102811287285,-0.1121843023347868,-0.4101249999999999,0.4049065649807382,-0.08713687517572465
-0.7979175496335936,-0.08642426407749122,0.22485507540351815,-1.2150964358358056,-0.07237700832720215,-0.578,0.041614080335728096,-0.08341383955442118
-0.4072066332290218,-0.09086835985339936,-0.031891806769643316,-0.8928893393830518,-0.0345343152270714,-0.5855312500000001,-0.10055269195467849,-0.09610894709543442
-1.4995099798620253,-0.08777671081416916,-0.04666427901563319,-0.4860877889884582,0.07281280644156317,-0.5667187499999999,0.012436885019972517,-0.09099675086214228
-0.9427120389067224,-0.11340271352236109,-0.24450439009013047,-0.5765172712188832,-0.036449756058701835,-0.51153125,-0.4920662391832325,-0.14605921265401187
-1.242774538887563,-0.1530655083916502,-0.6256217308980906,-0.5700969744306201,-0.27775696774113773,-0.4629598214285714,-0.7396528062229694,-0.2187742688056599
-1.3662122376483865,-0.20124941944635114,-0.8199216860699476,-0.5848247294278179,-0.47173989358089596,-0.3706082589285714,-0.8747225450054242,-0.2921416913012135
-0.4605748433618512,-0.20421277237261284,-0.5075795288262802,-0.2759247585218377,-0.4740136940854427,-0.3095546875,-0.12499861597535432,-0.24360587116191137
-1.237001170127608,-0.19453014514730219,-0.015335576519582237,-0.40106423008085895,-0.45486677827480054,-0.25490625,0.09384478629690969,-0.23236622105964286
-0.5710700947912518,-0.14937964272714546,0.40460940924641337,0.2534612156709398,-0.20014072421024215,-0.2555580357142857,0.7026161395515942,-0.1923148605419346
0.08671146614001794,-0.026930486311533053,1.3820397999000675,0.5712315814243002,0.3866408888995874,-0.1995642857142857,2.0194570491835466,0.05880454170452303
-0.9475171771900741,0.1229687867758624,2.2931492416351795,0.5907194455363216,1.1039337250782448,-0.09165,2.497882669923505,0.38858303361273705
-0.8616729589882172,0.23441616389145592,2.2028609830218016,0.21681050039801755,1.5212318906154993,-0.0664607142857142,1.8422138141072577,0.6204165199462673
-1.291552856569828,0.4414141030025639,2.7232418334452633,0.22596688571932738,2.246952302777501,-0.0736997767857143,3.526201033208452,1.1234193801159358
0.40615469984707425,0.6233884221411037,3.34764792413358,-0.194071150616872,2.7487824062316077,-0.0750703125,3.0740165010308447,1.6016410451493308
-0.37561594996778125,0.7275101481043815,2.4425404125077037,-0.5036130118207817,2.6875580096546523,0.0074062499999999,1.7418416528626917,1.9298418726282829
-0.7161472513081585,0.726901407538255,0.8545707335171481,-0.38006677359410423,2.143905928907482,0.0769464285714285,-0.054906684267651794,1.9365726139163308
0.591575581059542,0.6742417561278141,-0.5038650594105764,-0.5550621601202245,1.5539597851754403,0.1232276785714285,-0.9366692065372567,1.8068024061469043
-0.4566079407450508,0.632176312159638,-0.866122794697804,-0.6471362774748534,0.644308733623796,0.12678125,-0.7699826678151552,1.6212617575362291
-0.5956700198022584,0.6103606057792715,-0.6040331744654989,-0.8698261515866205,-0.0972625514710702,0.0451607142857142,-0.41875581133309214,1.3124981841300165
0.7038486832742692,0.604084640334337,-0.2913389592184802,-0.8067574234580966,-0.5000182535955151,-0.0209877232142857,-0.15162029411562652,0.9764440427301263
0.38662112885517586,0.6083195993137431,-0.11309159850897552,-1.2285866475189755,-0.5036945812067869,0.0837578125,-0.0662377042457121,0.7334037083555369
-1.1936369598963545,0.6228185626377293,-0.04603154496019131,-1.2073155176161325,-0.3118455128385337,0.14146875,-0.01899713702791814,0.28751614832614486
-1.1251150984222567,0.6493030012274198,-0.02007999591413049,-1.4692690378845852,-0.15426027963536446,-0.1056875,-0.014873993042440569,-0.1025279699855934
-0.026720980792398374,0.64620648314288,-0.01805568715945705,-1.5362949483528825,-0.07004640563228266,-0.4018125000000001,-0.014978607973087652,-0.3248557942376394
0.6597889532147737,0.6207957413441472,-0.017490081121462008,-1.4421764821080878,-0.04129253425242619,-0.50275,-0.013753788755126112,-0.321423440107335
0.43093458407680013,0.6160779468132318,-0.016797775663108576,-1.0003659179924593,-0.030351256288404595,-0.4759821428571428,-0.013609655769773821,-0.20888895458108614
0.11352597417667583,0.6206448646392316,-0.01717367512814624,-0.5956290732676787,-0.029426149457771143,-0.4022321428571428,-0.014498489587351036,-0.1170974372242755
0.7904066235258281,0.6175843112399553,-0.01748484759314988,-0.5434234117199379,-0.029290712180447674,-0.39,-0.014226510971397741,-0.06800812663610968
1.0196489577532342,0.6432762943685476,-0.017110504608270422,-0.07879391683569555,-0.029035575978624883,-0.4124375,-0.0137573955809293,-0.05127959392037508
-0.5390122821855177,0.6829628659246169,-0.016649279280497403,-0.010854091068549671,-0.028943626350020676,-0.2862321428571428,-0.013312271373530261,-0.04489894650667447
-1.5283701064612176,0.7311761158540879,-0.016287010841617374,-0.06375679366000594,-0.02882559842101359,-0.2037946428571428,-0.013039929261195892,-0.04419411803276328
-1.205559662246205,0.7341967797878458,-0.016182865714387967,0.14748403416402783,-0.028536699426711973,-0.1783124999999999,-0.013106132429055251,-0.043981533248068035
-1.4778240782786183,0.7244334412917925,-0.01726884491709935,0.50346638258818,-0.028741061458148854,-0.0875089285714285,-0.01518584908045503,-0.044009679384303564
-0.21972202379036873,0.6793155321375662,-0.017490603563512463,0.00935141567711066,-0.028697038925287223,-0.0827901785714285,-0.01354538728580321,-0.04398402305560799
-0.3755298714144658,0.5568823402293624,-0.01671884977325891,0.4622158854576022,-0.028769473383871064,-0.1699375,-0.013662313828539137,-0.04399038000335571
0.44210771748139427,0.4068182685312038,-0.018039783012777002,0.7016064032457647,-0.029418430549330625,-0.1012812499999999,-0.016158883895383943,-0.044191913657036785
0.6549859871629814,0.2947329801529763,-0.023655273140186443,0.34688873780644736,-0.0318452403919469,-0.0003839285714285,-0.02477558456265686,-0.04546673210501996
0.18192297930879542,0.08746442618833405,-0.024921362776467636,0.5262354770431171,-0.032567640149711315,0.0712098214285714,-0.018662063758778564,-0.046062591814901147
0.07582328627867817,-0.09468984995811265,-0.02101337800137528,0.6961387994931655,-0.0332950300694037,0.10646875,-0.017041343183154613,-0.04651280888408893
0.7230783130578964,-0.19993322403956662,-0.029602108339239725,0.21226463972128032,-0.03790283245959906,-0.0832499999999999,-0.03562166333019138,-0.04928458840279805
0.5041696155100076,-0.20035758504419002,-0.03887626376415639,-0.539814147616794,-0.04191039137593946,-0.0774765625,-0.03538656439799367,-0.051984203194713474
-1.7077013651067587,-0.15688621854958842,-0.09270685414770523,-1.1526221747574734,-0.06647264931220373,-0.0907265624999999,-0.1420100031022635,-0.06749406635918623
0.010666251524309318,-0.13065457366081798,-0.21745520474506483,-1.4049329687109868,-0.1216322708912283,-0.3079375,-0.28183757031215173,-0.10036859329204557
1.3464021447559094,-0.11865502246291038,-0.24405119687736937,-1.3398516243704015,-0.15877820312784957,-0.2475625,-0.1946097531910081,-0.12245583747853517
1.1834705758328072,-0.1515574785960628,-0.4751569859789214,-2.137781844506121,-0.30623998597759083,-0.35575,-0.7382413803091402,-0.21118790706383125
1.915292585417955,-0.20196610160071862,-0.864177613173853,-0.9433811463928905,-0.5011738110713281,-0.3314375,-0.9625635284663019,-0.3268041275919929
0.7730136832028601,-0.2643748726063063,-1.0640375887522298,-0.4414323795600062,-0.709451554143327,0.0348482142857143,-1.1327093742250385,-0.4640414851853999
-0.26903502584255334,-0.3164464760268739,-1.0528842816711828,-0.34244604106850024,-0.8481791578936005,0.1441294642857143,-0.9404084162726383,-0.5780058336153314
1.2595230637954935,-0.36545677123093995,-0.9286566186300539,-0.3213390594345226,-0.9940329801535787,0.16265625,-0.8872614479914427,-0.6830675272848599
2.0694443674143264,-0.4318960047349401,-1.0544038183908928,0.15039764687689153,-1.0893588679815422,0.16909375,-1.1883466574328365,-0.8257757533651916
2.414273671606444,-0.49625833259289476,-1.1879642872718077,-0.5781240944388989,-1.1294333821769322,0.2102265625,-1.1505048290745845,-0.9508621482076842
1.1973274139949073,-0.5589061026804574,-1.1503881191626706,-0.10580132609515144,-1.1263928449024845,0.2645078125,-1.1137562707307125,-1.0546133914581373
-0.42294608082046453,-0.6421279770938612,-1.3144300327434415,-0.15634439239167727,-1.239552884298791,0.28228125,-1.473793263984686,-1.2138680387005396
1.1148315419736412,-0.7351758342296553,-1.5907923684043566,-0.1341807646190767,-1.402464123280243,0.274609375,-1.6597398692715986,-1.328449779260696
1.2350723493694054,-0.8154849065725703,-1.5661887825623786,-0.026520455261440777,-1.4528268679488143,0.1918638392857142,-1.4253854999588456,-1.3866802040637647
1.7287327273870554,-0.9074508296741227,-1.5538976827031625,0.051410858003032904,-1.555024602328033,0.2073107142857142,-1.6351925173805548,-1.4497417066002416
1.9386890986687497,-1.00779371485311,-1.7350579462079878,-0.37797668289318276,-1.695795238887868,0.3099125,-1.7831932120043565,-1.5545622061457482
0.41299333912468444,-1.0786267628915127,-1.5475774383398366,-0.41982430324831016,-1.6514670612298568,0.3987234375,-1.265213170710202,-1.6018658719305263
-1.617119122995838,-1.1600868680000471,-1.3880836320203205,0.03600501716425352,-1.6106635032029761,0.4486796875,-1.4693792312144127,-1.6357521626827203
-0.7267627233403158,-1.2381142164764878,-1.4636445116985135,0.10450399669957275,-1.6070380532399107,0.43271875,-1.4156791114320664,-1.6671315228766341
0.7676380425256795,-1.3102835999422475,-1.3917342209386034,-0.17833234748491825,-1.5404155168589126,0.4311484375,-1.3284739053567232,-1.6911180913813257
2.033402234125719,-1.3486612433413445,-1.042520878237144,-0.43218782440144193,-1.316475552841845,0.3897823660714286,-0.726421169013359,-1.5966088959256228
2.189315774720717,-1.4005292513336405,-0.8592503099652193,-0.6246251157317563,-1.2518537003539494,0.3754151785714286,-0.9664627901768669,-1.5091104232493338
-0.1022432017997126,-1.4407230791423715,-0.8743812136181713,-0.839805994693165,-1.1010825669708648,0.41303125,-0.7565384450690572,-1.4241893385952562
1.1106206059367263,-1.4468360758341,-0.4609034540657802,-1.059031445211073,-0.8351986597831333,0.2924765625,-0.1490959284225767,-1.2397188544298159
-0.04818336372098302,-1.4484687698472702,-0.11177260349870022,-1.0388724135889194,-0.5710008863723041,0.1440703125,-0.06615030500357097,-1.026855192161989
0.256849557547269,-1.4418148713864931,-0.047429794682253126,-0.25998650346242,-0.4237516198765872,0.08553125,-0.021850371590675332,-0.8727677699151701
-1.421276063479903,-1.4269370498697516,-0.02071957457952431,0.4568318900181553,-0.22453335312343753,0.1516953125,-0.013285533661427956,-0.6934948994051623
0.16511609946183878,-1.4170824163418556,-0.017249508351855528,0.6656114601138933,-0.06976606344998512,0.2808203124999999,-0.014972641258565397,-0.5214886832866038
0.023830643104703772,-1.376784514159197,-0.01810546776526582,1.0526399296581486,-0.0417920913949913,0.3250624999999999,-0.014978607973087652,-0.36105053546219196
-1.1728815958065977,-1.32356379595575,-0.01737652558805306,1.2178127603295494,-0.030851881390072396,0.30475,-0.013528660575468835,-0.27420278064600623
-1.0623517196674213,-1.2609122707541702,-0.016998804429630296,0.999898680286516,-0.029277957854791602,0.3271875,-0.014232226612188327,-0.1581540644247955
-0.628704314898876,-1.2086830272003033,-0.016168545642748035,0.38371655347397804,-0.028987472318303682,0.3775,-0.01188521422355541,-0.06767368612766421
0.5967782942431614,-1.1596060822068968,-0.015928613925329,-0.22144879075701232,-0.028735092536840003,0.301625,-0.0137573955809293,-0.051249450453339666
-0.1649581059168872,-1.093187800711515,-0.017076591573351403,-0.6234985425039874,-0.028563564779835578,0.1253359375,-0.014158125019099434,-0.044980028773768665
-1.1154937537652865,-1.028841200475067,-0.017152441321399505,-0.1122331286811842,-0.028641419959606586,-0.0978962053571428,-0.013907596688224307,-0.044034392376872344
-0.20530237002848348,-0.9661278008822558,-0.016698766420353544,-0.5104236933731123,-0.028439597654326545,-0.2244196428571428,-0.013260196073907033,-0.04403158909746068
-2.0168159236416483,-0.8828496931045393,-0.016314002046160504,0.07299746253231952,-0.028701003007484217,-0.1614375,-0.013145591929122893,-0.0438120194882191
-0.07489035658885836,-0.7897962295599253,-0.016512180733997257,0.3384434115003865,-0.0286792101099726,0.01871875,-0.01365277174285543,-0.043650659438464204
-1.3140974880261505,-0.7094934995363319,-0.016665366787318312,0.38994611366752885,-0.028531153753542735,0.0209999999999999,-0.013449694372824672,-0.04363950396685829
0.5722566463208885,-0.6176812950577611,-0.01780377857800132,-0.11585804809113107,-0.028947512585957607,-0.15721875,-0.01590471757232826,-0.0438424353969591
-0.9914407801698271,-0.5174495065181387,-0.018672631701967094,0.3219912374483307,-0.029345559667069275,-0.157984375,-0.015167013957846682,-0.044239320495258014
-0.8493573384579336,-0.4466709656451352,-0.01879843757737717,-0.060481822250126244,-0.02997647707328872,-0.0631808035714285,-0.016147875729124937,-0.04453588893656901
-0.2697351050394244,-0.365580251066446,-0.021461556477771742,-0.38057730973004583,-0.03138958430738488,-0.0631651785714285,-0.020437276481645505,-0.045295812916252474
-1.296304086149933,-0.2877514665071689,-0.02208802173690407,-0.30873241859409645,-0.03221068911724419,-0.1429062499999999,-0.01739447830632849,-0.04571716136313732
-1.2773628671967776,-0.21643152379872174,-0.027902503008593597,-0.46713806521000245,-0.03555205937940748,-0.2480390625,-0.03193891966361744,-0.04797993631513607
-0.5874900932728012,-0.18441430728949862,-0.08974715106400458,-1.0971604984542862,-0.06161147242825198,-0.3801015625,-0.13960032364035604,-0.06345082194440624
-0.07836602523421411,-0.1448680599706583,-0.19501275864896342,-1.304363214187685,-0.10853802826041349,-0.50075,-0.23984991771194214,-0.09122332325825644
-2.095459398530477,-0.12731335096666033,-0.34107342458843676,-1.4318170750512902,-0.19387586016360245,-0.6216640625000001,-0.42831972657679096,-0.14188457441460098
0.34091238751646596,-0.11937597009512266,-0.21984917765070508,-0.22737660637266188,-0.19040342488875556,-0.3609765625,-0.00026686957968439666,-0.140102733812257
-0.17716834964515515,-0.13466678353547915,-0.17384137916320866,-0.5892230989340981,-0.25453773965935783,-0.2279375,-0.3371027069222489,-0.17973792930743268
-0.4829908595100074,-0.18144031218434079,-0.6061508794934076,-0.4108573657411152,-0.40488533094261214,-0.4523749999999999,-0.853924835638962,-0.2831144520795009
-0.9193513394389121,-0.23608646782477807,-0.9362663539090957,-0.21364775830469201,-0.5623739646578537,-0.49271875,-0.9889596500609261,-0.4024256051190522
-0.976811821689716,-0.28984365544038243,-0.9982327936896797,0.006117949668636849,-0.6778601210678384,-0.47171875,-0.976520400874631,-0.5204702328904421
-0.5347738818688043,-0.3518825350514957,-1.0640267687501566,-0.9573431440364418,-0.912920196706394,-0.39559375,-1.1187159384697427,-0.654560644028855
1.4561454818539914,-0.39879664475341686,-0.9991005495486759,0.27286449268947377,-1.0204098232499836,-0.2632723214285714,-0.8481113583412058,-0.7420422359816012
1.1679417618340597,-0.4176877456020778,-0.5996570032545636,0.4184325591216829,-0.9110399073718538,-0.0349832589285714,-0.32899258946282134,-0.7543773490260309
1.5097009107478512,-0.47156444899523114,-0.6486205531168489,0.2585607227010197,-0.9028998336892122,0.0232578124999999,-0.9434571321900497,-0.819928240078727
0.9258721009515825,-0.5251285393872622,-0.956292878758889,0.5827194254525268,-0.8960617630540664,-0.02115625,-0.9360482151957807,-0.9368977684184799
-0.31526240268959294,-0.5681708993939878,-0.8553445881202144,0.38414021036119417,-0.8189327633869921,-0.0818080357142857,-0.7436979146883004,-0.9891451387047016
-0.08114793258341206,-0.6284828314917539,-0.9147216549355759,-0.4214108602559898,-0.8636998896332159,-0.1117517857142856,-1.0531139747387406,-1.0155766434561102
1.5639268816424392,-0.7069870961848467,-1.236636203357623,-0.6144592698053751,-1.0850256360474038,-0.0813375,-1.3795850958008844,-1.065625323688735
-0.36653007067468746,-0.8220684008521212,-1.7449560644191657,-0.3007943112967354,-1.3182693745528125,-0.0617732142857142,-2.058309213803887,-1.199457349403059
0.26482151402344906,-0.8907235400519291,-1.6651744672093791,-0.5576992533654875,-1.377810514398649,0.0166127232142857,-1.2228928833471842,-1.2130774338042138
-1.522103675995684,-0.9727421667595666,-1.3705601776449483,-0.4967406834005747,-1.5300803466889246,0.0533671874999999,-1.476905853588231,-1.2904696700814182
0.21312038235402841,-1.0565667100362637,-1.5181444704670974,-0.47380947693596803,-1.6252710819201361,0.0467812499999999,-1.5153262988392202,-1.4351638667081394
-1.119403217877008,-1.0877350657634137,-1.0666690344461898,0.13522987440182374,-1.4561681599132665,0.0528839285714285,-0.5861142213638307,-1.3886665985968452
-1.4025152026493894,-1.1286832177537884,-0.685753211360912,0.6024254353524567,-1.1829322301087548,0.2741651785714286,-0.7637841725892817,-1.3646591914123323
-0.8532654349145805,-1.164121658598971,-0.728324414640622,0.403833477143722,-1.0651357631447276,0.48678125,-0.6703169067622133,-1.3524953595274578
-0.22976443798284735,-1.1844635618222388,-0.5404523216790428,-0.01323651204453079,-0.8366932956091514,0.4348482142857143,-0.39253553795770146,-1.2684058894251646
0.335638294459093,-1.1907272219494514,-0.27596027121436334,-0.11367769329382572,-0.5491998583662309,0.3299497767857143,-0.1473738974384473,-1.1144620513298638
-1.2344158432041963,-1.185722320067272,-0.10285315116019436,0.5997208390208016,-0.43722021708849107,0.3559453125,-0.050217531687628485,-0.8665357300776709
-0.12941544058365426,-1.1736501778229045,-0.04027303977591631,0.3226064001715801,-0.2824737681295964,0.34428125,-0.023624422401912176,-0.717798770502195
-1.1981202769464299,-1.1509005658351266,-0.022469183058973975,1.003706877623836,-0.14560489124046633,0.2027499999999999,-0.014975787383535567,-0.5376739980647111
-2.3722082333222945,-1.1514664950068656,-0.017055659929207986,1.8769052690816843,-0.06638556832875848,0.1953749999999999,-0.012896523079679941,-0.3527836491514052
-0.6611906096804926,-1.1333220889424225,-0.015888076137513914,2.1714441393671233,-0.03828213303987847,0.302875,-0.012663162348407333,-0.2829760567861953
0.5800368488052839,-1.0861193926813877,-0.016247165071376846,1.1480615631603228,-0.030676199747409826,0.3846428571428572,-0.013609655769773821,-0.19151776598974826
-0.21157879331367238,-1.031537658813081,-0.01717367512814624,0.9907751411857967,-0.028789485584460237,0.4712053571428571,-0.014498489587351036,-0.11171589808963393
-0.7435315589212085,-0.9777341014909203,-0.017423960629039895,1.1581015036502853,-0.02860823245845364,0.6903125,-0.014105691282601073,-0.06574196789268001
-1.074189023405686,-0.9156192830459554,-0.016960147181477207,0.6324765585438903,-0.02874817052463896,0.6794375,-0.01358017324213971,-0.049496083498375455
0.3737443654734447,-0.8687272965043078,-0.016890495376084762,0.7107228113811968,-0.029017783520877253,0.4850178571428572,-0.013967376905189496,-0.04513142495618218
0.29831842098081807,-0.8497890852093576,-0.016773854349647656,0.5440384248577494,-0.02896375101777398,0.4183928571428572,-0.013349348063147656,-0.04390564490293416
-0.7646007199640942,-0.7959699831249392,-0.016274532500445315,0.5518146900213637,-0.028648410133201747,0.3941875,-0.012978358354033303,-0.04366568047603909
-0.3556871520118826,-0.742514288736232,-0.017472885315745194,-0.43381436442643323,-0.028987410603116742,0.3387410714285714,-0.015718070000810522,-0.04400699715560048
0.6617832301927963,-0.699444945042191,-0.0178133366863221,-0.27841807814663416,-0.029002340201547006,0.1993973214285714,-0.01365277174285543,-0.044124723892490704
0.6861462997842632,-0.6391201098208764,-0.01677305233372036,-0.39553393886970023,-0.028939122727998926,0.24975,-0.013662313828539137,-0.044131080840238486
-1.3239499533764791,-0.5607070905469916,-0.017418394643111578,-0.0020047476759808337,-0.029269343237627064,0.4868437499999999,-0.014927739026951334,-0.04418563373523925
-1.306468131594909,-0.4457625130960502,-0.01854812724890133,-0.5092502359356265,-0.02986956819281841,0.5249285714285714,-0.015906474753707257,-0.044394653291293724
-1.1804893717366705,-0.3773279686186532,-0.019936064555681993,-0.16639807157893916,-0.030279864439599704,0.3574598214285714,-0.017669744391057167,-0.04489686656427844
0.5787736455596508,-0.29544651266768035,-0.019995577180440077,-0.3562542108105051,-0.03077160165115792,0.17959375,-0.016015801450873533,-0.045144819753870746
0.9761710105759485,-0.21275989479820723,-0.029452696614772584,-0.7712054842892023,-0.035530852089425614,-0.0468125,-0.03635216107822832,-0.04796727736166749
0.6011809637688111,-0.18186540464482492,-0.031593852230760465,-0.5654055625989247,-0.036641037234241204,-0.0822890625,-0.020247967642507938,-0.04885119361249467
0.4654936404617904,-0.14382599465605353,-0.04670506142773816,0.6180964607115506,-0.04727213548496923,0.2773984375,-0.06610589575323077,-0.055136086973678965
0.582064138320359,-0.11530387482466202,-0.1076795164188267,0.8628137146053325,-0.07319474317631731,0.5364375,-0.14052940678805997,-0.07088153812587769
0.12284432981017351,-0.10044349631487193,-0.1319966800107325,0.9117635675406509,-0.09384470144656779,0.654,-0.11417952366529287,-0.08327802016265598
-1.9212209966143199,-0.10729964669661483,-0.20109667675326434,1.737042613086691,-0.14390958298204498,0.5295625,-0.2777653573677446,-0.11487336164963026
-0.7748208525947771,-0.021716554796774253,0.5703503872996702,1.1444589099830493,0.1594794989287882,0.3604375000000001,1.4053143343848338,0.0646207351956799
1.2319622519564744,0.12452754274660859,1.9599485912733279,1.2580015801737334,0.696957896672426,0.4201607142857143,2.460398236382686,0.37740304153483306
0.44949766989197804,0.25190011922407485,2.339296013429524,1.114092912263601,1.1843715900224097,0.4522544642857143,2.1528604499524677,0.6508252108235794
-1.0210663271720648,0.3658726797769049,2.0660502002105114,1.1073352246828188,1.617361488554287,0.51859375,1.9223125892947943,0.8979429817607244
-2.0131912666348475,0.4640241128237196,1.8103719254071053,0.46896366565396674,2.026119999839164,0.4903437499999999,1.6487752654657337,1.1088756429474378
-1.5864656736378036,0.5582170910266934,1.6361696785051036,0.5304508079997502,2.063198903675681,0.4396015625,1.5788970013302066,1.316759319925086
-0.026605980220952376,0.6662587618448372,1.722040562425917,-0.03034352675058469,1.9265322629731656,0.3851328125,1.8181399863170726,1.5637349389358148
-0.621882623416237,0.7799625803414705,1.8928296153137867,0.18864303503979524,1.8762619681798736,0.31384375,1.915631994647331,1.8195691854046225
1.0445514737843773,0.9138100883266684,2.1130462721346457,1.1807520445714308,1.946664815373872,0.382109375,2.251550043612172,2.1376190361147
-0.4467739159400815,1.0036218982830554,1.898726720654454,1.3337108828588704,1.9141093431879024,0.3721763392857143,1.4925725314453693,2.1496057593817466
-0.6665862228148552,0.9617653062806086,0.3656187519833468,1.2261466959622902,1.416568396660107,0.3016857142857143,-0.7700613223812097,1.7447535546721018
0.19079703852300847,0.8695485605341321,-1.2219017129701515,1.1523398466738177,0.6847864488299737,0.31335,-1.636390581478082,1.2704872630623625
-0.638416533890026,0.8015100532097208,-1.4468651088985767,0.7832719796002948,0.021519506246766223,0.3127859375,-1.2129950350132748,0.877418974432099
-0.5719485103530787,0.7213706493496861,-1.3466275650812118,-0.29356569067730787,-0.7605268569536748,0.2305546875,-1.4393210815669781,0.49142569655364393
-0.370033793745094,0.6426135677814034,-1.4508862017258952,0.1989419825156517,-1.3773435420385298,0.06803125,-1.4197758669475429,0.11690609392081555
0.6526213542987269,0.5775489193355308,-1.3267897168293488,0.18480674249374227,-1.4662666181370185,0.0548984374999999,-1.1954524519782062,-0.2587778643003755
1.0686860651043322,0.542832986759466,-0.9362491263309022,-0.1930771646255298,-1.2570591906375335,0.0691573660714285,-0.6492316419473269,-0.5796881315589361
-0.2115370363881163,0.4937908780387241,-0.7937673246262589,0.04157140046967633,-1.1923647365869616,0.1094776785714286,-0.9141638079176798,-0.9757122311979056
-1.2811348377714424,0.4574128871329573,-0.8117189698981635,1.0272532117474915,-1.0326902558380888,0.32365625,-0.6849301340559499,-1.2485246374110106
-0.00630301892938643,0.45126212362389634,-0.42539770599783244,0.340232958429628,-0.7657920630079759,0.2668515625,-0.1504638337963522,-1.172570464013673
0.2908347538330937,0.4489912233649673,-0.11080150667219553,0.12275886096358556,-0.5286475388338286,0.1090703124999999,-0.06285612079905148,-0.9773722342042489
2.007061180193831,0.45196176150006057,-0.04245000608039045,-0.14369056989088688,-0.39612313324792436,0.15709375,-0.015289609824824465,-0.8288197592803274
-0.34748756265935615,0.4590627581724904,-0.019326458427621335,-0.619854017159391,-0.20863974852056938,0.1526328125,-0.017093572249109634,-0.6533655303427169
-0.21102052721831654,0.4647611459271022,-0.018326516344396488,-1.128806617688455,-0.06844649309010296,0.1567578124999999,-0.013299260860529214,-0.4801506296328198
0.4501153760928126,0.47879307715039027,-0.01726072985461702,-1.0751442818661234,-0.040181796491203035,0.2259999999999999,-0.014978607973087652,-0.3358581993199144
-1.9923934490817516,0.3951601147808307,-0.017422629420511416,-0.577804762473111,-0.029946743752293076,0.2700625,-0.013620125907360206,-0.25838138756199924
0.12299238696497414,0.2493911921212919,-0.017179319529548893,-0.31668243541852414,-0.029792403727324963,0.309375,-0.014498489587351036,-0.14875724425113165
-0.8304591597080375,0.12205896717217406,-0.01748484759314988,0.013883381336109316,-0.029199566336024725,0.355,-0.014226510971397741,-0.06723080120934297
-0.19491008483680303,0.008058804755107436,-0.016963526400429366,0.18107089942341106,-0.029233484185347776,0.3825625,-0.013466257034101365,-0.05059924200518557
0.12200513402715475,-0.09017073431577918,-0.01692961336551035,0.32690577863377224,-0.029061956428343354,0.3934609375,-0.014158125019099434,-0.04472904465691257
0.0762636681153301,-0.18438250152411925,-0.017182572686340634,0.13690391688302553,-0.02913329286593332,0.3777287946428571,-0.013967376905189496,-0.04458274051150989
0.372707022700436,-0.29236313694809546,-0.016773854349647656,0.12965533211248595,-0.028894680523641938,0.3383928571428571,-0.013349348063147656,-0.04413668071928302
1.2775029810456349,-0.40601891196682327,-0.016378633600400424,-0.13528873762977653,-0.02867934503915872,0.2279375,-0.013184620252818665,-0.04412191611131723
1.050544386309195,-0.5398701025877136,-0.01653185572388438,-0.8862666037245033,-0.028717850412800488,0.12528125,-0.01365277174285543,-0.04396055606156261
0.4474254518698341,-0.6296475729480224,-0.016597552591846917,-0.9368971048263383,-0.028542294329410432,0.072875,-0.013314915536213773,-0.04392298191584417
0.28169122111866113,-0.5879362714271796,-0.01781026395190968,-1.0311337063437633,-0.02897686664197389,0.0093437499999999,-0.016051904225676285,-0.04411167788305021
0.4702785478506243,-0.4958962150432962,-0.019320738089136844,-0.7007034538192548,-0.029591073647018233,-0.015484375,-0.01630459310912408,-0.044363390951203126
1.1376099876972108,-0.42833738119156367,-0.023728363195698068,-0.7057838489797161,-0.03200164826226976,-0.0872433035714285,-0.02477558456265686,-0.04572841203036344
1.2632807971912776,-0.3485625882275968,-0.02582581958335304,-0.5632660762400835,-0.033418083048850036,-0.1906651785714285,-0.020453426556982828,-0.046490244643641335
-0.8991864247963697,-0.2698449653426538,-0.020558212035541968,-0.45535305762357803,-0.03363630344795609,-0.24040625,-0.014347336593123344,-0.04654084097879778
-1.5186436252977955,-0.2046370542904192,-0.01671132735486023,-0.3326301969254636,-0.0329501766062751,-0.2642890625,-0.012865563485134264,-0.046455781987163616
-0.4488131100456476,-0.17651741345898037,-0.07772786789539399,-0.9169524216095583,-0.057801665571687456,-0.2910390625,-0.13491692716504414,-0.06135734934958536
-0.5913498273193221,-0.1373455926684328,-0.17047096901231737,-0.49950987026052607,-0.09369617837607166,-0.2951249999999999,-0.1961101102397762,-0.08367738308000783
0.6293594785259821,-0.1270765972654644,-0.3484480432111546,-0.765156042700793,-0.1914104140148377,-0.3588515625,-0.48652468357961787,-0.14169286548523446
1.2178548549940975,-0.1302485718970236,-0.35362248174892086,-1.0266291177226798,-0.23158352726899276,-0.2812890625,-0.20638214662126045,-0.16493633219840956
0.535153040090571,-0.1490992988074694,-0.30784173338580495,-0.2395636315483139,-0.312123628405166,-0.2110625,-0.39583929626785,-0.21175194864256386
0.2701769213445694,-0.1807971031542874,-0.4937088736229101,0.09426622671355842,-0.40459799414624376,-0.1861249999999999,-0.5728449581923412,-0.27972972981846633
-1.4226528891904813,-0.21996088185484192,-0.6521033425517947,-0.059083732238692434,-0.5127081206556282,-0.0795937499999999,-0.7083008356108434,-0.3648829734223903
-0.7482544988573607,-0.20874113565509475,-0.2672608146436661,0.5626410918792263,-0.37146389249773065,0.20296875,0.18670138663869365,-0.3401057324154285
