cyclostationary_mean_tg_0,cyclostationary_mean_HS_0,cyclostationary_mean_rr_4w_0,cyclostat_level_Maggiore_16w,cyclostat_level_Lugano
-0.41099816860682287,2.5237157811112993,0.6116048021172569,0.5423941033496732,0.0820416666666687
0.8039301003663613,2.134136073191227,1.6913360150065186,0.5931477798202615,0.1623500000000035
-0.9112675375488886,1.9147113313692437,0.8322712871440743,0.674726233076564,0.0850535714286024
0.5388836763157595,1.959701566101289,0.8590411521902709,0.7494321154295053,0.0626125000000001
-0.6897090296233283,1.9001564214917712,0.6472030185750082,0.8038432919000933,0.0738875000000121
1.3923433979712379,1.7337020596954469,0.765863996957508,0.7901576301353874,0.1002812499999663
1.6922011762911304,1.556707343270525,0.08968197948461586,0.7539811595471523,0.0721964285714307
-0.7121626681216622,1.6434056436062847,0.37599514640975246,0.6742193948412699,0.0475625000000263
0.14276341300822737,1.7552777794585608,0.6079078083641147,0.5630429242530346,0.1007625000000302
0.69993931729344,1.4175971780477363,1.0665727172391914,0.5299489116479926,0.0902321428571326
1.0333616846706897,1.821743764099083,0.9481384612663498,0.4958180292950513,0.0690374999999789
-0.07358815745986826,1.7600851635517785,1.4470651363679539,0.461256264589169,0.1193499999999971
-0.36541678940452776,1.491067071375455,1.7087816049973603,0.4242737278244631,0.0832968749999736
-1.2203049910882995,1.5866038116269274,1.1232950944599982,0.4138866469421101,0.0627321428571576
-1.689471929410917,1.4850206201794058,0.7057489438374974,0.400455764589169,0.033762500000023
-0.23905383705096914,1.256939455875328,0.4896616864439086,0.3969263528244631,-0.039699999999982
0.5735833384383726,0.6651655456938959,-0.5169240047586109,0.3660366469421102,-0.0758392857142666
-0.47484121615773633,0.5503952082006375,-1.028681284838454,0.3353825619747899,-0.0224374999999668
0.532505606521469,0.3959117195386155,-1.2507612229412366,0.2977950619747899,-0.0077750000000378
0.10849519346174184,0.014276988527911377,-1.3650034697269255,0.2398622888655462,-0.0094218749999868
-1.0954743270779106,0.05319462477431126,-0.5342116340002985,0.2197793056722689,0.1275178571428341
-1.2643142701523546,0.03189493324787689,0.405805469240839,0.2003256292016806,0.0365625000000591
-0.17743061611311836,0.04679721872986006,0.6950640729889636,0.1867403350840336,0.0440249999999764
-0.05723918824870291,0.0515296812526074,1.0929701076686558,0.1722025199579831,0.046089285714288
-0.47346100131725405,0.04843608173333908,1.697221401756942,0.1539378140756302,0.012162499999988
-1.5426684602047094,0.07170793467449789,1.3537546877147901,0.1675334023109243,0.132925000000057
0.3986117940670294,0.0511224632624871,0.7365364240025238,0.174669694327731,-0.0042656250000163
0.12390766582032867,0.050402548529029347,0.672465334839867,0.1959585598739495,0.0915535714285624
-0.20324047145554866,0.04759941813176299,0.478764356591149,0.2180467951680672,0.1076375000000098
0.16246617655701298,0.04774376325782816,-0.12363018737641208,0.2255762069327731,0.0205625000000395
0.2966511191730457,0.04709631275079337,-0.37653001586973944,0.2291581407563025,0.034410714285741
-1.0456518090188627,0.0637221640892352,-0.10419758734925383,0.2187463760504202,0.0120249999999941
-1.536732093420295,0.07741756730793088,-0.20630662890378543,0.1974734348739495,-0.068512499999997
-1.6142717190564995,0.10503430974981853,0.26570359742778143,0.1789789495798319,-0.0576718749999827
-0.033731007520774396,0.05461860844350765,0.1256717616436958,0.1526594117647058,-0.0733392857142689
0.833091706769424,0.02310126351517555,-0.0024366143669733646,0.1318461764705882,-0.0484500000000025
1.3203088056378125,0.012680083620481482,-0.1279348414294604,0.1275564705882353,-0.049387500000023
0.5166586094399197,-0.02128075833018447,0.37375177213600214,0.1089409243697479,0.0529107142857583
0.37659397386377924,-0.298666188548335,-0.5575620081283864,0.0880475420168067,0.0056500000000028
-0.6463428117009469,-0.5544535860202507,-0.5278735735398055,0.0703673949579831,-0.0286249999999768
-0.3593228501329685,-0.8549088550822421,-0.955335021370324,0.0330274527310924,-0.1150937500000282
-1.0828659851531446,-0.5301504756967146,-0.8433047741266798,0.0108572846638655,-0.0278214285714284
0.35908382312358383,-1.2187629000321512,-1.9047869937331299,-0.0778890388655462,-0.2077249999999821
-0.996988194711898,-1.7538656224911457,-1.56226130531395,-0.1558055829831932,-0.1736250000000154
-2.041032767526573,-2.008862873308676,-1.7196019260719921,-0.2598812132352941,-0.1566249999999627
-1.0716379758478372,-2.172831307144548,-1.3606811737771607,-0.3510094812091503,-0.1070833333333212
-0.8235154522172681,-2.188334188885255,-1.5675511535839792,-0.4314616870915032,-0.1161500000000046
-0.3134459029289058,-2.6052309099468838,-1.2081515513322967,-0.4825436198646124,-0.1199464285714384
-0.5799477728395861,-2.08571352705968,-1.0274432069635193,-0.5226594286881419,-0.1121562499999981
1.4938494280128483,-2.522324467081134,-0.7381027770099103,-0.550599722805789,-0.1236374999999725
0.6942911640389247,-2.4752090295791076,-0.2438573591484446,-0.5657522963352006,-0.0848624999999856
1.4695932910740845,-2.177915724619193,0.17999914763463098,-0.58464672910831,-0.0663437500000441
0.18311512950302933,-1.6725325557457738,0.4724388179878983,-0.5797055526377218,0.0760625000000345
0.2663245343413713,-1.125936102299545,0.8641404182398474,-0.580732023225957,0.115637500000048
1.1947129586466103,-1.2554056563079419,0.9422161130810918,-0.5766753005368814,0.0729821428570858
0.855726620727548,-0.8732565537467724,0.5258601700421406,-0.5689789770074697,0.0705312499999877
-0.2476718985276301,-0.7922221153244785,0.3833497227239933,-0.5666730946545284,0.0250374999999962
0.2134455909231682,-0.4546267551346435,0.08351304303379617,-0.5592438667133521,-0.0129000000000019
-1.0687996950623657,-0.3422464320035897,-0.0654276730584043,-0.5706251692343605,0.0156718749999527
-0.7553416023072183,0.11305692152443428,-0.28076104658823414,-0.549540610410831,1.2500000025283953e-05
-0.0013192414589897443,-0.06528548264585739,-0.8001966588879273,-0.5378464927637722,-0.0475749999999948
-1.5820925106460677,0.06644291228339455,1.4436899080854833,-0.4370670809990663,0.3391607142857538
-0.47590828728605306,0.2754520673455723,2.0048771360816704,-0.3390481880252101,0.1010312499999486
0.5831197353957734,0.1382677484623628,2.101586345496217,-0.2742459821428571,-0.0243124999999508
-0.8127142225965944,0.4016405663170674,2.6746146084823406,-0.217174343487395,0.098099999999988
-0.32134942349179174,0.2227015784064372,3.729548203044433,-0.1480144170168067,0.0024531249999881
-0.03882956007641108,0.2476427111966218,1.1985554889417163,-0.0821151523109244,0.0003125000000068
1.4405571668450798,0.07926859076217835,0.855495617008996,-0.0392997111344538,0.0181499999999914
-0.887217171353724,0.05156791285857923,0.622938955436994,0.0117690913865545,0.0667142857142835
-0.7647423283353686,0.05178614234284296,0.44982401132783123,0.0330043855042016,0.0021249999999781
-0.7956602312712867,0.04745529448034686,0.46852013233163364,0.0548573266806722,-0.0035874999999805
-0.3093251447921626,0.047837910842104626,0.4575380971733038,0.0673520745798319,-0.0508249999999748
-0.4577489013650012,0.0511224632624871,0.7581831851381394,0.0784458245798319,0.014734374999989
-1.5634520879866607,0.060379724242793496,1.7198667246715078,0.1085928834033613,0.1058874999999943
-0.030273858001769245,0.06702108965548546,1.0768625432726868,0.144651706932773,0.0595625000000268
-0.43123394420232725,0.04701624947038042,0.4864602182904869,0.1791002363445378,0.0426607142857164
-0.4739710112015566,0.05204844189549525,1.1416389447996962,0.2306714679621848,0.0975156250000282
-0.6164254622963593,0.05426655420853172,0.8738750661644402,0.2982964679621848,0.1808999999999514
0.040546707939035746,0.04073395488202347,-0.37929440706276535,0.2903617620798319,0.067237499999976
-1.59802311228336,0.12119504531834581,0.25857415360344577,0.2686898870798319,0.0482031249999863
-0.5209451020297995,0.051934667513670284,0.042073439538039166,0.2619207694327731,0.0319250000000579
-0.020437117880057944,0.04017677165236417,-0.26243461421423714,0.2334722400210084,0.0371124999999779
0.1802477815324497,-0.016686858672915025,-0.050499656900421616,0.1818325341386554,0.027410714285736
-0.13002414312126392,-0.03786927107640801,-0.19698891086470316,0.1484590047268907,0.0666875000000004
-0.44373106329194306,-0.17057544801494776,-0.52885618416276,0.1199288576680672,-0.0469749999999749
-0.31726824941706794,-0.16502204839877008,1.1790206745688685,0.0946534375,0.0300000000000295
0.5664246923940756,0.5934887492139563,2.4945930923810344,0.2039742095588235,0.5707812499999818
1.2108159874584343,1.0382072203057204,3.8741313278790908,0.3124484742647059,0.99777499999999
0.24788639227358528,0.9862746208985652,4.113958018017482,0.3584675919117647,0.2927500000000123
0.115362889223964,1.0790596166123523,4.11392104369738,0.3571716360294118,0.0068750000000363
0.9351542511084927,1.593069212723455,2.6114261710009883,0.3619216360294117,0.0124374999999758
1.5754395346090488,1.9884494509965087,1.4534330293759772,0.3765286621732026,0.1001666666666665
-0.590832201983894,1.960376746986302,-0.28880951159594737,0.4023558680555555,0.1005999999999858
-0.4906800403067276,1.7522462239906724,-0.26897989216638035,0.4318497624883287,0.055303571428567
0.30616326249636205,2.030381195324323,0.07153416193801106,0.442511527194211,0.0339874999999665
-1.1274571437284997,1.9917166606228967,0.31569266456184897,0.4482550566059757,0.0261375000000612
-1.113357937230115,1.3863466100035402,0.029143120365752898,0.4423635124883286,-0.043468750000045
-1.72615170924496,1.1016331582818368,-0.008317191942642702,0.4561135124883286,-5.357142856610153e-05
-0.42792749380395856,1.070118255115972,-0.029275080935890964,0.4835135124883287,0.0006875000000263
0.5278752306098317,0.7449884439881275,-0.4242090936754111,0.520439983076564,-0.0144874999999728
0.8115670688292316,0.5018217568237088,-0.8349508850601247,0.5446694998832866,-0.0285178571429014
-0.4985601687239371,0.272344771793972,-1.0332837886081723,0.5767886175303454,-0.0272125000000187
0.774643585995673,-0.46777378577968914,-1.097720137715783,0.594506264589169,-0.0737750000000119
-1.3493763707472783,-0.8939920576987642,-1.0658662835895782,0.4838251984126984,-0.1278281250000077
-0.9473083953614521,-0.536887622345158,-1.0440230721232953,0.3456072351774043,-0.148267857142855
0.36022171591779456,-0.585308001146317,-1.123734339293687,0.2534704704715219,-0.1997374999999692
0.3621329843910085,-0.7725386556937902,-1.031330485195396,0.1997939998832866,-0.2034499999999752
1.969846199100898,-0.8175898058638275,-1.462797053006911,0.1389042940009337,-0.2292142857142494
-0.5697306619949136,-0.3528443177059523,-1.608579670471686,0.0883237384453781,-0.0356874999999945
-0.08050260703238327,-0.05796396180373087,-1.5666747453106558,0.0272803560924369,-0.0284000000000332
1.0753455448063576,0.016349050864415224,-1.5041447169019146,-0.0504318287815126,-0.0621718749999899
2.0644978693490224,0.017073138415802772,-1.9231838173114826,-0.1141177531512604,-0.070732142857139
1.582593239553587,0.021618560935247593,-1.4406630207981106,-0.1741596649159664,-0.1168124999999804
1.5303559324582179,0.046728583020855634,-1.2631062099295114,-0.2199508413865546,-0.1168499999999994
-0.629942543578523,0.0520165150784851,-0.981964747464081,-0.2666210094537815,-0.1092857142857042
0.9986989747991643,0.04714884869299751,-1.320105474732123,-0.3306945388655462,-0.1852125000000342
1.0499559972625234,0.047837910842104626,-0.7748365038950169,-0.3960695388655462,-0.2070749999999748
0.23422471944628728,0.0511224632624871,-0.31370719717754125,-0.4566538350840337,-0.065265624999995
1.198300834934916,0.05044236291279557,-0.5974716994250551,-0.5052914401260504,-0.0858214285714211
2.660016507778209,0.04759941813176299,-1.1128345354260256,-0.5547473224789916,-0.1336124999999697
0.7814092132227074,0.04774376325782816,-0.6398998599773023,-0.6068502636554622,-0.172937499999989
0.9787714755739415,0.04701624947038042,-0.4415148241805977,-0.6356212710084033,-0.1282142857142503
-0.6744555417803613,0.04981066646989401,-1.0077852269565075,-0.6395624474789915,-0.0923500000000103
0.07412004279238653,0.04336653407727047,-0.6218767770006062,-0.6338500945378152,-0.1143875000000207
1.153328533284037,0.02073442863366962,-0.3334705304150297,-0.643300462184874,-0.1161718749999636
-0.2884893103065761,0.002914653716992596,-0.4883579450352585,-0.6705758823529411,-0.1429642857142994
-0.6120962898657027,0.07280203250163968,-0.4518110914285101,-0.6985950000000001,-0.1474499999999921
-0.23906132482684542,0.05268854389675197,-0.34183689078663165,-0.7261935294117647,-0.1557625000000371
-1.810256204017803,0.0541008730956787,-0.20887746294619394,-0.7640002521008403,-0.2089642857142735
-1.9051195967487462,0.4291346203143519,0.15390836503772787,-0.7870995168067226,-0.141475000000014
-0.17283591391789307,1.1728339334527191,0.32788901288186806,-0.7852208403361345,0.0061249999999972
0.060635841386278456,1.306444569905532,-0.0787157516331489,-0.7793254884453781,-0.058843749999994
1.1953918928698852,1.693150603455498,0.2476850751159811,-0.7194368329831933,0.0738035714285842
0.6815528607023676,1.7771729133090532,0.5502349502259046,-0.6538449212184874,-0.0274749999999812
0.5191442307926736,1.6025232247126062,-0.02047556787140016,-0.5847761712184872,-0.093999999999994
0.5108507057650742,1.4850936146839024,-0.16910441101510051,-0.5328223897058824,-0.0807499999999663
-0.29606982575069596,1.3062775413111682,0.49005061774453645,-0.4531418341503267,-0.0159583333333444
-0.5783118445017987,1.2710659542363394,0.5214020278680668,-0.3703219812091503,0.0867250000000012
0.6279666068340117,1.0779308986502225,0.4378236352127794,-0.2770289139822596,0.0785535714285856
0.10498151986397236,1.6233124519619186,1.02656658259588,-0.197880016923436,0.0744687499999372
-0.8160930807109708,1.0465520428990287,1.10970681028638,-0.1287614875116713,0.0333624999999528
0.8460112716272931,0.9892176410077897,0.4369927610060647,-0.0575170022175536,0.0256375000000161
1.0597435898584566,0.7839478425814942,0.12137352810099633,0.0006473885387488,-0.0213437500000281
-0.20463880741187027,0.9738736457032473,0.29827640161664093,0.0758091532446312,0.0453125000000227
-2.197043681890042,0.9668488914435877,-0.186649106119457,0.1651503297152194,0.1003875000000107
-1.3843349250156682,0.7062766108925954,-0.17732761910368203,0.2644276406395893,0.0426071428570935
-0.9813724158010213,1.2550824211847416,0.030020760570072278,0.3402121994631186,0.061281249999979
0.24012976757830204,0.7248214959798239,0.15189972975850335,0.382959258286648,0.0845374999999535
-0.6466098905320182,0.9244825494054435,-0.507562796779347,0.4155355450513538,0.012974999999983
-0.7822129046625811,0.7406100775849918,-0.14636441931322078,0.4103307131185807,-0.01432812500002
-1.2930614028755945,1.5941813680812162,0.013780639460239967,0.399209389589169,-0.0803624999999783
-0.48789412722807585,1.432335822115162,-0.2937666621359832,0.3857564484126984,0.0394249999999942
-0.8861146992714403,1.0642776323255712,-0.21097450293129386,0.3702711542950513,-0.0002142857142644
-2.0835995349012535,1.7917917962813361,0.5359055976471544,0.3526503413865546,0.2804062499999418
0.37878739911532017,1.5935179130533987,-0.15266387200878834,0.3247393119747899,-0.0541874999999549
-0.9502852978363264,0.6678844899703246,-0.4968477362800362,0.279465362394958,-0.0144000000000232
-0.41897671813361403,0.08172997355183015,-0.2358532158763715,0.2365811712184873,-0.0306718749999959
0.2610733433556421,0.04764978901862901,-0.5584910781263743,0.2052230829831932,-0.0793124999999577
-1.3862213091833973,0.04729772014583566,-1.284667624850951,0.1841341123949579,-0.0748500000000262
-0.25602783771420423,0.05208026201857155,-0.9560282641569502,0.1839529149159663,-0.0890357142857283
-0.05479227469956182,0.04930544146406884,-0.885388445933827,0.1622470325630252,-0.1505000000000222
-1.292154731901226,0.05454385987464317,-0.7102412507991285,0.1465999737394957,-0.085087499999986
0.6962078935675532,0.047931988947658224,-0.6471845081965644,0.1254182510504201,-0.1604499999999689
-0.10870113840134113,0.0511224632624871,-0.6836586731586791,0.1077620010504201,-0.1361406249999959
0.5902467483767287,0.04759941813176299,-0.17700093430519578,0.089526706932773,-0.1119874999999979
-0.0652142658084327,0.04774376325782816,-0.09243546148861023,0.0694825892857142,-0.0706874999999627
-0.4483687241312498,0.04711357355385699,0.22602817518776366,0.0745928834033613,-0.0035892857142698
-0.45899746969029376,0.05127299282178459,0.24335109968258914,0.0841052914915966,-0.020109375000004
1.0775095338695035,0.04879133445803218,0.021716413922982652,0.078862644432773,-0.0402250000000208
0.4536617194733037,0.040423785107328664,-0.1316416287043768,0.0823397032563025,-0.0511374999999816
0.2137749543739829,0.02361105347676278,-0.10899173798904006,0.0657192988445378,-0.0429218749999904
0.38803277604834846,0.020459083385728525,-0.8385652331959544,0.0414795929621848,-0.107074999999952
1.5096189547168761,0.012622142053410943,-0.42581865670210933,0.0154869459033613,-0.0762624999999843
-0.7445533712102859,0.23288656406157474,-0.024693356535139453,-0.0141821717436975,-0.0277142857142393
1.2869705000559388,0.19177282846128005,0.3347816471418707,-0.0191954070378151,0.0456874999999854
1.2810082997411905,0.04782430001758319,1.0331082212089735,0.0525906223739495,0.2194000000000073
-0.41495156217739104,-0.26100347251950246,1.1177126001944517,0.0916975551470588,0.0402500000000145
-0.43081929399532237,-0.3768907087735665,0.5998464807391859,0.1155550919117646,-0.0690937500000359
0.3573287192954625,-0.7175302185478719,-0.10822638853083964,0.1194337683823529,-0.1192250000000285
0.824484444844899,-0.5930999809721621,-0.3230840987411264,0.1360117095588235,-0.0313750000000254
2.0088622909305984,-0.9164650685768847,-1.2951418654827431,0.1506716360294117,-0.0272499999999809
-0.24940010005563254,-0.9160728943437463,-0.9718931534413113,0.1816716360294117,-0.0216874999999845
-0.07266164970136658,-0.14077276589622675,-0.8663426740782493,0.1927819301470588,0.0
0.854579240926965,-0.6005859669535857,-0.3169343381602023,0.2046610151143791,0.0321666666666828
0.8417651627479358,-0.732041495082753,-0.8583504322427374,0.2164684599673202,0.0100999999999658
0.2645619746398019,-0.27644514661677716,-0.1760792565492907,0.2469408864379085,-0.0097812500000031
-2.0371406400714593,-0.7851335436626123,-0.4533714675644634,0.2709858864379085,-0.075512500000002
-0.8846503463975396,-0.9572770658239882,-0.4428612145094501,0.2922303717320261,-0.0834874999999897
0.1054666872534554,-1.063841144093618,-0.3019158277825052,0.316182577614379,-0.1414687500000013
-1.5671665317044154,-1.1722632071278527,-0.17258864128740567,0.3497443423202614,-0.1063035714285547
-2.740706490971189,-1.1619759551322775,-0.6475401335185151,0.3867149305555555,-0.1005624999999668
-1.1001826186279409,-1.2245208436688169,-0.7783652827949773,0.3893289011437908,-0.1196124999999597
1.2397274510650695,-1.027037528424202,-0.898341224687571,0.3027458129084967,-0.1034687499999904
1.1293348481390157,-0.9749476351351912,-0.7662126575711238,0.2322134599673202,-0.0848374999999919
0.22140191438401968,-0.706533348311604,-0.6638378691280762,0.1941279820261437,0.0090999999999894
-0.5217232043967248,-0.5313952452192388,-0.18365235563039523,0.1735360702614379,0.0709218749999536
-0.6499557721267532,0.6084787952045946,0.39414679086963256,0.1566482540849673,0.0503571428571376
0.43970546108071235,0.7239281699000739,0.5289574048080976,0.1536556070261438,-0.0667374999999879
1.4066482448867361,0.013278828337054037,0.09023269987789477,0.1347953129084967,-0.105449999999962
-0.7677915266304491,0.18789501748538273,-0.06832689311149885,0.1159653496732026,-0.1495937500000081
-0.4691451123603405,0.4005882813537234,-0.008639231255848381,0.0859730294117646,0.0221875000000295
1.7013224942812095,0.30415520613720043,-0.693411061752436,0.0571355294117646,0.0102249999999912
0.2987051499507566,-0.005829727138815216,-0.8279467250744731,0.0116042794117646,0.0055781249999995
-0.6746040456131037,0.031639518661343256,-0.7390763089466109,-0.0289198802521008,-0.0182321428571299
1.5863809446496506,0.023092035217480187,-0.8615993212852047,-0.0616823802521008,-0.0153124999999931
0.5523918143701266,0.0467684521691808,-1.0244643955702517,-0.0774000273109243,0.0160250000000132
-1.1928604484126082,0.05077303897658944,-0.5637699769225897,-0.1093853214285714,-0.0618749999999863
0.806160278586075,0.04781658687885093,-0.4445107603200988,-0.1481647331932773,-0.0683374999999841
-0.03281220664811712,0.047837910842104626,-0.47323841431362845,-0.1858926743697479,-0.0739499999999679
0.18492048909757985,0.0511224632624871,0.40373505038096863,-0.2151665714285714,-0.0066406250000454
-1.0200774627290288,0.05124730929309635,-0.20490181212969413,-0.2098335882352941,-0.0296964285714125
-0.6371991777848628,0.05006054789610741,-0.35119869189371444,-0.2210541764705882,-0.0698624999999992
-1.298917159596886,0.04929671561524922,0.32462636271539047,-0.2555835882352941,-0.0329375000000027
0.7675592007315174,0.04989776568003486,0.2515674153148948,-0.3070995404411765,-0.0083593749999977
-0.3939847528443904,0.048860846182296885,0.13410386062835952,-0.3532465992647059,0.0911499999999705
-0.11533571166575143,0.04058563046258903,0.3111036382965258,-0.3699607169117648,0.067487500000027
0.1633358989747615,0.02082141287874373,0.1373055802543066,-0.3699634742647059,0.0450781250000318
-1.1912126485962582,0.09460880601433307,0.0765853367231509,-0.3899594826680672,0.0760357142857515
-0.5502391685593225,0.0945556690535862,0.19930557975536634,-0.4159197767857143,0.1136750000000006
-0.2997307463152068,0.04561350006069511,-0.4130755973044149,-0.4384447767857143,0.0582375000000183
0.9168877538269292,-0.07499328376593786,-0.6630927114861648,-0.4605419406512605,0.0274375000000191
0.8139636350069086,-0.3199249398207604,-0.8545996828797016,-0.5006264994747899,-0.0726000000000226
0.688559814174538,-0.6084792589052089,-1.731084595727689,-0.5452919406512604,-0.0776250000000118
-1.181276399403744,-0.868482709978471,-1.915027821807858,-0.5895961685924369,-0.1689687500000332
-2.709669579118648,-0.40304735805337766,-1.964078042152012,-0.6088986896008404,-0.0764464285714439
-1.217416076105976,-0.62413336012463,-1.660401704562816,-0.6508803072478991,-0.2014750000000162
-0.2803986139979922,-0.9725973217977647,-1.2992970649361701,-0.6937233219537815,-0.1538750000000277
-0.6521547490355428,-1.023121098000345,-1.011942893532673,-0.7646004227941177,-0.1098124999999754
-1.5825514945323866,-0.6296966344221435,-0.6027156469752001,-0.8166110437091504,-0.0817083333333243
-0.8224984703852809,-0.195381963766153,-0.6592493678583606,-0.8557764848856209,-0.0882750000000101
-1.0556239060003347,-0.6966602038421231,-0.559407094444473,-0.8708414139822596,-0.1015714285714466
-0.8957369822780687,-0.37497799461207665,-0.6355772553919735,-0.8989719286881419,-0.1039062500000227
1.0452850642383438,-0.28654846419921165,-0.41969181077899803,-0.953382811041083,-0.1010125000000243
-1.125900788416072,-0.11119151910545884,-0.57830901813333,-0.9942706786881416,-0.0879874999999401
-0.19529594934742125,0.1319733126277215,0.26156830025106265,-1.028808493814192,-0.0791785714285993
-0.5545992647740635,0.8968128688817124,0.36374194520542286,-1.040411434990663,0.06706250000002
-1.6557943800366333,0.9196527632040105,0.522018710077857,-1.0358496702847806,0.0590124999999943
-1.5133880963925146,0.10336132478015117,0.4290329008187705,-1.0156642711251167,0.0607321428570912
-0.8923457057665464,0.9792661087322032,0.34719265273460015,-0.9731150064192342,0.0727812499999913
0.37945446133435057,0.42550691856490225,-0.07077747191308294,-0.9202208887721756,0.1012875000000121
-0.18951444270604556,-0.3390368987329663,-0.0916443162782823,-0.8427916608309991,0.0689749999999662
-0.541079571017111,-0.9445112817178015,0.10638380823879148,-0.7780122501167134,0.1602321428571258
0.933185535178896,-1.5042086355321076,-0.18319314919050916,-0.6828100442343604,0.0625125000000252
-0.21012930621378473,-1.715342096357329,-0.3847708803121608,-0.5983953383520074,-0.0329499999999711
0.04181362368772376,-1.4000774272240688,-0.8111569177172306,-0.531858573646125,-0.1283392857142757
0.8866550205059093,-0.9940468275140403,-0.7093337501748188,-0.4730823277310923,-0.077968750000025
0.16687082193399033,-0.6295499443739746,-1.3156616262751213,-0.4016551218487394,-0.040937499999984
-0.9075652763719331,-0.2569414910377885,-1.2717559658145865,-0.3545761302521009,-0.0538999999999987
-0.4535519034031646,0.01961253239055026,-1.4479635123815477,-0.3304256575630251,-0.1043571428571681
0.8031670466339048,0.06450171653368407,-1.4867722488987303,-0.3225925693277311,-0.132562499999949
0.7260697827098433,0.04686805128702621,-1.3854512821138192,-0.3203727163865546,-0.0712250000000267
0.9197832475066825,0.0515296812526074,-0.9568804029922644,-0.3152781785714286,0.0130892857142725
0.39256039506654555,0.04930544146406884,-0.6806629139476995,-0.3330870021008403,0.0438750000000141
1.6132811504738287,0.047085826047472586,-0.5528004559120103,-0.3599105315126051,0.0164125000000012
1.4145786946178613,0.04823948916033094,-0.3589836686027217,-0.3939599012605042,-0.0700749999999743
-0.2579353722202778,0.05206306133864549,-0.5567476654242841,-0.4225864768907563,-0.0726964285714188
-1.4572058374838364,0.053024381257242396,-0.7027051546315634,-0.4659688298319328,-0.1069875000000024
-0.9071159730171963,0.05340026879146935,0.04178074459754331,-0.4710864768907563,-0.0440624999999954
-1.343389100821127,0.06482995176976515,0.5626495618582101,-0.4653721901260504,0.0651607142857528
0.5411678029069756,0.06124807836746327,0.36041509308864805,-0.4799774290966386,-0.1056093749999718
0.3323657884597405,0.05024051379787549,0.8803443996157495,-0.5011759585084035,-0.0861000000000444
0.7656293674934661,0.04271447456477829,1.0208671217565801,-0.4760812526260504,0.0561124999999833
0.7426746801303196,0.010415751584543605,0.4525866385903938,-0.4438899448529412,0.0457857142857278
0.27913685385780435,0.017655699563010194,0.6994812906573165,-0.426144356617647,0.0950500000000147
0.645224485473351,0.017182064162129414,0.8460212144530735,-0.4047840625,0.030862500000012
0.9887245979436118,-0.05262183272561724,0.4152426664761296,-0.3674437263655463,-0.0342142857142562
1.1609944788763578,-0.07918441384522999,-0.032022332809311105,-0.2979716675420168,0.0413125000000036
-0.4698498240194281,-0.3203989898528695,-0.8984711616320635,-0.2334062263655462,-0.0667250000000194
0.9043178384963024,-0.5651158002808851,-1.226145178189579,-0.1719904700630252,-0.0681250000000091
1.0661322733189327,-0.5515385889134661,-1.1590659964912997,-0.0854988734243697,0.0318035714286111
1.3086277144473284,-1.4443406869553732,-1.9025463994298488,-0.0285319616596638,-0.1749750000000176
1.0124475577461356,-1.254940863266289,-0.2898684546422254,0.0470900971638655,0.1081250000000295
0.9408227927908851,-1.2011386752548143,0.04729864831459487,0.1012497610294118,-0.0221249999999599
0.47340647913672973,-1.4832881270352223,-0.03835351887626925,0.1748232904411765,-0.1099375000000009
0.9383614192795136,-1.6892814303977934,0.07747415017057793,0.2040626695261438,-0.0964583333333166
2.178297283709198,-1.8429837025973208,0.5776069563621216,0.2145222283496732,-0.1432750000000169
2.3047100603876913,-1.6913336688436909,-0.6876616764420522,0.2456587173202615,-0.1497812500000463
0.25116170544177063,-1.7320187269660439,-0.012824722492443678,0.2833793055555555,-0.0846374999999852
0.9000052515843447,-1.8485306088749256,-0.0533870892539463,0.2931669526143791,-0.0896124999999301
1.2029604001331824,-1.6938075666985888,-0.1484483336773452,0.2840519316059757,-0.1667187500000295
1.851617895045105,-1.2162456152013923,-0.15292410040775833,0.2745666374883286,-0.1515535714285647
1.4895571732146864,-0.5127423234431518,0.2888381237518462,0.2643931080765639,-0.1531875000000013
1.7135077233735894,0.18512517322690678,-0.07479474815492403,0.2583784021942111,-0.1599874999999997
0.9733343560317627,0.5288819930692771,-0.0774234816327309,0.2421063433706816,-0.1490937499999631
-1.462121535385477,0.4230830310270879,0.07594001030798615,0.223343108076564,-0.1967124999999896
-0.432707868826067,0.6918789298456365,0.13811066246015286,0.1956195786647992,-0.2062750000000051
1.1480126005481333,0.5689663928675912,-0.5191729873776828,0.1426206290849673,-0.1780781250000132
2.713612601056421,0.28217005842678033,-0.9106174340271112,0.1003217908496732,-0.200017857142825
2.7162414294803634,-1.1051261468659457,-1.0506429984572432,0.0335085555555555,-0.282237499999951
0.23715473457552763,-1.4920210377822924,-1.105134893596361,-0.0328149738562091,-0.294825000000003
1.2830250230820959,-1.0011205125568217,-1.279595276714235,-0.1203581723856209,-0.2870937499999968
0.36883650733618123,-0.5222702944008961,-1.0065779728316495,-0.196306375,-0.24706249999997
0.3916948059167854,-0.18786122579429312,0.21601248148110147,-0.2560997573529411,-0.1650250000000142
-0.7359802317239628,0.27469254811992244,0.8046161738834762,-0.2720721838235294,0.0010781250000491
0.8018919178342387,0.03624624547308831,1.0038626592622248,-0.2748757552521008,0.04589285714286
-0.11351071992303921,0.02395153542214572,1.7598644682748945,-0.2619764905462184,0.1635625000000118
-1.2188257290889093,0.047978021691527234,1.8898235412082116,-0.2443853140756302,0.068649999999991
-0.9202690013667574,0.051280950228692876,1.2862001427678302,-0.2187970787815125,0.0349999999999681
-0.3746688847152909,0.0548470446938188,0.7691260735798824,-0.1826500199579832,-0.0258375000000228
0.7280774109120938,0.047837910842104626,0.5096652577029065,-0.1539073728991596,-0.0781999999999811
0.0763174111658244,0.0511224632624871,-0.2931647147295561,-0.147960681722689,-0.0661406250000595
-0.644740851757999,0.05482149367743284,0.1528647962694096,-0.1482894632352941,-0.1063214285713911
-0.3037287409928453,0.05198847868768187,-0.258755644239907,-0.1456865220588235,-0.0146124999999983
-1.7029885298961764,0.06054783430682197,0.4749761297022223,-0.1203629926470588,0.1889375000000086
0.17207967256150267,0.05009396505711938,0.5910174849359002,-0.0492318933823529,0.0973906250000027
-0.7669253334649525,0.05317446919972506,0.5910075272150888,0.0236651654411764,0.0045249999999441
0.6492695708940934,0.040472607009364614,0.15988458367253594,0.0937157536764706,-0.0086375000000202
-0.7068580097869378,0.0328301573463753,0.6833514384430647,0.1680512316176471,0.0417031250000263
-0.5413775396213315,0.14380829570949613,0.07683407444697617,0.2361434585084033,0.1687857142857183
0.2524370032069799,0.017535367317847758,-0.2774967306569665,0.2817272820378151,0.0689250000000356
-0.6112091413472927,0.02027541903149519,-0.11216935176575513,0.2718493408613445,0.0317374999999628
-1.2245736650604133,-0.061063177268794296,-0.6117341270908964,0.2507815887605042,0.0040625000000318
0.053311309206068774,-0.30387066078525793,-1.5468824997926265,0.2029764417016806,-0.0751000000000203
-0.3881269283765401,-0.5210067050498375,-1.4313611601017235,0.1561051181722688,-0.1017499999999813
-1.5189123347757534,-0.734804269127828,-1.4593908244984082,0.0838597137605042,-0.2002187500000332
0.026142544007007572,0.26311851701689465,-0.684422633959123,0.0354395456932773,0.0681785714285752
0.38783319578102143,0.12636555490441326,-0.6645904434731807,-0.0304391307773109,-0.1406000000000062
0.04384283147369991,0.5644232839157982,-0.1178527263604023,-0.0810027337184873,-0.1568750000000136
-0.418408399262319,-0.062284154957251946,-0.24765854573222187,-0.127247481617647,-0.1759375000000318
0.07596372616247246,-0.30959189016998584,-0.15814902534050873,-0.1747728084150326,-0.1775833333333594
-0.16405383434865942,-0.5378673048537539,-0.5865152363868841,-0.2473206025326797,-0.1727750000000014
0.38388542979081086,-0.4539745385992028,0.5089960108735226,-0.330473766923436,-0.0081964285714093
1.0950263477436808,0.3855339937382362,0.5117717136805827,-0.401692516923436,0.2240937499999518
2.4273626785966735,-0.558360757488152,0.45741299934118873,-0.4652210463352008,0.1741124999999783
0.30491425927849464,-0.4038938984877491,0.8103986659142122,-0.5127265610410832,0.0862625000000321
0.5649432403528123,-0.5305053254464003,0.4507715772780164,-0.5635879055788982,-0.0516785714285674
1.1435987750931156,-0.5683856105254459,-0.4894533764455836,-0.596367317343604,-0.1016874999999686
1.9474166279198597,-0.6799902912841104,-0.6438093143671594,-0.6138643761671335,-0.1316124999999601
-0.48910321084492636,-1.215719053629038,-0.13764527898249432,-0.6115466240662932,-0.1240178571429169
0.07179150044370623,-0.4333625908874868,-0.3089373376027465,-0.5775267711251167,0.0359062500000391
-1.7530361322030754,-0.5495142283393248,-0.09371379419902894,-0.5290444181839403,0.0324125000000208
0.2943932327331751,-0.2017855114487932,0.030235603987091554,-0.4643357784780578,-0.0097749999999905
-1.2307404230696892,0.3936956502761428,0.46255126410234265,-0.4352181324696545,0.065357142857124
-1.4696297792298179,0.8570226164586559,0.7007519335618493,-0.3588394559990663,0.3476375000000189
-0.21781497269997732,1.389070415734354,0.3839936716391268,-0.2733218089402427,0.2314250000000015
0.182794351997627,1.7286880771405633,-0.26452774916185284,-0.1933291618814192,-0.0135892857142607
0.5697595989905965,1.0295033470087065,-0.4171310461466349,-0.1107293865546218,-0.0478437500000268
-0.8803577982867744,0.5156785762207109,0.12813491371698985,-0.0095962983193277,0.3579375000000482
0.13178611571110152,0.02795517840628483,-0.03928586055252463,0.0822621050420168,0.0453499999999849
-0.4899456697376013,0.13858539718494722,0.4939360957860696,0.1593537542016806,-0.0319821428571458
-1.7919619553680453,0.049931497669793524,1.3770782016043877,0.2281427247899159,0.0715625000000272
-0.1294181483828243,0.060211483759459575,1.544930139788309,0.2995537542016807,0.105525
0.929840750970509,0.0515296812526074,0.8593448310625476,0.3689129978991597,0.0378392857142557
-0.27106862169215584,0.04930544146406884,0.7554792236012728,0.4166924096638655,0.2090000000000031
-0.8279865387502277,0.0540770028120339,1.1382285990075218,0.4645012331932773,0.4436624999999594
-0.5159911583858944,0.04806234345986026,0.6933861364913145,0.4862606869747899,0.1869250000000306
0.6095242356016742,0.050402548529029347,0.6321684850025101,0.5013841113445379,0.0605535714285565
0.5040137553696358,0.04759941813176299,0.4321304883716309,0.4960899936974789,0.0010125000000016
-0.8710549922890407,0.04897766658949188,0.4359946896234969,0.4852370525210084,-0.0136875000000031
-0.14255739550688704,0.04722194837906016,-0.5128955079414961,0.4724219275210084,-0.0452142857142803
0.4240242637906649,0.049858649299287856,0.004051325539911035,0.4337725709033613,-0.1032343749999995
0.38130489136618406,0.05291475084773336,0.5592948798611134,0.461471100315126,-0.0363500000000271
-1.0256510381327117,0.06296417065061335,0.985197039281838,0.4825952179621848,0.0807374999999979
-1.1747878348305456,0.010449981557482866,0.32146565334030414,0.4928747610294118,0.0531607142857524
-0.9491028103401135,0.05071627458073584,0.6048087563167548,0.4781203492647058,-0.0243249999999761
0.9656071641591002,0.021458976058701548,0.0848439172268969,0.4499953492647058,-0.1003875000000107
1.1863572101439308,-0.07061319934798611,-0.5335281106038506,0.4108650971638655,-0.1834642857142512
0.295306607197227,0.028249568833400508,0.07750210138522719,0.3951900971638655,-0.0731875000000172
0.015136506459196565,0.28593316134758456,1.472741117276048,0.409755538340336,0.2269000000000005
0.2916278634775287,0.04231528967566483,1.5104169964136431,0.4153624711134454,0.2073750000000132
-0.04106785745633343,0.026078417945044872,1.8349316263174986,0.4342805383403361,0.1468035714285633
-1.5243588205492684,-0.38596871674984995,2.1512383847128023,0.4249239206932773,-0.0363500000000271
-0.6277609941347555,0.22756741441650022,1.1709766835376931,0.4298106853991597,0.1002499999999599
0.22804698453802769,0.8482151952897126,1.1104636158204324,0.4086027022058823,0.2542500000000132
1.7162440519161308,1.2833873869243049,1.150319810205035,0.417176231617647,0.342937500000005
-0.8189699785143814,1.0725712931325395,0.8184037754276092,0.4400185518790849,0.2644166666666478
-1.0284736053989776,0.8455168043864263,0.4793944907304771,0.4743016401143791,0.129099999999994
-0.11851629878303978,1.017519173417721,0.3975991453598656,0.5266145996732027,0.0788437499999759
0.08521812964698507,0.8406015071318914,-0.3218289921634769,0.4979381290849673,0.1201125000000047
-0.8235910978063218,0.9124116791202159,-0.2865088361467819,0.4915493055555555,0.1645125000000575
0.4671957731003057,0.7258337417931195,0.6184724273294147,0.4820666374883287,0.4142812499999877
-0.704228340394542,-0.19270564581184688,0.8982669410838038,0.491478402194211,0.3165714285714216
0.2339504593267916,-1.047187907411237,1.0323724250498165,0.5087313433706816,0.1596875000000182
0.4771843332070713,-1.6566946733145769,1.199077926363769,0.5413195786647992,0.1271375000000034
-0.490811810326314,-1.615017261504654,1.1868371886337459,0.5551210492530345,0.1367812500000127
-0.2942105357972425,-2.0622482027141893,0.30202793420204616,0.522828402194211,0.0881625000000099
-0.6736015123385928,-1.9046085490944278,0.8175098638671586,0.4928254610177404,0.070099999999968
1.013098682773377,-1.9907821912755055,0.6474633859052541,0.4700470996732026,0.0551718749999849
1.0981325411282645,-1.7028912235450866,0.3015156704048458,0.4574541364379085,0.0096071428571349
-0.02901786049175345,-1.4641139681139577,0.3754223629929297,0.4424791364379085,-0.0244874999999638
-0.9840654890056738,-0.5302521330368296,1.543771332811893,0.4779938423202614,0.2949249999999779
0.30030007693395905,0.3067465733878875,0.7541703148864983,0.4653035849673201,0.1341562499999895
0.37410808752672825,-0.20240827144343598,0.5686238116986966,0.4389877352941176,0.0246875000000272
2.0203858197258358,-0.22256284246922597,0.17652585896370906,0.4067678823529411,0.0592249999999694
-0.042958897485697,-0.08637432171015128,-0.3482356672292111,0.3608689852941176,0.04395312500003
-0.6125964832132194,0.12261027038037692,-0.7750132120169767,0.347109531512605,0.0518928571428887
0.6677679962269404,0.02604418237749714,-0.7383539970302939,0.3290529138655462,0.0361875000000395
-1.393253702855864,0.051569347903189004,-0.31491437799583105,0.3275264432773109,-0.0296000000000162
0.6113636914009775,0.04930544146406884,-0.10719133219774853,0.3269382079831932,-0.1536249999999768
-0.4659772264435153,0.0473956673222131,0.0618083630803532,0.325511737394958,-0.1277125000000296
-0.2334450653115609,0.05792049736250304,0.32645994246219084,0.3337396785714285,0.167425000000037
0.10787945119894975,0.05121326948345301,0.3948717696919479,0.3417451932773109,0.1747343749999572
-0.012975988177743364,0.050402548529029347,0.3018824494276944,0.3630340588235294,0.1424285714285815
0.34384990518364694,0.04759941813176299,0.5067855317977223,0.3855634705882353,0.179262499999993
1.542960837483699,0.04774376325782816,0.33179839292078983,0.3900046470588235,0.0400625000000332
0.9985750902614307,0.049858649299287856,-0.7710047284011367,0.3947386948529412,-0.0327343749999613
0.4943054705062952,0.05004723226674217,-0.8215954965743953,0.3918269301470588,-0.0819750000000567
0.4834651704324178,0.04482973656178812,-0.8861991805281292,0.3398922242647059,-0.1408875000000193
0.7180533612475357,0.031744553817572435,-0.781802991387731,0.3448159375,-0.052171874999999
1.3220539362315857,0.001093402908131446,-0.6840655312099607,0.3554081643907563,-0.127464285714268
1.0587713191822847,0.015105458576574093,-0.3538070561984696,0.3583449290966387,-0.1738249999999652
-1.2169256633302412,0.05033003682942214,-0.16055314813449825,0.3597905173319328,-0.1981375000000298
-0.9523674846296147,0.11017513229339801,-0.1796438356409704,0.3284286475840336,-0.2179374999999481
0.7498402940429162,-0.24957676303069276,-0.7156018897066734,0.2890793828781512,-0.2877250000000231
-0.8878884423351302,-0.3797770513817507,-0.36465336151710387,0.247575706407563,-0.2419999999999618
1.266425446302835,-0.7303308052347316,-0.7949687943781281,0.187903831407563,-0.3010937500000068
1.423524780130891,-0.5878911485561308,-1.0233971360682206,0.1427924868697478,-0.2163214285714048
0.06561289698214108,-0.559668430246674,-0.1548756807759445,0.0825020456932773,-0.0813499999999862
0.88045267712802,-0.7349379205604953,0.08344949667236091,0.0585560898109243,0.0706250000000068
-2.4482151325567267,-0.7444529702995966,0.0013752771175690368,0.0253260477941176,0.0286874999999895
0.07092011294127856,0.24486413151373013,0.5180630841813819,-0.0265048345588235,0.1692500000000336
